{
"type": "FeatureCollection",
"name": "igniciones",
"crs": { "type": "name", "properties": { "name": "urn:ogc:def:crs:OGC:1.3:CRS84" } },
"xy_coordinate_resolution": 0.0001,
"features": [
{ "type": "Feature", "properties": { "nombre": "ANATILDE L-B SANTA", "comuna": "Loncoche", "combustible": "Matorral", "causa": "Accidentes eléctricos" }, "geometry": { "type": "Point", "coordinates": [ -72.4148, -39.4403 ] } },
{ "type": "Feature", "properties": { "nombre": "ELOCOYAN", "comuna": "Loncoche", "combustible": "Plantacion eucaliptus", "causa": "Tránsito de personas vehículos o aeronaves" }, "geometry": { "type": "Point", "coordinates": [ -72.6272, -39.3561 ] } },
{ "type": "Feature", "properties": { "nombre": "SAN ANTONIO DE ELOCOYAN", "comuna": "Loncoche", "combustible": "Matorral", "causa": "Incendios intencionales" }, "geometry": { "type": "Point", "coordinates": [ -72.6397, -39.3469 ] } },
{ "type": "Feature", "properties": { "nombre": "SAN ANTONIO DE ELOCOYAN", "comuna": "Loncoche", "combustible": "Matorral", "causa": "Incendios intencionales" }, "geometry": { "type": "Point", "coordinates": [ -72.64, -39.3469 ] } },
{ "type": "Feature", "properties": { "nombre": "EL LIUCO", "comuna": "Gorbea", "combustible": "Desechos", "causa": "Accidentes eléctricos" }, "geometry": { "type": "Point", "coordinates": [ -72.5425, -39.2233 ] } },
{ "type": "Feature", "properties": { "nombre": "LOS LAURELES", "comuna": "Freire", "combustible": "Desechos", "causa": "Faenas forestales" }, "geometry": { "type": "Point", "coordinates": [ -72.42, -38.9617 ] } },
{ "type": "Feature", "properties": { "nombre": "PUENTE MOMBERG", "comuna": "Padre Las Casas", "combustible": "Desechos", "causa": "Incendios intencionales" }, "geometry": { "type": "Point", "coordinates": [ -72.5136, -38.8389 ] } },
{ "type": "Feature", "properties": { "nombre": "PUENTE QUEPE", "comuna": "Padre Las Casas", "combustible": "Plantacion eucaliptus", "causa": "Incendios de causa desconocida" }, "geometry": { "type": "Point", "coordinates": [ -72.4919, -38.8364 ] } },
{ "type": "Feature", "properties": { "nombre": "ROBLE HUACHO", "comuna": "Padre Las Casas", "combustible": "Desechos", "causa": "Tránsito de personas vehículos o aeronaves" }, "geometry": { "type": "Point", "coordinates": [ -72.5333, -38.8347 ] } },
{ "type": "Feature", "properties": { "nombre": "ROBLE HUACHO (CORR 76) DENTRO", "comuna": "Padre Las Casas", "combustible": "Plantacion pino", "causa": "Incendios intencionales" }, "geometry": { "type": "Point", "coordinates": [ -72.5017, -38.8183 ] } },
{ "type": "Feature", "properties": { "nombre": "FAJA 26000 RUTA S-51.", "comuna": "Vilcún", "combustible": "Desechos", "causa": "Faenas agrícolas y pecuarias" }, "geometry": { "type": "Point", "coordinates": [ -72.3936, -38.8 ] } },
{ "type": "Feature", "properties": { "nombre": "CASA TEJAS", "comuna": "Padre Las Casas", "combustible": "Matorral", "causa": "Tránsito de personas vehículos o aeronaves" }, "geometry": { "type": "Point", "coordinates": [ -72.5744, -38.7964 ] } },
{ "type": "Feature", "properties": { "nombre": "PILPILCO MAQUEHUE", "comuna": "Padre Las Casas", "combustible": "Matorral", "causa": "Tránsito de personas vehículos o aeronaves" }, "geometry": { "type": "Point", "coordinates": [ -72.65, -38.7883 ] } },
{ "type": "Feature", "properties": { "nombre": "CONUNHUENU 2", "comuna": "Padre Las Casas", "combustible": "Matorral", "causa": "Actividades recreativas" }, "geometry": { "type": "Point", "coordinates": [ -72.5572, -38.7656 ] } },
{ "type": "Feature", "properties": { "nombre": "BY PASS", "comuna": "Padre Las Casas", "combustible": "Matorral", "causa": "Faenas forestales" }, "geometry": { "type": "Point", "coordinates": [ -72.5336, -38.7639 ] } },
{ "type": "Feature", "properties": { "nombre": "LLAHUALLIN", "comuna": "Padre Las Casas", "combustible": "Matorral", "causa": "Tránsito de personas vehículos o aeronaves" }, "geometry": { "type": "Point", "coordinates": [ -72.5625, -38.7642 ] } },
{ "type": "Feature", "properties": { "nombre": "AMANECER", "comuna": "Temuco", "combustible": "Basural", "causa": "Quema de desechos" }, "geometry": { "type": "Point", "coordinates": [ -72.6456, -38.7631 ] } },
{ "type": "Feature", "properties": { "nombre": "LLAHUALLIN", "comuna": "Padre Las Casas", "combustible": "Matorral", "causa": "Tránsito de personas vehículos o aeronaves" }, "geometry": { "type": "Point", "coordinates": [ -72.585, -38.7606 ] } },
{ "type": "Feature", "properties": { "nombre": "CONUNHUENU", "comuna": "Padre Las Casas", "combustible": "Matorral", "causa": "Tránsito de personas vehículos o aeronaves" }, "geometry": { "type": "Point", "coordinates": [ -72.5767, -38.76 ] } },
{ "type": "Feature", "properties": { "nombre": "MAQUEHUE", "comuna": "Temuco", "combustible": "Pastizal", "causa": "Tránsito de personas vehículos o aeronaves" }, "geometry": { "type": "Point", "coordinates": [ -72.6653, -38.7617 ] } },
{ "type": "Feature", "properties": { "nombre": "CONUNHUENU", "comuna": "Padre Las Casas", "combustible": "Matorral", "causa": "Tránsito de personas vehículos o aeronaves" }, "geometry": { "type": "Point", "coordinates": [ -72.585, -38.7569 ] } },
{ "type": "Feature", "properties": { "nombre": "CONUNHUENU 3", "comuna": "Padre Las Casas", "combustible": "Matorral", "causa": "Tránsito de personas vehículos o aeronaves" }, "geometry": { "type": "Point", "coordinates": [ -72.5828, -38.7531 ] } },
{ "type": "Feature", "properties": { "nombre": "LAS CANOAS", "comuna": "Padre Las Casas", "combustible": "Matorral", "causa": "Tránsito de personas vehículos o aeronaves" }, "geometry": { "type": "Point", "coordinates": [ -72.5706, -38.7492 ] } },
{ "type": "Feature", "properties": { "nombre": "TRUF TRUF", "comuna": "Padre Las Casas", "combustible": "Pastizal", "causa": "Otras actividades" }, "geometry": { "type": "Point", "coordinates": [ -72.5508, -38.7419 ] } },
{ "type": "Feature", "properties": { "nombre": "TRES CERROS", "comuna": "Padre Las Casas", "combustible": "Matorral", "causa": "Faenas agrícolas y pecuarias" }, "geometry": { "type": "Point", "coordinates": [ -72.4692, -38.7322 ] } },
{ "type": "Feature", "properties": { "nombre": "MONUMENTO NATURAL CERRO ÑIELOL", "comuna": "Temuco", "combustible": "Matorral", "causa": "Incendios intencionales" }, "geometry": { "type": "Point", "coordinates": [ -72.5947, -38.7289 ] } },
{ "type": "Feature", "properties": { "nombre": "MONUMENTO NATURAL CERRO ÑIELOL", "comuna": "Temuco", "combustible": "Otros", "causa": "Incendios intencionales" }, "geometry": { "type": "Point", "coordinates": [ -72.5922, -38.7269 ] } },
{ "type": "Feature", "properties": { "nombre": "MONUMENTO NATURAL CERRO ÑIELOL", "comuna": "Temuco", "combustible": "Matorral", "causa": "Incendios intencionales" }, "geometry": { "type": "Point", "coordinates": [ -72.5844, -38.7267 ] } },
{ "type": "Feature", "properties": { "nombre": "MONUMENTO NATURAL CERRO ÑIELOL", "comuna": "Temuco", "combustible": "Matorral", "causa": "Incendios intencionales" }, "geometry": { "type": "Point", "coordinates": [ -72.59, -38.7258 ] } },
{ "type": "Feature", "properties": { "nombre": "VEGAS DE CHIVILCAN", "comuna": "Temuco", "combustible": "Pastizal", "causa": "Tránsito de personas vehículos o aeronaves" }, "geometry": { "type": "Point", "coordinates": [ -72.6036, -38.7256 ] } },
{ "type": "Feature", "properties": { "nombre": "VEGAS DE CHIVILCAN", "comuna": "Temuco", "combustible": "Pastizal", "causa": "Actividades recreativas" }, "geometry": { "type": "Point", "coordinates": [ -72.6036, -38.7239 ] } },
{ "type": "Feature", "properties": { "nombre": "MONUMENTO NATURAL CERRO ÑIELOL", "comuna": "Temuco", "combustible": "Matorral", "causa": "Incendios intencionales" }, "geometry": { "type": "Point", "coordinates": [ -72.5922, -38.7219 ] } },
{ "type": "Feature", "properties": { "nombre": "CHIVILCAN", "comuna": "Temuco", "combustible": "Matorral", "causa": "Tránsito de personas vehículos o aeronaves" }, "geometry": { "type": "Point", "coordinates": [ -72.6069, -38.7194 ] } },
{ "type": "Feature", "properties": { "nombre": "MONTEVERDE", "comuna": "Temuco", "combustible": "Pastizal", "causa": "Actividades recreativas" }, "geometry": { "type": "Point", "coordinates": [ -72.6058, -38.7189 ] } },
{ "type": "Feature", "properties": { "nombre": "NANCAHUE", "comuna": "Loncoche", "combustible": "Desechos", "causa": "Faenas agrícolas y pecuarias" }, "geometry": { "type": "Point", "coordinates": [ -72.4941, -39.2733 ] } },
{ "type": "Feature", "properties": { "nombre": "FUNDO CAMPAMENTO", "comuna": "Freire", "combustible": "Matorral", "causa": "Faenas agrícolas y pecuarias" }, "geometry": { "type": "Point", "coordinates": [ -72.5542, -38.9169 ] } },
{ "type": "Feature", "properties": { "nombre": "LAS CANOAS", "comuna": "Padre Las Casas", "combustible": "Desechos", "causa": "Quema de desechos" }, "geometry": { "type": "Point", "coordinates": [ -72.5742, -38.7472 ] } },
{ "type": "Feature", "properties": { "nombre": "LICANCO CHICO", "comuna": "Padre Las Casas", "combustible": "Desechos", "causa": "Faenas agrícolas y pecuarias" }, "geometry": { "type": "Point", "coordinates": [ -72.6261, -38.7783 ] } },
{ "type": "Feature", "properties": { "nombre": "PILPILCO", "comuna": "Padre Las Casas", "combustible": "Desechos", "causa": "Faenas agrícolas y pecuarias" }, "geometry": { "type": "Point", "coordinates": [ -72.6436, -38.7819 ] } },
{ "type": "Feature", "properties": { "nombre": "NIAGARA", "comuna": "Padre Las Casas", "combustible": "Matorral", "causa": "Tránsito de personas vehículos o aeronaves" }, "geometry": { "type": "Point", "coordinates": [ -72.55, -38.755 ] } },
{ "type": "Feature", "properties": { "nombre": "LICANCO GRANDE", "comuna": "Padre Las Casas", "combustible": "Matorral", "causa": "Tránsito de personas vehículos o aeronaves" }, "geometry": { "type": "Point", "coordinates": [ -72.6314, -38.8164 ] } },
{ "type": "Feature", "properties": { "nombre": "NUEVA FRANCIA", "comuna": "Ercilla", "combustible": "Matorral", "causa": "Incendios intencionales" }, "geometry": { "type": "Point", "coordinates": [ -72.26, -38.0864 ] } },
{ "type": "Feature", "properties": { "nombre": "NUEVA FRANCIA", "comuna": "Ercilla", "combustible": "Pastizal", "causa": "Incendios intencionales" }, "geometry": { "type": "Point", "coordinates": [ -72.26, -38.0864 ] } },
{ "type": "Feature", "properties": { "nombre": "SANTA CATALINA", "comuna": "Collipulli", "combustible": "Matorral", "causa": "Incendios de causa desconocida" }, "geometry": { "type": "Point", "coordinates": [ -72.2936, -38.0333 ] } },
{ "type": "Feature", "properties": { "nombre": "RUCANANCO", "comuna": "Collipulli", "combustible": "Matorral", "causa": "Incendios intencionales" }, "geometry": { "type": "Point", "coordinates": [ -72.255, -37.9603 ] } },
{ "type": "Feature", "properties": { "nombre": "RUCANANCO", "comuna": "Collipulli", "combustible": "Plantacion pino", "causa": "Incendios intencionales" }, "geometry": { "type": "Point", "coordinates": [ -72.2514, -37.9461 ] } },
{ "type": "Feature", "properties": { "nombre": "RUCANANCO", "comuna": "Collipulli", "combustible": "Desechos", "causa": "Incendios intencionales" }, "geometry": { "type": "Point", "coordinates": [ -72.2814, -37.9286 ] } },
{ "type": "Feature", "properties": { "nombre": "RUCANANCO", "comuna": "Collipulli", "combustible": "Desechos", "causa": "Incendios intencionales" }, "geometry": { "type": "Point", "coordinates": [ -72.2822, -37.9278 ] } },
{ "type": "Feature", "properties": { "nombre": "RUCANANCO", "comuna": "Collipulli", "combustible": "Desechos", "causa": "Faenas forestales" }, "geometry": { "type": "Point", "coordinates": [ -72.2814, -37.9261 ] } },
{ "type": "Feature", "properties": { "nombre": "RUCANANCO", "comuna": "Collipulli", "combustible": "Desechos", "causa": "Incendios intencionales" }, "geometry": { "type": "Point", "coordinates": [ -72.2853, -37.9231 ] } },
{ "type": "Feature", "properties": { "nombre": "RUCANANCO", "comuna": "Collipulli", "combustible": "Desechos", "causa": "Incendios intencionales" }, "geometry": { "type": "Point", "coordinates": [ -72.2853, -37.9228 ] } },
{ "type": "Feature", "properties": { "nombre": "RUCANANCO", "comuna": "Collipulli", "combustible": "Desechos", "causa": "Incendios intencionales" }, "geometry": { "type": "Point", "coordinates": [ -72.2861, -37.9219 ] } },
{ "type": "Feature", "properties": { "nombre": "NUEVA ESCOCIA", "comuna": "Ercilla", "combustible": "Cultivo agrícola", "causa": "Faenas agrícolas y pecuarias" }, "geometry": { "type": "Point", "coordinates": [ -72.3033, -38.0914 ] } },
{ "type": "Feature", "properties": { "nombre": "TODOS LOS SANTOS", "comuna": "Villarrica", "combustible": "Basural", "causa": "Quema de desechos" }, "geometry": { "type": "Point", "coordinates": [ -72.2422, -39.2964 ] } },
{ "type": "Feature", "properties": { "nombre": "TROMEN", "comuna": "Villarrica", "combustible": "Pastizal", "causa": "Tránsito de personas vehículos o aeronaves" }, "geometry": { "type": "Point", "coordinates": [ -72.2192, -39.2939 ] } },
{ "type": "Feature", "properties": { "nombre": "FUNDO LAGUNA NEGRA", "comuna": "Cunco", "combustible": "Desechos", "causa": "Tránsito de personas vehículos o aeronaves" }, "geometry": { "type": "Point", "coordinates": [ -72.1322, -39.0239 ] } },
{ "type": "Feature", "properties": { "nombre": "COMUNIDAD COLIHUINCA TORI", "comuna": "Collipulli", "combustible": "Matorral", "causa": "Quema de desechos" }, "geometry": { "type": "Point", "coordinates": [ -72.2558, -37.9236 ] } },
{ "type": "Feature", "properties": { "nombre": "EL CATORCE", "comuna": "Collipulli", "combustible": "Desechos", "causa": "Actividades extinción incendios forestales incendios estructurales u otros" }, "geometry": { "type": "Point", "coordinates": [ -72.1758, -38.0861 ] } },
{ "type": "Feature", "properties": { "nombre": "RUCAÑANCO", "comuna": "Collipulli", "combustible": "Plantacion eucaliptus", "causa": "Tránsito de personas vehículos o aeronaves" }, "geometry": { "type": "Point", "coordinates": [ -72.2719, -37.9247 ] } },
{ "type": "Feature", "properties": { "nombre": "SANTA VICTORIA", "comuna": "Collipulli", "combustible": "Matorral", "causa": "Faenas forestales" }, "geometry": { "type": "Point", "coordinates": [ -72.2381, -37.8939 ] } },
{ "type": "Feature", "properties": { "nombre": "HUAPITRIO", "comuna": "Collipulli", "combustible": "Matorral", "causa": "Tránsito de personas vehículos o aeronaves" }, "geometry": { "type": "Point", "coordinates": [ -72.2406, -37.9122 ] } },
{ "type": "Feature", "properties": { "nombre": "CANADA", "comuna": "Collipulli", "combustible": "Cultivo agrícola", "causa": "Faenas agrícolas y pecuarias" }, "geometry": { "type": "Point", "coordinates": [ -72.1964, -38.0686 ] } },
{ "type": "Feature", "properties": { "nombre": "MAICA", "comuna": "Collipulli", "combustible": "Desechos", "causa": "Faenas agrícolas y pecuarias" }, "geometry": { "type": "Point", "coordinates": [ -72.2194, -37.9078 ] } },
{ "type": "Feature", "properties": { "nombre": "LAS MAICAS", "comuna": "Collipulli", "combustible": "Pastizal", "causa": "Tránsito de personas vehículos o aeronaves" }, "geometry": { "type": "Point", "coordinates": [ -72.2494, -37.9081 ] } },
{ "type": "Feature", "properties": { "nombre": "SURCO Y SEMILLA", "comuna": "Collipulli", "combustible": "Pastizal", "causa": "Tránsito de personas vehículos o aeronaves" }, "geometry": { "type": "Point", "coordinates": [ -72.2764, -38.0406 ] } },
{ "type": "Feature", "properties": { "nombre": "GRANEROS", "comuna": "Victoria", "combustible": "Desechos", "causa": "Incendios intencionales" }, "geometry": { "type": "Point", "coordinates": [ -72.2642, -38.2706 ] } },
{ "type": "Feature", "properties": { "nombre": "HUAPITRIO", "comuna": "Collipulli", "combustible": "Desechos", "causa": "Faenas forestales" }, "geometry": { "type": "Point", "coordinates": [ -72.2372, -37.9053 ] } },
{ "type": "Feature", "properties": { "nombre": "EL PARQUE", "comuna": "Villarrica", "combustible": "Desechos", "causa": "Faenas forestales" }, "geometry": { "type": "Point", "coordinates": [ -72.1925, -39.2939 ] } },
{ "type": "Feature", "properties": { "nombre": "LO DE LLINCO Y OTROS", "comuna": "Carahue", "combustible": "Matorral", "causa": "Incendios intencionales" }, "geometry": { "type": "Point", "coordinates": [ -73.3611, -38.4531 ] } },
{ "type": "Feature", "properties": { "nombre": "HIJUELA LOS MAQUIS", "comuna": "Carahue", "combustible": "Desechos", "causa": "Incendios intencionales" }, "geometry": { "type": "Point", "coordinates": [ -73.3344, -38.4381 ] } },
{ "type": "Feature", "properties": { "nombre": "LA PLAZA Y OTRO", "comuna": "Lumaco", "combustible": "Plantacion pino", "causa": "Incendios intencionales" }, "geometry": { "type": "Point", "coordinates": [ -73.305, -38.3644 ] } },
{ "type": "Feature", "properties": { "nombre": "LA PLAZA Y OTRO", "comuna": "Lumaco", "combustible": "Matorral", "causa": "Incendios intencionales" }, "geometry": { "type": "Point", "coordinates": [ -73.3036, -38.3661 ] } },
{ "type": "Feature", "properties": { "nombre": "LAS VACAS", "comuna": "Lumaco", "combustible": "Matorral", "causa": "Incendios intencionales" }, "geometry": { "type": "Point", "coordinates": [ -73.2733, -38.4328 ] } },
{ "type": "Feature", "properties": { "nombre": "VEGAS DE CHANQUIN", "comuna": "Lumaco", "combustible": "Plantacion pino", "causa": "Incendios intencionales" }, "geometry": { "type": "Point", "coordinates": [ -73.2564, -38.3639 ] } },
{ "type": "Feature", "properties": { "nombre": "EL COMETA", "comuna": "Carahue", "combustible": "Matorral", "causa": "Incendios de causa desconocida" }, "geometry": { "type": "Point", "coordinates": [ -73.2406, -38.7064 ] } },
{ "type": "Feature", "properties": { "nombre": "EL COMETA", "comuna": "Carahue", "combustible": "Matorral", "causa": "Incendios intencionales" }, "geometry": { "type": "Point", "coordinates": [ -73.2369, -38.7108 ] } },
{ "type": "Feature", "properties": { "nombre": "EL COMETA", "comuna": "Carahue", "combustible": "Matorral", "causa": "Incendios intencionales" }, "geometry": { "type": "Point", "coordinates": [ -73.2367, -38.7108 ] } },
{ "type": "Feature", "properties": { "nombre": "EL COMETA", "comuna": "Carahue", "combustible": "Matorral", "causa": "Incendios intencionales" }, "geometry": { "type": "Point", "coordinates": [ -73.2353, -38.7094 ] } },
{ "type": "Feature", "properties": { "nombre": "EL COMETA PART.", "comuna": "Carahue", "combustible": "Cultivo agrícola", "causa": "Incendios intencionales" }, "geometry": { "type": "Point", "coordinates": [ -73.2347, -38.7117 ] } },
{ "type": "Feature", "properties": { "nombre": "EL COMETA PART.", "comuna": "Carahue", "combustible": "Plantacion pino", "causa": "Incendios intencionales" }, "geometry": { "type": "Point", "coordinates": [ -73.2317, -38.7069 ] } },
{ "type": "Feature", "properties": { "nombre": "EL COMETA", "comuna": "Carahue", "combustible": "Matorral", "causa": "Incendios intencionales" }, "geometry": { "type": "Point", "coordinates": [ -73.2311, -38.71 ] } },
{ "type": "Feature", "properties": { "nombre": "EL COMETA", "comuna": "Carahue", "combustible": "Plantacion pino", "causa": "Incendios intencionales" }, "geometry": { "type": "Point", "coordinates": [ -73.2308, -38.7106 ] } },
{ "type": "Feature", "properties": { "nombre": "EL COMETA", "comuna": "Carahue", "combustible": "Plantacion pino", "causa": "Incendios intencionales" }, "geometry": { "type": "Point", "coordinates": [ -73.2297, -38.7106 ] } },
{ "type": "Feature", "properties": { "nombre": "EL COMETA", "comuna": "Carahue", "combustible": "Plantacion pino", "causa": "Incendios intencionales" }, "geometry": { "type": "Point", "coordinates": [ -73.2239, -38.7125 ] } },
{ "type": "Feature", "properties": { "nombre": "VENECIA", "comuna": "Lumaco", "combustible": "Matorral", "causa": "Incendios intencionales" }, "geometry": { "type": "Point", "coordinates": [ -73.2189, -38.3886 ] } },
{ "type": "Feature", "properties": { "nombre": "VILLARRICA", "comuna": "Lumaco", "combustible": "Desechos", "causa": "Faenas forestales" }, "geometry": { "type": "Point", "coordinates": [ -73.2106, -38.3156 ] } },
{ "type": "Feature", "properties": { "nombre": "HIJUELA 1 SANTA CELIA PART.", "comuna": "Carahue", "combustible": "Plantacion eucaliptus", "causa": "Quema de desechos" }, "geometry": { "type": "Point", "coordinates": [ -73.1967, -38.6489 ] } },
{ "type": "Feature", "properties": { "nombre": "LA SELVA Y OTROS PART.", "comuna": "Lumaco", "combustible": "Pastizal", "causa": "Incendios intencionales" }, "geometry": { "type": "Point", "coordinates": [ -73.2025, -38.2828 ] } },
{ "type": "Feature", "properties": { "nombre": "VENECIA PART.", "comuna": "Carahue", "combustible": "Pastizal", "causa": "Incendios intencionales" }, "geometry": { "type": "Point", "coordinates": [ -73.1978, -38.4061 ] } },
{ "type": "Feature", "properties": { "nombre": "VENECIA", "comuna": "Lumaco", "combustible": "Matorral", "causa": "Incendios intencionales" }, "geometry": { "type": "Point", "coordinates": [ -73.1978, -38.4 ] } },
{ "type": "Feature", "properties": { "nombre": "LAS MARAVILLAS (CORR 94) DENTRO", "comuna": "Carahue", "combustible": "Desechos", "causa": "Incendios intencionales" }, "geometry": { "type": "Point", "coordinates": [ -73.1817, -38.6175 ] } },
{ "type": "Feature", "properties": { "nombre": "EL COIGUE", "comuna": "Carahue", "combustible": "Plantacion eucaliptus", "causa": "Accidentes eléctricos" }, "geometry": { "type": "Point", "coordinates": [ -73.1825, -38.7256 ] } },
{ "type": "Feature", "properties": { "nombre": "LLAHUIN", "comuna": "Carahue", "combustible": "Matorral", "causa": "Tránsito de personas vehículos o aeronaves" }, "geometry": { "type": "Point", "coordinates": [ -73.2056, -38.7117 ] } },
{ "type": "Feature", "properties": { "nombre": "EL COIGUE", "comuna": "Carahue", "combustible": "Matorral", "causa": "Tránsito de personas vehículos o aeronaves" }, "geometry": { "type": "Point", "coordinates": [ -73.1775, -38.7117 ] } },
{ "type": "Feature", "properties": { "nombre": "LA SIERRA", "comuna": "Saavedra", "combustible": "Matorral", "causa": "Faenas forestales" }, "geometry": { "type": "Point", "coordinates": [ -73.2703, -38.8008 ] } },
{ "type": "Feature", "properties": { "nombre": "CHACAY", "comuna": "Carahue", "combustible": "Matorral", "causa": "Incendios intencionales" }, "geometry": { "type": "Point", "coordinates": [ -73.2383, -38.7078 ] } },
{ "type": "Feature", "properties": { "nombre": "PUYANHUE ALTO", "comuna": "Carahue", "combustible": "Matorral", "causa": "Otras actividades" }, "geometry": { "type": "Point", "coordinates": [ -73.375, -38.6572 ] } },
{ "type": "Feature", "properties": { "nombre": "CHACAY 2", "comuna": "Carahue", "combustible": "Desechos", "causa": "Faenas agrícolas y pecuarias" }, "geometry": { "type": "Point", "coordinates": [ -73.2375, -38.7111 ] } },
{ "type": "Feature", "properties": { "nombre": "YUPEHUE BAJO Y YUPEHUITO", "comuna": "Carahue", "combustible": "Desechos", "causa": "Incendios intencionales" }, "geometry": { "type": "Point", "coordinates": [ -73.4758, -38.5581 ] } },
{ "type": "Feature", "properties": { "nombre": "SANTA CLORINDA Y OTROS", "comuna": "Carahue", "combustible": "Matorral", "causa": "Incendios de causa desconocida" }, "geometry": { "type": "Point", "coordinates": [ -73.4311, -38.4456 ] } },
{ "type": "Feature", "properties": { "nombre": "CASA DE PIEDRA Y OTROS", "comuna": "Carahue", "combustible": "Matorral", "causa": "Incendios intencionales" }, "geometry": { "type": "Point", "coordinates": [ -73.4647, -38.4869 ] } },
{ "type": "Feature", "properties": { "nombre": "CASA DE PIEDRA Y OTROS", "comuna": "Carahue", "combustible": "Matorral", "causa": "Faenas agrícolas y pecuarias" }, "geometry": { "type": "Point", "coordinates": [ -73.4764, -38.5117 ] } },
{ "type": "Feature", "properties": { "nombre": "LOBERIA", "comuna": "Carahue", "combustible": "Matorral", "causa": "Tránsito de personas vehículos o aeronaves" }, "geometry": { "type": "Point", "coordinates": [ -73.4794, -38.6719 ] } },
{ "type": "Feature", "properties": { "nombre": "SANTA LAURA", "comuna": "Cholchol", "combustible": "Plantacion eucaliptus", "causa": "Incendios intencionales" }, "geometry": { "type": "Point", "coordinates": [ -72.7944, -38.5656 ] } },
{ "type": "Feature", "properties": { "nombre": "SANTA LAURA", "comuna": "Cholchol", "combustible": "Plantacion pino", "causa": "Incendios intencionales" }, "geometry": { "type": "Point", "coordinates": [ -72.805, -38.565 ] } },
{ "type": "Feature", "properties": { "nombre": "SANTA ANA 3 (CORR 82) AMENAZA", "comuna": "Cholchol", "combustible": "Plantacion pino", "causa": "Incendios intencionales" }, "geometry": { "type": "Point", "coordinates": [ -72.8086, -38.5647 ] } },
{ "type": "Feature", "properties": { "nombre": "SANTA MARIA 1", "comuna": "Temuco", "combustible": "Matorral", "causa": "Tránsito de personas vehículos o aeronaves" }, "geometry": { "type": "Point", "coordinates": [ -72.7225, -38.5617 ] } },
{ "type": "Feature", "properties": { "nombre": "SANTA LAURA", "comuna": "Cholchol", "combustible": "Plantacion pino", "causa": "Incendios intencionales" }, "geometry": { "type": "Point", "coordinates": [ -72.7961, -38.5622 ] } },
{ "type": "Feature", "properties": { "nombre": "SANTA LAURA", "comuna": "Cholchol", "combustible": "Plantacion eucaliptus", "causa": "Incendios intencionales" }, "geometry": { "type": "Point", "coordinates": [ -72.7986, -38.5619 ] } },
{ "type": "Feature", "properties": { "nombre": "SANTA LAURA", "comuna": "Cholchol", "combustible": "Plantacion pino", "causa": "Incendios intencionales" }, "geometry": { "type": "Point", "coordinates": [ -72.7989, -38.5619 ] } },
{ "type": "Feature", "properties": { "nombre": "SANTA LAURA", "comuna": "Cholchol", "combustible": "Plantacion pino", "causa": "Incendios intencionales" }, "geometry": { "type": "Point", "coordinates": [ -72.7942, -38.56 ] } },
{ "type": "Feature", "properties": { "nombre": "PIUCHÉN", "comuna": "Cholchol", "combustible": "Matorral", "causa": "Faenas forestales" }, "geometry": { "type": "Point", "coordinates": [ -72.8981, -38.5528 ] } },
{ "type": "Feature", "properties": { "nombre": "RED. PIUCHEN", "comuna": "Cholchol", "combustible": "Matorral", "causa": "Tránsito de personas vehículos o aeronaves" }, "geometry": { "type": "Point", "coordinates": [ -72.9106, -38.5431 ] } },
{ "type": "Feature", "properties": { "nombre": "MANZANO PITRACO", "comuna": "Galvarino", "combustible": "Plantacion pino", "causa": "Faenas forestales" }, "geometry": { "type": "Point", "coordinates": [ -72.7917, -38.5383 ] } },
{ "type": "Feature", "properties": { "nombre": "EL MANZANO", "comuna": "Galvarino", "combustible": "Matorral", "causa": "Faenas forestales" }, "geometry": { "type": "Point", "coordinates": [ -72.7872, -38.5381 ] } },
{ "type": "Feature", "properties": { "nombre": "COLLINCO BAJO", "comuna": "Cholchol", "combustible": "Desechos", "causa": "Faenas forestales" }, "geometry": { "type": "Point", "coordinates": [ -72.9047, -38.5378 ] } },
{ "type": "Feature", "properties": { "nombre": "DON ANSELMO", "comuna": "Galvarino", "combustible": "Plantacion eucaliptus", "causa": "Incendios intencionales" }, "geometry": { "type": "Point", "coordinates": [ -72.7258, -38.5294 ] } },
{ "type": "Feature", "properties": { "nombre": "PITRACO", "comuna": "Cholchol", "combustible": "Plantacion eucaliptus", "causa": "Incendios intencionales" }, "geometry": { "type": "Point", "coordinates": [ -72.8353, -38.5281 ] } },
{ "type": "Feature", "properties": { "nombre": "LAUNACHE", "comuna": "Cholchol", "combustible": "Matorral", "causa": "Tránsito de personas vehículos o aeronaves" }, "geometry": { "type": "Point", "coordinates": [ -72.9131, -38.5239 ] } },
{ "type": "Feature", "properties": { "nombre": "PITRACO 2", "comuna": "Galvarino", "combustible": "Plantacion eucaliptus", "causa": "Incendios intencionales" }, "geometry": { "type": "Point", "coordinates": [ -72.7983, -38.5172 ] } },
{ "type": "Feature", "properties": { "nombre": "PITRACO", "comuna": "Galvarino", "combustible": "Plantacion eucaliptus", "causa": "Incendios de causa desconocida" }, "geometry": { "type": "Point", "coordinates": [ -72.8003, -38.5164 ] } },
{ "type": "Feature", "properties": { "nombre": "PIUCHEN", "comuna": "Cholchol", "combustible": "Plantacion eucaliptus", "causa": "Quema de desechos" }, "geometry": { "type": "Point", "coordinates": [ -72.9114, -38.5086 ] } },
{ "type": "Feature", "properties": { "nombre": "REPOCURA 2", "comuna": "Cholchol", "combustible": "Matorral", "causa": "Incendios intencionales" }, "geometry": { "type": "Point", "coordinates": [ -72.9119, -38.5081 ] } },
{ "type": "Feature", "properties": { "nombre": "RAHUE", "comuna": "Cholchol", "combustible": "Pastizal", "causa": "Tránsito de personas vehículos o aeronaves" }, "geometry": { "type": "Point", "coordinates": [ -72.8839, -38.5056 ] } },
{ "type": "Feature", "properties": { "nombre": "REPOCURA 2", "comuna": "Cholchol", "combustible": "Matorral", "causa": "Incendios intencionales" }, "geometry": { "type": "Point", "coordinates": [ -72.9242, -38.4958 ] } },
{ "type": "Feature", "properties": { "nombre": "NILPE", "comuna": "Galvarino", "combustible": "Matorral", "causa": "Tránsito de personas vehículos o aeronaves" }, "geometry": { "type": "Point", "coordinates": [ -72.7808, -38.4842 ] } },
{ "type": "Feature", "properties": { "nombre": "NILPE", "comuna": "Galvarino", "combustible": "Plantacion eucaliptus", "causa": "Tránsito de personas vehículos o aeronaves" }, "geometry": { "type": "Point", "coordinates": [ -72.8286, -38.4772 ] } },
{ "type": "Feature", "properties": { "nombre": "PIUCHEN", "comuna": "Cholchol", "combustible": "Desechos", "causa": "Confección y/o extracción productos secundarios del bosque" }, "geometry": { "type": "Point", "coordinates": [ -72.8992, -38.5047 ] } },
{ "type": "Feature", "properties": { "nombre": "HIJUELA 4 (P)", "comuna": "Cholchol", "combustible": "Plantacion eucaliptus", "causa": "Tránsito de personas vehículos o aeronaves" }, "geometry": { "type": "Point", "coordinates": [ -72.9103, -38.4936 ] } },
{ "type": "Feature", "properties": { "nombre": "PORTAHUE", "comuna": "Galvarino", "combustible": "Pastizal", "causa": "Incendios intencionales" }, "geometry": { "type": "Point", "coordinates": [ -72.7308, -38.5356 ] } },
{ "type": "Feature", "properties": { "nombre": "QUINAHUE", "comuna": "Galvarino", "combustible": "Matorral", "causa": "Tránsito de personas vehículos o aeronaves" }, "geometry": { "type": "Point", "coordinates": [ -72.7211, -38.5625 ] } },
{ "type": "Feature", "properties": { "nombre": "LLUFQUENTUE", "comuna": "Galvarino", "combustible": "Desechos", "causa": "Tránsito de personas vehículos o aeronaves" }, "geometry": { "type": "Point", "coordinates": [ -72.7314, -38.4644 ] } },
{ "type": "Feature", "properties": { "nombre": "AILINCO", "comuna": "Galvarino", "combustible": "Matorral", "causa": "Tránsito de personas vehículos o aeronaves" }, "geometry": { "type": "Point", "coordinates": [ -72.8761, -38.5283 ] } },
{ "type": "Feature", "properties": { "nombre": "PIUCHÉN", "comuna": "Cholchol", "combustible": "Pastizal", "causa": "Faenas agrícolas y pecuarias" }, "geometry": { "type": "Point", "coordinates": [ -72.8764, -38.5286 ] } },
{ "type": "Feature", "properties": { "nombre": "COILACO", "comuna": "Cholchol", "combustible": "Pastizal", "causa": "Faenas forestales" }, "geometry": { "type": "Point", "coordinates": [ -72.8833, -38.5211 ] } },
{ "type": "Feature", "properties": { "nombre": "RAHUE", "comuna": "Galvarino", "combustible": "Desechos", "causa": "Faenas agrícolas y pecuarias" }, "geometry": { "type": "Point", "coordinates": [ -72.8661, -38.4919 ] } },
{ "type": "Feature", "properties": { "nombre": "ILOHUE 2", "comuna": "Galvarino", "combustible": "Desechos", "causa": "Faenas forestales" }, "geometry": { "type": "Point", "coordinates": [ -72.8861, -38.4728 ] } },
{ "type": "Feature", "properties": { "nombre": "MAÑIUCO", "comuna": "Galvarino", "combustible": "Pastizal", "causa": "Tránsito de personas vehículos o aeronaves" }, "geometry": { "type": "Point", "coordinates": [ -72.7161, -38.5269 ] } },
{ "type": "Feature", "properties": { "nombre": "LLUFQUENTUE", "comuna": "Galvarino", "combustible": "Matorral", "causa": "Faenas agrícolas y pecuarias" }, "geometry": { "type": "Point", "coordinates": [ -72.7203, -38.4992 ] } },
{ "type": "Feature", "properties": { "nombre": "PIUCHÉN", "comuna": "Cholchol", "combustible": "Matorral", "causa": "Incendios intencionales" }, "geometry": { "type": "Point", "coordinates": [ -72.9122, -38.5072 ] } },
{ "type": "Feature", "properties": { "nombre": "LA PIEDRA", "comuna": "Galvarino", "combustible": "Desechos", "causa": "Tránsito de personas vehículos o aeronaves" }, "geometry": { "type": "Point", "coordinates": [ -72.8214, -38.5444 ] } },
{ "type": "Feature", "properties": { "nombre": "CHACAICO", "comuna": "Galvarino", "combustible": "Desechos", "causa": "Faenas forestales" }, "geometry": { "type": "Point", "coordinates": [ -72.88, -38.485 ] } },
{ "type": "Feature", "properties": { "nombre": "CULLINCO BAJO", "comuna": "Cholchol", "combustible": "Matorral", "causa": "Quema de desechos" }, "geometry": { "type": "Point", "coordinates": [ -72.9083, -38.5378 ] } },
{ "type": "Feature", "properties": { "nombre": "RED. COLLICO", "comuna": "Curacautín", "combustible": "Matorral", "causa": "Incendios de causa desconocida" }, "geometry": { "type": "Point", "coordinates": [ -71.8317, -38.4692 ] } },
{ "type": "Feature", "properties": { "nombre": "TRAFAMPULLI", "comuna": "Cunco", "combustible": "Matorral", "causa": "Faenas forestales" }, "geometry": { "type": "Point", "coordinates": [ -71.8339, -39.0717 ] } },
{ "type": "Feature", "properties": { "nombre": "HIJUELA 21 NIBLINTO", "comuna": "Curacautín", "combustible": "Desechos", "causa": "Incendios de causa desconocida" }, "geometry": { "type": "Point", "coordinates": [ -71.9392, -38.1569 ] } },
{ "type": "Feature", "properties": { "nombre": "SANTA CLARA", "comuna": "Collipulli", "combustible": "Matorral", "causa": "Incendios intencionales" }, "geometry": { "type": "Point", "coordinates": [ -71.9389, -38.1584 ] } },
{ "type": "Feature", "properties": { "nombre": "SANTA VERONICA", "comuna": "Collipulli", "combustible": "Matorral", "causa": "Operaciones en vías férreas" }, "geometry": { "type": "Point", "coordinates": [ -71.9684, -38.1049 ] } },
{ "type": "Feature", "properties": { "nombre": "COVADONGA", "comuna": "Cunco", "combustible": "Matorral", "causa": "Accidentes eléctricos" }, "geometry": { "type": "Point", "coordinates": [ -71.9161, -38.8914 ] } },
{ "type": "Feature", "properties": { "nombre": "EL CARMEN", "comuna": "Lautaro", "combustible": "Desechos", "causa": "Tránsito de personas vehículos o aeronaves" }, "geometry": { "type": "Point", "coordinates": [ -72.0322, -38.4528 ] } },
{ "type": "Feature", "properties": { "nombre": "HIJUELA QUINTRUCO (CORR 59) AMENAZA", "comuna": "Collipulli", "combustible": "Desechos", "causa": "Faenas agrícolas y pecuarias" }, "geometry": { "type": "Point", "coordinates": [ -72.1942, -38.075 ] } },
{ "type": "Feature", "properties": { "nombre": "LA SUERTE Y EL RADAL (CORR 57) DENTRO", "comuna": "Collipulli", "combustible": "Plantacion pino", "causa": "Incendios intencionales" }, "geometry": { "type": "Point", "coordinates": [ -72.0911, -38.0433 ] } },
{ "type": "Feature", "properties": { "nombre": "SAN ANDRES (CORR 19) DENTRO", "comuna": "Collipulli", "combustible": "Desechos", "causa": "Incendios intencionales" }, "geometry": { "type": "Point", "coordinates": [ -72.0331, -38.0667 ] } },
{ "type": "Feature", "properties": { "nombre": "SANTA INES (CORR 13) DENTRO", "comuna": "Victoria", "combustible": "Desechos", "causa": "Incendios intencionales" }, "geometry": { "type": "Point", "coordinates": [ -72.0097, -38.3058 ] } },
{ "type": "Feature", "properties": { "nombre": "PARCELA 13 EL PROGRESO", "comuna": "Collipulli", "combustible": "Matorral", "causa": "Incendios intencionales" }, "geometry": { "type": "Point", "coordinates": [ -72.2011, -37.9636 ] } },
{ "type": "Feature", "properties": { "nombre": "EL PROGRESO", "comuna": "Collipulli", "combustible": "Plantacion pino", "causa": "Incendios intencionales" }, "geometry": { "type": "Point", "coordinates": [ -72.2125, -37.9681 ] } },
{ "type": "Feature", "properties": { "nombre": "PARCELA 18 Y 19 SAN ANDRES", "comuna": "Collipulli", "combustible": "Plantacion eucaliptus", "causa": "Incendios intencionales" }, "geometry": { "type": "Point", "coordinates": [ -72.0739, -38.0267 ] } },
{ "type": "Feature", "properties": { "nombre": "MAPULHUE A", "comuna": "Collipulli", "combustible": "Matorral", "causa": "Incendios intencionales" }, "geometry": { "type": "Point", "coordinates": [ -72.0997, -38.0239 ] } },
{ "type": "Feature", "properties": { "nombre": "MAPULHUE B PART.", "comuna": "Collipulli", "combustible": "Plantacion pino", "causa": "Incendios intencionales" }, "geometry": { "type": "Point", "coordinates": [ -72.0908, -38.0436 ] } },
{ "type": "Feature", "properties": { "nombre": "EL PROGRESO", "comuna": "Collipulli", "combustible": "Plantacion pino", "causa": "Incendios intencionales" }, "geometry": { "type": "Point", "coordinates": [ -72.2169, -37.9636 ] } },
{ "type": "Feature", "properties": { "nombre": "PARCELA 8 EL PROGRESO", "comuna": "Collipulli", "combustible": "Matorral", "causa": "Incendios intencionales" }, "geometry": { "type": "Point", "coordinates": [ -72.2169, -37.9722 ] } },
{ "type": "Feature", "properties": { "nombre": "PARCELA 21 UNION CHILENA", "comuna": "Collipulli", "combustible": "Cultivo agrícola", "causa": "Incendios intencionales" }, "geometry": { "type": "Point", "coordinates": [ -72.2039, -38.0336 ] } },
{ "type": "Feature", "properties": { "nombre": "PARCELA 18 Y 19 SAN ANDRE", "comuna": "Collipulli", "combustible": "Plantacion eucaliptus", "causa": "Incendios intencionales" }, "geometry": { "type": "Point", "coordinates": [ -72.0767, -38.0225 ] } },
{ "type": "Feature", "properties": { "nombre": "PARCELA 18 Y 19 SAN ANDRE", "comuna": "Collipulli", "combustible": "Matorral", "causa": "Incendios intencionales" }, "geometry": { "type": "Point", "coordinates": [ -72.0767, -38.0225 ] } },
{ "type": "Feature", "properties": { "nombre": "SANTA EMA", "comuna": "Collipulli", "combustible": "Desechos", "causa": "Incendios intencionales" }, "geometry": { "type": "Point", "coordinates": [ -72.1861, -37.9381 ] } },
{ "type": "Feature", "properties": { "nombre": "VIVA CHILE (EXM.RODRIG) PART.", "comuna": "Collipulli", "combustible": "Cultivo agrícola", "causa": "Incendios intencionales" }, "geometry": { "type": "Point", "coordinates": [ -72.175, -38.0856 ] } },
{ "type": "Feature", "properties": { "nombre": "LA ISLA", "comuna": "Collipulli", "combustible": "Desechos", "causa": "Incendios intencionales" }, "geometry": { "type": "Point", "coordinates": [ -72.0769, -38.1233 ] } },
{ "type": "Feature", "properties": { "nombre": "EL PROGRESO", "comuna": "Collipulli", "combustible": "Matorral", "causa": "Incendios intencionales" }, "geometry": { "type": "Point", "coordinates": [ -72.2003, -37.9728 ] } },
{ "type": "Feature", "properties": { "nombre": "HIJUELA SANTA INES", "comuna": "Victoria", "combustible": "Matorral", "causa": "Faenas forestales" }, "geometry": { "type": "Point", "coordinates": [ -72.1892, -38.3867 ] } },
{ "type": "Feature", "properties": { "nombre": "EL MIRADOR IV", "comuna": "Lautaro", "combustible": "Desechos", "causa": "Incendios intencionales" }, "geometry": { "type": "Point", "coordinates": [ -72.0303, -38.5303 ] } },
{ "type": "Feature", "properties": { "nombre": "LOS ENCINOS", "comuna": "Cunco", "combustible": "Desechos", "causa": "Faenas forestales" }, "geometry": { "type": "Point", "coordinates": [ -71.7167, -39.0547 ] } },
{ "type": "Feature", "properties": { "nombre": "CURACALCO", "comuna": "Cunco", "combustible": "Matorral", "causa": "Accidentes eléctricos" }, "geometry": { "type": "Point", "coordinates": [ -71.91, -38.9267 ] } },
{ "type": "Feature", "properties": { "nombre": "VILLA GARCIA", "comuna": "Melipeuco", "combustible": "Matorral", "causa": "Operaciones en vías férreas" }, "geometry": { "type": "Point", "coordinates": [ -71.9161, -38.8911 ] } },
{ "type": "Feature", "properties": { "nombre": "CABURGUA HUERQUEHUE", "comuna": "Pucón", "combustible": "Matorral", "causa": "Faenas forestales" }, "geometry": { "type": "Point", "coordinates": [ -71.7519, -39.215 ] } },
{ "type": "Feature", "properties": { "nombre": "NAHUELCURA", "comuna": "Cunco", "combustible": "Desechos", "causa": "Faenas forestales" }, "geometry": { "type": "Point", "coordinates": [ -71.9759, -38.9218 ] } },
{ "type": "Feature", "properties": { "nombre": "SANTA MARIA DE LLAIMA", "comuna": "Melipeuco", "combustible": "Matorral", "causa": "Incendios intencionales" }, "geometry": { "type": "Point", "coordinates": [ -71.7917, -38.8794 ] } },
{ "type": "Feature", "properties": { "nombre": "PAILLACO", "comuna": "Pucón", "combustible": "Desechos", "causa": "Faenas forestales" }, "geometry": { "type": "Point", "coordinates": [ -71.7817, -39.2122 ] } },
{ "type": "Feature", "properties": { "nombre": "LA ESPERA (CORR 93) AMENAZA", "comuna": "Lumaco", "combustible": "Matorral", "causa": "Faenas forestales" }, "geometry": { "type": "Point", "coordinates": [ -73.1203, -38.4264 ] } },
{ "type": "Feature", "properties": { "nombre": "SAN MIGUEL", "comuna": "Lumaco", "combustible": "Matorral", "causa": "Incendios intencionales" }, "geometry": { "type": "Point", "coordinates": [ -73.0994, -38.3808 ] } },
{ "type": "Feature", "properties": { "nombre": "EL TREBOL IV Y OTROS PART.", "comuna": "Lumaco", "combustible": "Plantacion eucaliptus", "causa": "Accidentes eléctricos" }, "geometry": { "type": "Point", "coordinates": [ -73.0961, -38.365 ] } },
{ "type": "Feature", "properties": { "nombre": "STA ANA CARAHUE (CORR 65) AMENAZA", "comuna": "Lumaco", "combustible": "Plantacion pino", "causa": "Incendios intencionales" }, "geometry": { "type": "Point", "coordinates": [ -73.0828, -38.4389 ] } },
{ "type": "Feature", "properties": { "nombre": "SANTA ANA DE CARAHUE (CORR 27) AMENAZA", "comuna": "Lumaco", "combustible": "Plantacion pino", "causa": "Incendios intencionales" }, "geometry": { "type": "Point", "coordinates": [ -73.0825, -38.4411 ] } },
{ "type": "Feature", "properties": { "nombre": "MALAGA (CORR 61) AMENAZA", "comuna": "Lumaco", "combustible": "Plantacion pino", "causa": "Incendios intencionales" }, "geometry": { "type": "Point", "coordinates": [ -73.0725, -38.415 ] } },
{ "type": "Feature", "properties": { "nombre": "MADILHUE Y OTROS", "comuna": "Lumaco", "combustible": "Matorral", "causa": "Incendios intencionales" }, "geometry": { "type": "Point", "coordinates": [ -73.0722, -38.3864 ] } },
{ "type": "Feature", "properties": { "nombre": "MADILHUE Y OTROS PART", "comuna": "Lumaco", "combustible": "Pastizal", "causa": "Incendios intencionales" }, "geometry": { "type": "Point", "coordinates": [ -73.0644, -38.3906 ] } },
{ "type": "Feature", "properties": { "nombre": "MADILHUE Y OTROS PART.", "comuna": "Lumaco", "combustible": "Plantacion eucaliptus", "causa": "Incendios de causa desconocida" }, "geometry": { "type": "Point", "coordinates": [ -73.0633, -38.39 ] } },
{ "type": "Feature", "properties": { "nombre": "MADILHUE Y OTROS PART.", "comuna": "Lumaco", "combustible": "Plantacion eucaliptus", "causa": "Incendios intencionales" }, "geometry": { "type": "Point", "coordinates": [ -73.0575, -38.3925 ] } },
{ "type": "Feature", "properties": { "nombre": "EL NATRAL Y LOS NIRRES PART.", "comuna": "Lumaco", "combustible": "Pastizal", "causa": "Incendios intencionales" }, "geometry": { "type": "Point", "coordinates": [ -73.0597, -38.3097 ] } },
{ "type": "Feature", "properties": { "nombre": "CANARIAS (CORR 55) AMENAZA", "comuna": "Lumaco", "combustible": "Plantacion pino", "causa": "Incendios intencionales" }, "geometry": { "type": "Point", "coordinates": [ -73.0564, -38.4247 ] } },
{ "type": "Feature", "properties": { "nombre": "RAUMAIPIN (CORR 64) DENTRO", "comuna": "Lumaco", "combustible": "Plantacion pino", "causa": "Incendios intencionales" }, "geometry": { "type": "Point", "coordinates": [ -73.0475, -38.4364 ] } },
{ "type": "Feature", "properties": { "nombre": "ESQUILLUCO II Y OTRO", "comuna": "Lumaco", "combustible": "Matorral", "causa": "Incendios intencionales" }, "geometry": { "type": "Point", "coordinates": [ -73.0464, -38.3742 ] } },
{ "type": "Feature", "properties": { "nombre": "ESQUILLUCO II Y OTRO", "comuna": "Lumaco", "combustible": "Desechos", "causa": "Incendios intencionales" }, "geometry": { "type": "Point", "coordinates": [ -73.0464, -38.3731 ] } },
{ "type": "Feature", "properties": { "nombre": "SANTA JULIA II Y OTROS", "comuna": "Lumaco", "combustible": "Desechos", "causa": "Incendios intencionales" }, "geometry": { "type": "Point", "coordinates": [ -73.0228, -38.2844 ] } },
{ "type": "Feature", "properties": { "nombre": "BARCELONA (CORR 62) DENTRRO", "comuna": "Lumaco", "combustible": "Desechos", "causa": "Incendios intencionales" }, "geometry": { "type": "Point", "coordinates": [ -73.0172, -38.4531 ] } },
{ "type": "Feature", "properties": { "nombre": "LOS CALBUCOS Y OTROS PART.", "comuna": "Lumaco", "combustible": "Plantacion eucaliptus", "causa": "Incendios intencionales" }, "geometry": { "type": "Point", "coordinates": [ -73.0153, -38.365 ] } },
{ "type": "Feature", "properties": { "nombre": "LOS CALBUCOS Y OTROS PART", "comuna": "Lumaco", "combustible": "Pastizal", "causa": "Accidentes eléctricos" }, "geometry": { "type": "Point", "coordinates": [ -73.0122, -38.3631 ] } },
{ "type": "Feature", "properties": { "nombre": "PICHIPILLAHUEN Y RELUN II PART", "comuna": "Lumaco", "combustible": "Matorral", "causa": "Incendios intencionales" }, "geometry": { "type": "Point", "coordinates": [ -73.0103, -38.2911 ] } },
{ "type": "Feature", "properties": { "nombre": "MADILHUE Y OTROS", "comuna": "Lumaco", "combustible": "Matorral", "causa": "Incendios intencionales" }, "geometry": { "type": "Point", "coordinates": [ -72.9944, -38.4175 ] } },
{ "type": "Feature", "properties": { "nombre": "MADILHUE Y OTROS", "comuna": "Lumaco", "combustible": "Plantacion pino", "causa": "Accidentes eléctricos" }, "geometry": { "type": "Point", "coordinates": [ -72.9931, -38.4336 ] } },
{ "type": "Feature", "properties": { "nombre": "ALICANTE (CORR 92) AMENAZA", "comuna": "Cholchol", "combustible": "Matorral", "causa": "Faenas forestales" }, "geometry": { "type": "Point", "coordinates": [ -72.9839, -38.4592 ] } },
{ "type": "Feature", "properties": { "nombre": "SANTA HORTENCIA", "comuna": "Lumaco", "combustible": "Desechos", "causa": "Incendios intencionales" }, "geometry": { "type": "Point", "coordinates": [ -72.9581, -38.315 ] } },
{ "type": "Feature", "properties": { "nombre": "DON ADRIAN PART.", "comuna": "Lumaco", "combustible": "Matorral", "causa": "Incendios intencionales" }, "geometry": { "type": "Point", "coordinates": [ -72.95, -38.2708 ] } },
{ "type": "Feature", "properties": { "nombre": "EL RAULI II Y OTROS", "comuna": "Lumaco", "combustible": "Matorral", "causa": "Incendios intencionales" }, "geometry": { "type": "Point", "coordinates": [ -72.9486, -38.3025 ] } },
{ "type": "Feature", "properties": { "nombre": "DON ADRIAN PART.", "comuna": "Lumaco", "combustible": "Matorral", "causa": "Incendios intencionales" }, "geometry": { "type": "Point", "coordinates": [ -72.9456, -38.2733 ] } },
{ "type": "Feature", "properties": { "nombre": "LOLENCO Y OTROS", "comuna": "Lumaco", "combustible": "Plantacion pino", "causa": "Accidentes eléctricos" }, "geometry": { "type": "Point", "coordinates": [ -72.9175, -38.3292 ] } },
{ "type": "Feature", "properties": { "nombre": "ILOHUE", "comuna": "Galvarino", "combustible": "Matorral", "causa": "Incendios intencionales" }, "geometry": { "type": "Point", "coordinates": [ -72.8972, -38.4603 ] } },
{ "type": "Feature", "properties": { "nombre": "ALTO CALBUCO", "comuna": "Lumaco", "combustible": "Matorral", "causa": "Faenas forestales" }, "geometry": { "type": "Point", "coordinates": [ -73.0114, -38.3803 ] } },
{ "type": "Feature", "properties": { "nombre": "REPOCURA", "comuna": "Galvarino", "combustible": "Plantacion pino", "causa": "Tránsito de personas vehículos o aeronaves" }, "geometry": { "type": "Point", "coordinates": [ -72.9506, -38.4706 ] } },
{ "type": "Feature", "properties": { "nombre": "LOS TEMOS", "comuna": "Galvarino", "combustible": "Desechos", "causa": "Tránsito de personas vehículos o aeronaves" }, "geometry": { "type": "Point", "coordinates": [ -72.9333, -38.4136 ] } },
{ "type": "Feature", "properties": { "nombre": "ILOHUE", "comuna": "Galvarino", "combustible": "Matorral", "causa": "Tránsito de personas vehículos o aeronaves" }, "geometry": { "type": "Point", "coordinates": [ -72.9036, -38.4547 ] } },
{ "type": "Feature", "properties": { "nombre": "ILOHUE 2", "comuna": "Galvarino", "combustible": "Plantacion pino", "causa": "Tránsito de personas vehículos o aeronaves" }, "geometry": { "type": "Point", "coordinates": [ -72.9033, -38.4547 ] } },
{ "type": "Feature", "properties": { "nombre": "NANCAHUE", "comuna": "Lumaco", "combustible": "Pastizal", "causa": "Accidentes eléctricos" }, "geometry": { "type": "Point", "coordinates": [ -72.9089, -38.3008 ] } },
{ "type": "Feature", "properties": { "nombre": "LOS TEMOS", "comuna": "Galvarino", "combustible": "Plantacion eucaliptus", "causa": "Accidentes eléctricos" }, "geometry": { "type": "Point", "coordinates": [ -72.9036, -38.4114 ] } },
{ "type": "Feature", "properties": { "nombre": "ALTO CALBUCO", "comuna": "Lumaco", "combustible": "Matorral", "causa": "Incendios de causa desconocida" }, "geometry": { "type": "Point", "coordinates": [ -73.0122, -38.3631 ] } },
{ "type": "Feature", "properties": { "nombre": "PELLAHUEN", "comuna": "Lumaco", "combustible": "Matorral", "causa": "Faenas forestales" }, "geometry": { "type": "Point", "coordinates": [ -73.0333, -38.3833 ] } },
{ "type": "Feature", "properties": { "nombre": "DIDAICO", "comuna": "Lumaco", "combustible": "Plantacion pino", "causa": "Incendios intencionales" }, "geometry": { "type": "Point", "coordinates": [ -72.9056, -38.2783 ] } },
{ "type": "Feature", "properties": { "nombre": "DIDAICO 2", "comuna": "Lumaco", "combustible": "Desechos", "causa": "Incendios intencionales" }, "geometry": { "type": "Point", "coordinates": [ -72.9186, -38.2769 ] } },
{ "type": "Feature", "properties": { "nombre": "PICHULMAN", "comuna": "Lumaco", "combustible": "Matorral", "causa": "Incendios de causa desconocida" }, "geometry": { "type": "Point", "coordinates": [ -73.0033, -38.3969 ] } },
{ "type": "Feature", "properties": { "nombre": "CANADA", "comuna": "Galvarino", "combustible": "Matorral", "causa": "Tránsito de personas vehículos o aeronaves" }, "geometry": { "type": "Point", "coordinates": [ -72.9142, -38.4442 ] } },
{ "type": "Feature", "properties": { "nombre": "CANADA 2", "comuna": "Galvarino", "combustible": "Plantacion pino", "causa": "Incendios intencionales" }, "geometry": { "type": "Point", "coordinates": [ -72.9147, -38.4539 ] } },
{ "type": "Feature", "properties": { "nombre": "ILOHUE", "comuna": "Galvarino", "combustible": "Pastizal", "causa": "Incendios intencionales" }, "geometry": { "type": "Point", "coordinates": [ -72.9142, -38.4556 ] } },
{ "type": "Feature", "properties": { "nombre": "TRAHUENQUILLEN", "comuna": "Galvarino", "combustible": "Pastizal", "causa": "Tránsito de personas vehículos o aeronaves" }, "geometry": { "type": "Point", "coordinates": [ -72.9081, -38.4464 ] } },
{ "type": "Feature", "properties": { "nombre": "CANADA 2", "comuna": "Galvarino", "combustible": "Plantacion pino", "causa": "Incendios de causa desconocida" }, "geometry": { "type": "Point", "coordinates": [ -72.9086, -38.4508 ] } },
{ "type": "Feature", "properties": { "nombre": "ILOHUE", "comuna": "Galvarino", "combustible": "Pastizal", "causa": "Incendios intencionales" }, "geometry": { "type": "Point", "coordinates": [ -72.8961, -38.4514 ] } },
{ "type": "Feature", "properties": { "nombre": "CANADA 3", "comuna": "Galvarino", "combustible": "Matorral", "causa": "Tránsito de personas vehículos o aeronaves" }, "geometry": { "type": "Point", "coordinates": [ -72.9103, -38.4475 ] } },
{ "type": "Feature", "properties": { "nombre": "ILOHUE", "comuna": "Galvarino", "combustible": "Plantacion eucaliptus", "causa": "Incendios intencionales" }, "geometry": { "type": "Point", "coordinates": [ -72.9061, -38.4572 ] } },
{ "type": "Feature", "properties": { "nombre": "CERRO PARTIDO", "comuna": "Lumaco", "combustible": "Matorral", "causa": "Quema de desechos" }, "geometry": { "type": "Point", "coordinates": [ -72.9483, -38.3022 ] } },
{ "type": "Feature", "properties": { "nombre": "RED. REÑICO", "comuna": "Lumaco", "combustible": "Matorral", "causa": "Tránsito de personas vehículos o aeronaves" }, "geometry": { "type": "Point", "coordinates": [ -72.9342, -38.2667 ] } },
{ "type": "Feature", "properties": { "nombre": "FUNDO ESTADOS UNIDOS", "comuna": "Lautaro", "combustible": "Pastizal", "causa": "Incendios de causa desconocida" }, "geometry": { "type": "Point", "coordinates": [ -72.3431, -38.6125 ] } },
{ "type": "Feature", "properties": { "nombre": "BLANCO LEPIN", "comuna": "Lautaro", "combustible": "Matorral", "causa": "Tránsito de personas vehículos o aeronaves" }, "geometry": { "type": "Point", "coordinates": [ -72.4117, -38.6042 ] } },
{ "type": "Feature", "properties": { "nombre": "FUNDO MIRAFLORES", "comuna": "Lautaro", "combustible": "Matorral", "causa": "Quema de desechos" }, "geometry": { "type": "Point", "coordinates": [ -72.4311, -38.5906 ] } },
{ "type": "Feature", "properties": { "nombre": "CRUCE LAUTARO-GALVARINO", "comuna": "Lautaro", "combustible": "Desechos", "causa": "Faenas agrícolas y pecuarias" }, "geometry": { "type": "Point", "coordinates": [ -72.455, -38.5077 ] } },
{ "type": "Feature", "properties": { "nombre": "EL ALAMO", "comuna": "Lautaro", "combustible": "Pastizal", "causa": "Quema de desechos" }, "geometry": { "type": "Point", "coordinates": [ -72.34, -38.4939 ] } },
{ "type": "Feature", "properties": { "nombre": "QUIÑACO", "comuna": "Lautaro", "combustible": "Pastizal", "causa": "Incendios intencionales" }, "geometry": { "type": "Point", "coordinates": [ -72.3061, -38.4575 ] } },
{ "type": "Feature", "properties": { "nombre": "QUILLEM", "comuna": "Perquenco", "combustible": "Desechos", "causa": "Incendios de causa desconocida" }, "geometry": { "type": "Point", "coordinates": [ -72.3886, -38.4331 ] } },
{ "type": "Feature", "properties": { "nombre": "EL MOLINO", "comuna": "Perquenco", "combustible": "Basural", "causa": "Quema de desechos" }, "geometry": { "type": "Point", "coordinates": [ -72.3847, -38.4192 ] } },
{ "type": "Feature", "properties": { "nombre": "SAN MIGUEL", "comuna": "Perquenco", "combustible": "Matorral", "causa": "Incendios intencionales" }, "geometry": { "type": "Point", "coordinates": [ -72.4658, -38.4064 ] } },
{ "type": "Feature", "properties": { "nombre": "SANTA MARIA - RAILAO", "comuna": "Victoria", "combustible": "Cultivo agrícola", "causa": "Incendios intencionales" }, "geometry": { "type": "Point", "coordinates": [ -72.3433, -38.3575 ] } },
{ "type": "Feature", "properties": { "nombre": "RAILAO", "comuna": "Victoria", "combustible": "Desechos", "causa": "Incendios intencionales" }, "geometry": { "type": "Point", "coordinates": [ -72.34, -38.3542 ] } },
{ "type": "Feature", "properties": { "nombre": "SANTA MARIA", "comuna": "Victoria", "combustible": "Desechos", "causa": "Incendios intencionales" }, "geometry": { "type": "Point", "coordinates": [ -72.3411, -38.3542 ] } },
{ "type": "Feature", "properties": { "nombre": "EL SALTO", "comuna": "Victoria", "combustible": "Cultivo agrícola", "causa": "Faenas agrícolas y pecuarias" }, "geometry": { "type": "Point", "coordinates": [ -72.4483, -38.3164 ] } },
{ "type": "Feature", "properties": { "nombre": "PUA", "comuna": "Victoria", "combustible": "Matorral", "causa": "Faenas forestales" }, "geometry": { "type": "Point", "coordinates": [ -72.3589, -38.2958 ] } },
{ "type": "Feature", "properties": { "nombre": "MAITEN NORTE", "comuna": "Victoria", "combustible": "Desechos", "causa": "Faenas agrícolas y pecuarias" }, "geometry": { "type": "Point", "coordinates": [ -72.4844, -38.2711 ] } },
{ "type": "Feature", "properties": { "nombre": "CACIQUE MARILUAN", "comuna": "Victoria", "combustible": "Pastizal", "causa": "Actividades recreativas" }, "geometry": { "type": "Point", "coordinates": [ -72.3267, -38.2511 ] } },
{ "type": "Feature", "properties": { "nombre": "VISTA HERMOSA", "comuna": "Victoria", "combustible": "Pastizal", "causa": "Actividades recreativas" }, "geometry": { "type": "Point", "coordinates": [ -72.3208, -38.2364 ] } },
{ "type": "Feature", "properties": { "nombre": "BAJO TRAIGUEN", "comuna": "Victoria", "combustible": "Pastizal", "causa": "Tránsito de personas vehículos o aeronaves" }, "geometry": { "type": "Point", "coordinates": [ -72.3222, -38.2303 ] } },
{ "type": "Feature", "properties": { "nombre": "BAJO TRAIGUEN", "comuna": "Victoria", "combustible": "Pastizal", "causa": "Quema de desechos" }, "geometry": { "type": "Point", "coordinates": [ -72.3203, -38.2253 ] } },
{ "type": "Feature", "properties": { "nombre": "BAJO TRAIGUEN", "comuna": "Victoria", "combustible": "Pastizal", "causa": "Actividades recreativas" }, "geometry": { "type": "Point", "coordinates": [ -72.3244, -38.2222 ] } },
{ "type": "Feature", "properties": { "nombre": "EMILIO DELARZE", "comuna": "Victoria", "combustible": "Pastizal", "causa": "Tránsito de personas vehículos o aeronaves" }, "geometry": { "type": "Point", "coordinates": [ -72.3192, -38.2214 ] } },
{ "type": "Feature", "properties": { "nombre": "NUEVO HORIZONTE", "comuna": "Victoria", "combustible": "Pastizal", "causa": "Incendios intencionales" }, "geometry": { "type": "Point", "coordinates": [ -72.3197, -38.2211 ] } },
{ "type": "Feature", "properties": { "nombre": "BAJO TRAIGUEN", "comuna": "Victoria", "combustible": "Pastizal", "causa": "Actividades recreativas" }, "geometry": { "type": "Point", "coordinates": [ -72.3206, -38.2208 ] } },
{ "type": "Feature", "properties": { "nombre": "BAJO TRAIGUEN", "comuna": "Victoria", "combustible": "Pastizal", "causa": "Tránsito de personas vehículos o aeronaves" }, "geometry": { "type": "Point", "coordinates": [ -72.3278, -38.2183 ] } },
{ "type": "Feature", "properties": { "nombre": "BAJO TRAIGUEN", "comuna": "Victoria", "combustible": "Pastizal", "causa": "Actividades recreativas" }, "geometry": { "type": "Point", "coordinates": [ -72.3325, -38.215 ] } },
{ "type": "Feature", "properties": { "nombre": "BAJO TRAIGUEN", "comuna": "Victoria", "combustible": "Pastizal", "causa": "Incendios intencionales" }, "geometry": { "type": "Point", "coordinates": [ -72.3347, -38.2006 ] } },
{ "type": "Feature", "properties": { "nombre": "SAN MIGUEL", "comuna": "Victoria", "combustible": "Desechos", "causa": "Accidentes eléctricos" }, "geometry": { "type": "Point", "coordinates": [ -72.3058, -38.3461 ] } },
{ "type": "Feature", "properties": { "nombre": "LAS PALMAS", "comuna": "Lautaro", "combustible": "Matorral", "causa": "Incendios intencionales" }, "geometry": { "type": "Point", "coordinates": [ -72.4525, -38.505 ] } },
{ "type": "Feature", "properties": { "nombre": "NVO HORIZONTE", "comuna": "Victoria", "combustible": "Pastizal", "causa": "Incendios intencionales" }, "geometry": { "type": "Point", "coordinates": [ -72.3217, -38.2194 ] } },
{ "type": "Feature", "properties": { "nombre": "BLANCO LEPIN", "comuna": "Lautaro", "combustible": "Desechos", "causa": "Faenas forestales" }, "geometry": { "type": "Point", "coordinates": [ -72.3703, -38.6022 ] } },
{ "type": "Feature", "properties": { "nombre": "FUNDO EL ESFUERZO", "comuna": "Victoria", "combustible": "Desechos", "causa": "Faenas agrícolas y pecuarias" }, "geometry": { "type": "Point", "coordinates": [ -72.4264, -38.2378 ] } },
{ "type": "Feature", "properties": { "nombre": "FUNDO SANTA LEONOR", "comuna": "Lautaro", "combustible": "Desechos", "causa": "Faenas agrícolas y pecuarias" }, "geometry": { "type": "Point", "coordinates": [ -72.3147, -38.5108 ] } },
{ "type": "Feature", "properties": { "nombre": "LA TURBINA", "comuna": "Victoria", "combustible": "Plantacion eucaliptus", "causa": "Faenas agrícolas y pecuarias" }, "geometry": { "type": "Point", "coordinates": [ -72.4675, -38.1975 ] } },
{ "type": "Feature", "properties": { "nombre": "SANTA MARIA", "comuna": "Victoria", "combustible": "Desechos", "causa": "Tránsito de personas vehículos o aeronaves" }, "geometry": { "type": "Point", "coordinates": [ -72.3544, -38.3761 ] } },
{ "type": "Feature", "properties": { "nombre": "CALLE BRASIL", "comuna": "Vilcún", "combustible": "Desechos", "causa": "Faenas forestales" }, "geometry": { "type": "Point", "coordinates": [ -72.2925, -38.5756 ] } },
{ "type": "Feature", "properties": { "nombre": "LA CUESTA", "comuna": "Lumaco", "combustible": "Desechos", "causa": "Incendios intencionales" }, "geometry": { "type": "Point", "coordinates": [ -73.1225, -38.2494 ] } },
{ "type": "Feature", "properties": { "nombre": "EL LINGUE II", "comuna": "Lumaco", "combustible": "Plantacion pino", "causa": "Incendios intencionales" }, "geometry": { "type": "Point", "coordinates": [ -73.0753, -38.1783 ] } },
{ "type": "Feature", "properties": { "nombre": "SANTA EMA", "comuna": "Traiguén", "combustible": "Matorral", "causa": "Incendios intencionales" }, "geometry": { "type": "Point", "coordinates": [ -72.5269, -38.185 ] } },
{ "type": "Feature", "properties": { "nombre": "ALBA EL", "comuna": "Traiguén", "combustible": "Matorral", "causa": "Incendios intencionales" }, "geometry": { "type": "Point", "coordinates": [ -72.5235, -38.1445 ] } },
{ "type": "Feature", "properties": { "nombre": "ALBA EL", "comuna": "Traiguén", "combustible": "Matorral", "causa": "Incendios intencionales" }, "geometry": { "type": "Point", "coordinates": [ -72.5423, -38.1282 ] } },
{ "type": "Feature", "properties": { "nombre": "ALBA EL", "comuna": "Traiguén", "combustible": "Matorral", "causa": "Incendios intencionales" }, "geometry": { "type": "Point", "coordinates": [ -72.535, -38.1219 ] } },
{ "type": "Feature", "properties": { "nombre": "REQUEN Y MAGALLANES", "comuna": "Traiguén", "combustible": "Desechos", "causa": "Incendios intencionales" }, "geometry": { "type": "Point", "coordinates": [ -72.5361, -38.1211 ] } },
{ "type": "Feature", "properties": { "nombre": "REQUEN Y MAGALLANES", "comuna": "Traiguén", "combustible": "Desechos", "causa": "Incendios intencionales" }, "geometry": { "type": "Point", "coordinates": [ -72.5294, -38.1164 ] } },
{ "type": "Feature", "properties": { "nombre": "BUEN SOCORRO", "comuna": "Los Sauces", "combustible": "Matorral", "causa": "Incendios intencionales" }, "geometry": { "type": "Point", "coordinates": [ -72.645, -38.1167 ] } },
{ "type": "Feature", "properties": { "nombre": "BUEN SOCORRO", "comuna": "Los Sauces", "combustible": "Matorral", "causa": "Tránsito de personas vehículos o aeronaves" }, "geometry": { "type": "Point", "coordinates": [ -72.6657, -38.1148 ] } },
{ "type": "Feature", "properties": { "nombre": "POLUCO Y PIDENCO", "comuna": "Ercilla", "combustible": "Plantacion eucaliptus", "causa": "Incendios intencionales" }, "geometry": { "type": "Point", "coordinates": [ -72.5067, -38.0578 ] } },
{ "type": "Feature", "properties": { "nombre": "POLUCO Y PIDENCO", "comuna": "Ercilla", "combustible": "Matorral", "causa": "Incendios intencionales" }, "geometry": { "type": "Point", "coordinates": [ -72.5003, -38.0517 ] } },
{ "type": "Feature", "properties": { "nombre": "POLUCO Y PIDENCO", "comuna": "Ercilla", "combustible": "Matorral", "causa": "Incendios intencionales" }, "geometry": { "type": "Point", "coordinates": [ -72.4975, -38.0489 ] } },
{ "type": "Feature", "properties": { "nombre": "POLUCO Y PIDENCO", "comuna": "Ercilla", "combustible": "Matorral", "causa": "Incendios intencionales" }, "geometry": { "type": "Point", "coordinates": [ -72.4989, -38.0478 ] } },
{ "type": "Feature", "properties": { "nombre": "LOS RETAMOS", "comuna": "Ercilla", "combustible": "Matorral", "causa": "Incendios intencionales" }, "geometry": { "type": "Point", "coordinates": [ -72.5111, -38.0472 ] } },
{ "type": "Feature", "properties": { "nombre": "EL MORRO LOTE 2 PART.", "comuna": "Los Sauces", "combustible": "Matorral", "causa": "Incendios intencionales" }, "geometry": { "type": "Point", "coordinates": [ -72.6983, -38.0272 ] } },
{ "type": "Feature", "properties": { "nombre": "TRONICURA PART", "comuna": "Los Sauces", "combustible": "Desechos", "causa": "Accidentes eléctricos" }, "geometry": { "type": "Point", "coordinates": [ -72.6067, -38.0164 ] } },
{ "type": "Feature", "properties": { "nombre": "COLONIA ALBOYANCO", "comuna": "Angol", "combustible": "Plantacion eucaliptus", "causa": "Incendios intencionales" }, "geometry": { "type": "Point", "coordinates": [ -72.5892, -37.9992 ] } },
{ "type": "Feature", "properties": { "nombre": "SANTA ALICIA LOTE A", "comuna": "Angol", "combustible": "Matorral", "causa": "Incendios intencionales" }, "geometry": { "type": "Point", "coordinates": [ -72.5539, -37.9914 ] } },
{ "type": "Feature", "properties": { "nombre": "PARCELA 9 MANUEL RODRIGUEZ", "comuna": "Angol", "combustible": "Pastizal", "causa": "Incendios intencionales" }, "geometry": { "type": "Point", "coordinates": [ -72.5611, -37.9728 ] } },
{ "type": "Feature", "properties": { "nombre": "CHIGUAIGUE", "comuna": "Angol", "combustible": "Matorral", "causa": "Incendios intencionales" }, "geometry": { "type": "Point", "coordinates": [ -72.5836, -37.9644 ] } },
{ "type": "Feature", "properties": { "nombre": "PEMUCO 2 PART.", "comuna": "Los Sauces", "combustible": "Plantacion eucaliptus", "causa": "Accidentes eléctricos" }, "geometry": { "type": "Point", "coordinates": [ -72.6553, -37.9575 ] } },
{ "type": "Feature", "properties": { "nombre": "PISAGUA", "comuna": "Los Sauces", "combustible": "Matorral", "causa": "Faenas forestales" }, "geometry": { "type": "Point", "coordinates": [ -72.6458, -37.9561 ] } },
{ "type": "Feature", "properties": { "nombre": "CENTINELA", "comuna": "Collipulli", "combustible": "Matorral", "causa": "Incendios intencionales" }, "geometry": { "type": "Point", "coordinates": [ -72.524, -37.9361 ] } },
{ "type": "Feature", "properties": { "nombre": "CARMEN DE ANGOL", "comuna": "Angol", "combustible": "Matorral", "causa": "Incendios intencionales" }, "geometry": { "type": "Point", "coordinates": [ -72.5175, -37.9325 ] } },
{ "type": "Feature", "properties": { "nombre": "CARMEN DE ANGOL", "comuna": "Angol", "combustible": "Plantacion eucaliptus", "causa": "Incendios intencionales" }, "geometry": { "type": "Point", "coordinates": [ -72.5272, -37.93 ] } },
{ "type": "Feature", "properties": { "nombre": "CARMEN DE ANGOL", "comuna": "Angol", "combustible": "Matorral", "causa": "Incendios intencionales" }, "geometry": { "type": "Point", "coordinates": [ -72.5336, -37.9267 ] } },
{ "type": "Feature", "properties": { "nombre": "CARMEN DE ANGOL", "comuna": "Angol", "combustible": "Matorral", "causa": "Incendios intencionales" }, "geometry": { "type": "Point", "coordinates": [ -72.5294, -37.9242 ] } },
{ "type": "Feature", "properties": { "nombre": "TOTORAS 3 PART.", "comuna": "Collipulli", "combustible": "Matorral", "causa": "Incendios intencionales" }, "geometry": { "type": "Point", "coordinates": [ -72.5017, -37.9222 ] } },
{ "type": "Feature", "properties": { "nombre": "CARMEN DE ANGOL", "comuna": "Angol", "combustible": "Desechos", "causa": "Incendios intencionales" }, "geometry": { "type": "Point", "coordinates": [ -72.5306, -37.9217 ] } },
{ "type": "Feature", "properties": { "nombre": "SAN LUIS FORTIN HIJ A PART.", "comuna": "Angol", "combustible": "Plantacion eucaliptus", "causa": "Tránsito de personas vehículos o aeronaves" }, "geometry": { "type": "Point", "coordinates": [ -72.645, -37.9236 ] } },
{ "type": "Feature", "properties": { "nombre": "CARMEN DE ANGOL", "comuna": "Angol", "combustible": "Matorral", "causa": "Incendios intencionales" }, "geometry": { "type": "Point", "coordinates": [ -72.5269, -37.9186 ] } },
{ "type": "Feature", "properties": { "nombre": "EL CHEQUEN Y OTROS PART.", "comuna": "Angol", "combustible": "Plantacion eucaliptus", "causa": "Incendios intencionales" }, "geometry": { "type": "Point", "coordinates": [ -72.6939, -37.9089 ] } },
{ "type": "Feature", "properties": { "nombre": "PARCELAS CMR 2-11", "comuna": "Angol", "combustible": "Plantacion eucaliptus", "causa": "Incendios intencionales" }, "geometry": { "type": "Point", "coordinates": [ -72.6003, -37.9656 ] } },
{ "type": "Feature", "properties": { "nombre": "LOS TILOS", "comuna": "Traiguén", "combustible": "Plantacion eucaliptus", "causa": "Incendios intencionales" }, "geometry": { "type": "Point", "coordinates": [ -72.6606, -38.1142 ] } },
{ "type": "Feature", "properties": { "nombre": "SANTA GUILLERMINA", "comuna": "Los Sauces", "combustible": "Plantacion eucaliptus", "causa": "Incendios intencionales" }, "geometry": { "type": "Point", "coordinates": [ -72.6936, -37.9261 ] } },
{ "type": "Feature", "properties": { "nombre": "LA TORRE Y LOS HINOJOS", "comuna": "Los Sauces", "combustible": "Plantacion eucaliptus", "causa": "Incendios intencionales" }, "geometry": { "type": "Point", "coordinates": [ -72.7322, -37.9133 ] } },
{ "type": "Feature", "properties": { "nombre": "LA TORRE Y LOS HINOJOS", "comuna": "Los Sauces", "combustible": "Matorral", "causa": "Incendios intencionales" }, "geometry": { "type": "Point", "coordinates": [ -72.7322, -37.9153 ] } },
{ "type": "Feature", "properties": { "nombre": "SAN JOSE Y ANTOFAGASTA", "comuna": "Traiguén", "combustible": "Matorral", "causa": "Incendios intencionales" }, "geometry": { "type": "Point", "coordinates": [ -72.717, -38.1917 ] } },
{ "type": "Feature", "properties": { "nombre": "TRINTRE", "comuna": "Los Sauces", "combustible": "Matorral", "causa": "Quema de desechos" }, "geometry": { "type": "Point", "coordinates": [ -72.7392, -37.9203 ] } },
{ "type": "Feature", "properties": { "nombre": "PELEHUITO", "comuna": "Los Sauces", "combustible": "Desechos", "causa": "Faenas agrícolas y pecuarias" }, "geometry": { "type": "Point", "coordinates": [ -72.7483, -38.0278 ] } },
{ "type": "Feature", "properties": { "nombre": "RINCONADA", "comuna": "Traiguén", "combustible": "Pastizal", "causa": "Actividades recreativas" }, "geometry": { "type": "Point", "coordinates": [ -72.6464, -38.2353 ] } },
{ "type": "Feature", "properties": { "nombre": "PISAGUA", "comuna": "Los Sauces", "combustible": "Pastizal", "causa": "Accidentes eléctricos" }, "geometry": { "type": "Point", "coordinates": [ -72.6553, -37.9567 ] } },
{ "type": "Feature", "properties": { "nombre": "EL MANZANO", "comuna": "Traiguén", "combustible": "Matorral", "causa": "Incendios de causa desconocida" }, "geometry": { "type": "Point", "coordinates": [ -72.6764, -38.1881 ] } },
{ "type": "Feature", "properties": { "nombre": "PIDENCO", "comuna": "Ercilla", "combustible": "Plantacion eucaliptus", "causa": "Incendios intencionales" }, "geometry": { "type": "Point", "coordinates": [ -72.5222, -38.035 ] } },
{ "type": "Feature", "properties": { "nombre": "LA UNION", "comuna": "Los Sauces", "combustible": "Pastizal", "causa": "Confección y/o extracción productos secundarios del bosque" }, "geometry": { "type": "Point", "coordinates": [ -72.6608, -38.1139 ] } },
{ "type": "Feature", "properties": { "nombre": "EL MANZANO", "comuna": "Los Sauces", "combustible": "Plantacion eucaliptus", "causa": "Tránsito de personas vehículos o aeronaves" }, "geometry": { "type": "Point", "coordinates": [ -72.6478, -37.9263 ] } },
{ "type": "Feature", "properties": { "nombre": "LONCOMAHUIDA", "comuna": "Collipulli", "combustible": "Matorral", "causa": "Tránsito de personas vehículos o aeronaves" }, "geometry": { "type": "Point", "coordinates": [ -72.4972, -37.9878 ] } },
{ "type": "Feature", "properties": { "nombre": "PELEHUITO", "comuna": "Los Sauces", "combustible": "Plantacion eucaliptus", "causa": "Tránsito de personas vehículos o aeronaves" }, "geometry": { "type": "Point", "coordinates": [ -72.7, -38.0281 ] } },
{ "type": "Feature", "properties": { "nombre": "CHUMAY", "comuna": "Traiguén", "combustible": "Pastizal", "causa": "Tránsito de personas vehículos o aeronaves" }, "geometry": { "type": "Point", "coordinates": [ -72.6864, -38.2453 ] } },
{ "type": "Feature", "properties": { "nombre": "PELEHUITO", "comuna": "Los Sauces", "combustible": "Pastizal", "causa": "Tránsito de personas vehículos o aeronaves" }, "geometry": { "type": "Point", "coordinates": [ -72.7019, -38.0267 ] } },
{ "type": "Feature", "properties": { "nombre": "PELEHUITO 2", "comuna": "Los Sauces", "combustible": "Plantacion eucaliptus", "causa": "Tránsito de personas vehículos o aeronaves" }, "geometry": { "type": "Point", "coordinates": [ -72.7011, -38.0308 ] } },
{ "type": "Feature", "properties": { "nombre": "PELEHUITO", "comuna": "Los Sauces", "combustible": "Plantacion eucaliptus", "causa": "Faenas forestales" }, "geometry": { "type": "Point", "coordinates": [ -72.77, -38.0186 ] } },
{ "type": "Feature", "properties": { "nombre": "POLUCO Y PIDENCO", "comuna": "Ercilla", "combustible": "Matorral", "causa": "Incendios intencionales" }, "geometry": { "type": "Point", "coordinates": [ -72.4894, -38.0783 ] } },
{ "type": "Feature", "properties": { "nombre": "POLUCO Y PIDENCO", "comuna": "Ercilla", "combustible": "Matorral", "causa": "Incendios intencionales" }, "geometry": { "type": "Point", "coordinates": [ -72.4806, -38.0781 ] } },
{ "type": "Feature", "properties": { "nombre": "POLUCO Y PIDENCO", "comuna": "Ercilla", "combustible": "Matorral", "causa": "Incendios intencionales" }, "geometry": { "type": "Point", "coordinates": [ -72.4867, -38.0739 ] } },
{ "type": "Feature", "properties": { "nombre": "EL ROSAL PART.", "comuna": "Ercilla", "combustible": "Cultivo agrícola", "causa": "Quema de desechos" }, "geometry": { "type": "Point", "coordinates": [ -72.3094, -38.065 ] } },
{ "type": "Feature", "properties": { "nombre": "POLUCO Y PIDENCO", "comuna": "Ercilla", "combustible": "Matorral", "causa": "Incendios intencionales" }, "geometry": { "type": "Point", "coordinates": [ -72.4794, -38.0647 ] } },
{ "type": "Feature", "properties": { "nombre": "POLUCO Y PIDENCO", "comuna": "Ercilla", "combustible": "Matorral", "causa": "Incendios intencionales" }, "geometry": { "type": "Point", "coordinates": [ -72.4867, -38.0483 ] } },
{ "type": "Feature", "properties": { "nombre": "POLUCO Y PIDENCO", "comuna": "Ercilla", "combustible": "Plantacion eucaliptus", "causa": "Incendios intencionales" }, "geometry": { "type": "Point", "coordinates": [ -72.4875, -38.0483 ] } },
{ "type": "Feature", "properties": { "nombre": "POLUCO Y PIDENCO", "comuna": "Ercilla", "combustible": "Matorral", "causa": "Incendios intencionales" }, "geometry": { "type": "Point", "coordinates": [ -72.4922, -38.0472 ] } },
{ "type": "Feature", "properties": { "nombre": "PARCELAS CHEQUENCO", "comuna": "Ercilla", "combustible": "Matorral", "causa": "Incendios intencionales" }, "geometry": { "type": "Point", "coordinates": [ -72.4344, -38.0353 ] } },
{ "type": "Feature", "properties": { "nombre": "PARCELAS 23 Y 7 SAN RAMON", "comuna": "Ercilla", "combustible": "Matorral", "causa": "Incendios intencionales" }, "geometry": { "type": "Point", "coordinates": [ -72.4733, -38.0306 ] } },
{ "type": "Feature", "properties": { "nombre": "SAN RAMÓN", "comuna": "Ercilla", "combustible": "Plantacion eucaliptus", "causa": "Incendios intencionales" }, "geometry": { "type": "Point", "coordinates": [ -72.4717, -38.0303 ] } },
{ "type": "Feature", "properties": { "nombre": "PARCELAS 23 Y 7 SAN RAMON", "comuna": "Ercilla", "combustible": "Plantacion eucaliptus", "causa": "Incendios intencionales" }, "geometry": { "type": "Point", "coordinates": [ -72.4736, -38.0269 ] } },
{ "type": "Feature", "properties": { "nombre": "PARCELA I SAN RAMON", "comuna": "Ercilla", "combustible": "Matorral", "causa": "Incendios intencionales" }, "geometry": { "type": "Point", "coordinates": [ -72.4364, -38.0239 ] } },
{ "type": "Feature", "properties": { "nombre": "PICHACO LOTE A PART.", "comuna": "Collipulli", "combustible": "Cultivo agrícola", "causa": "Incendios intencionales" }, "geometry": { "type": "Point", "coordinates": [ -72.3556, -38.0197 ] } },
{ "type": "Feature", "properties": { "nombre": "SANTA CATALINA", "comuna": "Collipulli", "combustible": "Desechos", "causa": "Incendios intencionales" }, "geometry": { "type": "Point", "coordinates": [ -72.3186, -38.0183 ] } },
{ "type": "Feature", "properties": { "nombre": "CURACO", "comuna": "Collipulli", "combustible": "Matorral", "causa": "Tránsito de personas vehículos o aeronaves" }, "geometry": { "type": "Point", "coordinates": [ -72.3653, -38.0175 ] } },
{ "type": "Feature", "properties": { "nombre": "CHOCOMBE", "comuna": "Ercilla", "combustible": "Pastizal", "causa": "Accidentes eléctricos" }, "geometry": { "type": "Point", "coordinates": [ -72.4161, -38.0175 ] } },
{ "type": "Feature", "properties": { "nombre": "ARRATIA", "comuna": "Ercilla", "combustible": "Matorral", "causa": "Accidentes eléctricos" }, "geometry": { "type": "Point", "coordinates": [ -72.4142, -38.0162 ] } },
{ "type": "Feature", "properties": { "nombre": "SAN JOSE DE PICHACO PART.", "comuna": "Collipulli", "combustible": "Pastizal", "causa": "Incendios intencionales" }, "geometry": { "type": "Point", "coordinates": [ -72.3656, -38.0147 ] } },
{ "type": "Feature", "properties": { "nombre": "PARCELAS EL SOL PART.", "comuna": "Collipulli", "combustible": "Plantacion eucaliptus", "causa": "Faenas agrícolas y pecuarias" }, "geometry": { "type": "Point", "coordinates": [ -72.3889, -38.0019 ] } },
{ "type": "Feature", "properties": { "nombre": "CRUZADA LA", "comuna": "Ercilla", "combustible": "Matorral", "causa": "Incendios intencionales" }, "geometry": { "type": "Point", "coordinates": [ -72.4006, -38.0336 ] } },
{ "type": "Feature", "properties": { "nombre": "CRUZADA LA", "comuna": "Ercilla", "combustible": "Matorral", "causa": "Incendios intencionales" }, "geometry": { "type": "Point", "coordinates": [ -72.4092, -38.0427 ] } },
{ "type": "Feature", "properties": { "nombre": "CRUCE PIDIMA", "comuna": "Ercilla", "combustible": "Matorral", "causa": "Tránsito de personas vehículos o aeronaves" }, "geometry": { "type": "Point", "coordinates": [ -72.3825, -38.06 ] } },
{ "type": "Feature", "properties": { "nombre": "PIDIMA", "comuna": "Ercilla", "combustible": "Pastizal", "causa": "Incendios intencionales" }, "geometry": { "type": "Point", "coordinates": [ -72.4342, -38.0297 ] } },
{ "type": "Feature", "properties": { "nombre": "PIDIMA 2", "comuna": "Ercilla", "combustible": "Plantacion eucaliptus", "causa": "Incendios intencionales" }, "geometry": { "type": "Point", "coordinates": [ -72.4322, -38.0333 ] } },
{ "type": "Feature", "properties": { "nombre": "SAN JOSE DE CHOCOMBE Y OT", "comuna": "Ercilla", "combustible": "Matorral", "causa": "Incendios intencionales" }, "geometry": { "type": "Point", "coordinates": [ -72.395, -38.0189 ] } },
{ "type": "Feature", "properties": { "nombre": "PARCELA I SAN RAMON", "comuna": "Ercilla", "combustible": "Matorral", "causa": "Incendios intencionales" }, "geometry": { "type": "Point", "coordinates": [ -72.4333, -38.0208 ] } },
{ "type": "Feature", "properties": { "nombre": "CRUCE PIDIMA NORTE", "comuna": "Ercilla", "combustible": "Matorral", "causa": "Tránsito de personas vehículos o aeronaves" }, "geometry": { "type": "Point", "coordinates": [ -72.4089, -38.0047 ] } },
{ "type": "Feature", "properties": { "nombre": "ANCAPI ÑANCUCHEO", "comuna": "Ercilla", "combustible": "Pastizal", "causa": "Incendios intencionales" }, "geometry": { "type": "Point", "coordinates": [ -72.4422, -38.0539 ] } },
{ "type": "Feature", "properties": { "nombre": "CURACO", "comuna": "Collipulli", "combustible": "Desechos", "causa": "Faenas agrícolas y pecuarias" }, "geometry": { "type": "Point", "coordinates": [ -72.3449, -38.0111 ] } },
{ "type": "Feature", "properties": { "nombre": "SAN RAMON", "comuna": "Ercilla", "combustible": "Matorral", "causa": "Incendios intencionales" }, "geometry": { "type": "Point", "coordinates": [ -72.4533, -38.0117 ] } },
{ "type": "Feature", "properties": { "nombre": "CHEQUENCO", "comuna": "Ercilla", "combustible": "Pastizal", "causa": "Incendios intencionales" }, "geometry": { "type": "Point", "coordinates": [ -72.4672, -38.0197 ] } },
{ "type": "Feature", "properties": { "nombre": "PERALES DE DEUCO", "comuna": "Los Sauces", "combustible": "Desechos", "causa": "Tránsito de personas vehículos o aeronaves" }, "geometry": { "type": "Point", "coordinates": [ -72.9903, -37.9814 ] } },
{ "type": "Feature", "properties": { "nombre": "LOS TOLDOS VEGAS BLANCAS", "comuna": "Angol", "combustible": "Pastizal", "causa": "Accidentes eléctricos" }, "geometry": { "type": "Point", "coordinates": [ -72.9747, -37.8611 ] } },
{ "type": "Feature", "properties": { "nombre": "HUITRANLEBU", "comuna": "Los Sauces", "combustible": "Basural", "causa": "Quema de desechos" }, "geometry": { "type": "Point", "coordinates": [ -72.9278, -38.0114 ] } },
{ "type": "Feature", "properties": { "nombre": "HIJUELA ORIENTE SAN FRANC", "comuna": "Los Sauces", "combustible": "Matorral", "causa": "Accidentes eléctricos" }, "geometry": { "type": "Point", "coordinates": [ -72.8208, -37.9517 ] } },
{ "type": "Feature", "properties": { "nombre": "TRINTRE", "comuna": "Los Sauces", "combustible": "Matorral", "causa": "Incendios intencionales" }, "geometry": { "type": "Point", "coordinates": [ -72.7438, -37.9297 ] } },
{ "type": "Feature", "properties": { "nombre": "LA TORRE Y LOS HINOJOS", "comuna": "Los Sauces", "combustible": "Plantacion pino", "causa": "Incendios intencionales" }, "geometry": { "type": "Point", "coordinates": [ -72.7417, -37.9292 ] } },
{ "type": "Feature", "properties": { "nombre": "EL ENCANTO II", "comuna": "Los Sauces", "combustible": "Desechos", "causa": "Faenas forestales" }, "geometry": { "type": "Point", "coordinates": [ -72.7881, -37.9281 ] } },
{ "type": "Feature", "properties": { "nombre": "TRINTRE", "comuna": "Los Sauces", "combustible": "Pastizal", "causa": "Faenas forestales" }, "geometry": { "type": "Point", "coordinates": [ -72.7505, -37.9224 ] } },
{ "type": "Feature", "properties": { "nombre": "LA TORRE Y LOS HINOJOS", "comuna": "Los Sauces", "combustible": "Pastizal", "causa": "Incendios de causa desconocida" }, "geometry": { "type": "Point", "coordinates": [ -72.7497, -37.9211 ] } },
{ "type": "Feature", "properties": { "nombre": "TRINTRE", "comuna": "Los Sauces", "combustible": "Matorral", "causa": "Incendios intencionales" }, "geometry": { "type": "Point", "coordinates": [ -72.7534, -37.9208 ] } },
{ "type": "Feature", "properties": { "nombre": "TRINTRE", "comuna": "Los Sauces", "combustible": "Matorral", "causa": "Tránsito de personas vehículos o aeronaves" }, "geometry": { "type": "Point", "coordinates": [ -72.7623, -37.9206 ] } },
{ "type": "Feature", "properties": { "nombre": "TRINTRE", "comuna": "Los Sauces", "combustible": "Plantacion eucaliptus", "causa": "Incendios de causa desconocida" }, "geometry": { "type": "Point", "coordinates": [ -72.7581, -37.9203 ] } },
{ "type": "Feature", "properties": { "nombre": "EL ENCANTO II PART.", "comuna": "Los Sauces", "combustible": "Plantacion eucaliptus", "causa": "Incendios intencionales" }, "geometry": { "type": "Point", "coordinates": [ -72.7592, -37.9203 ] } },
{ "type": "Feature", "properties": { "nombre": "EL ENCANTO II", "comuna": "Los Sauces", "combustible": "Plantacion eucaliptus", "causa": "Incendios intencionales" }, "geometry": { "type": "Point", "coordinates": [ -72.7575, -37.92 ] } },
{ "type": "Feature", "properties": { "nombre": "TRINTRE", "comuna": "Los Sauces", "combustible": "Matorral", "causa": "Incendios intencionales" }, "geometry": { "type": "Point", "coordinates": [ -72.7579, -37.9196 ] } },
{ "type": "Feature", "properties": { "nombre": "EL ENCANTO II PART.", "comuna": "Los Sauces", "combustible": "Matorral", "causa": "Accidentes eléctricos" }, "geometry": { "type": "Point", "coordinates": [ -72.7678, -37.9186 ] } },
{ "type": "Feature", "properties": { "nombre": "SAN JOSE LOTE-A", "comuna": "Angol", "combustible": "Matorral", "causa": "Tránsito de personas vehículos o aeronaves" }, "geometry": { "type": "Point", "coordinates": [ -72.8611, -37.8144 ] } },
{ "type": "Feature", "properties": { "nombre": "SANTA ELISA", "comuna": "Angol", "combustible": "Matorral", "causa": "Accidentes eléctricos" }, "geometry": { "type": "Point", "coordinates": [ -72.8447, -37.5931 ] } },
{ "type": "Feature", "properties": { "nombre": "PUENTE REHUE", "comuna": "Los Sauces", "combustible": "Matorral", "causa": "Accidentes eléctricos" }, "geometry": { "type": "Point", "coordinates": [ -72.8217, -37.9533 ] } },
{ "type": "Feature", "properties": { "nombre": "MORTANDAD 1", "comuna": "Collipulli", "combustible": "Matorral", "causa": "Incendios intencionales" }, "geometry": { "type": "Point", "coordinates": [ -72.4461, -37.9053 ] } },
{ "type": "Feature", "properties": { "nombre": "PAN GRANDE", "comuna": "Collipulli", "combustible": "Matorral", "causa": "Incendios intencionales" }, "geometry": { "type": "Point", "coordinates": [ -72.4111, -37.8864 ] } },
{ "type": "Feature", "properties": { "nombre": "LA ESPERANZA PART.", "comuna": "Collipulli", "combustible": "Pastizal", "causa": "Incendios intencionales" }, "geometry": { "type": "Point", "coordinates": [ -72.3819, -37.8594 ] } },
{ "type": "Feature", "properties": { "nombre": "LA ESPERANZA", "comuna": "Collipulli", "combustible": "Matorral", "causa": "Incendios intencionales" }, "geometry": { "type": "Point", "coordinates": [ -72.3831, -37.8589 ] } },
{ "type": "Feature", "properties": { "nombre": "LA ESPERANZA", "comuna": "Collipulli", "combustible": "Pastizal", "causa": "Incendios intencionales" }, "geometry": { "type": "Point", "coordinates": [ -72.3847, -37.8581 ] } },
{ "type": "Feature", "properties": { "nombre": "INVERNADA PART.", "comuna": "Collipulli", "combustible": "Matorral", "causa": "Incendios intencionales" }, "geometry": { "type": "Point", "coordinates": [ -72.395, -37.8581 ] } },
{ "type": "Feature", "properties": { "nombre": "LA ESPERANZA PART.", "comuna": "Collipulli", "combustible": "Matorral", "causa": "Incendios intencionales" }, "geometry": { "type": "Point", "coordinates": [ -72.38, -37.8569 ] } },
{ "type": "Feature", "properties": { "nombre": "LA ESPERANZA", "comuna": "Collipulli", "combustible": "Matorral", "causa": "Incendios de causa desconocida" }, "geometry": { "type": "Point", "coordinates": [ -72.3819, -37.8564 ] } },
{ "type": "Feature", "properties": { "nombre": "MININCO", "comuna": "Collipulli", "combustible": "Matorral", "causa": "Incendios intencionales" }, "geometry": { "type": "Point", "coordinates": [ -72.4425, -37.8575 ] } },
{ "type": "Feature", "properties": { "nombre": "LA ESPERANZA PART.", "comuna": "Collipulli", "combustible": "Matorral", "causa": "Incendios intencionales" }, "geometry": { "type": "Point", "coordinates": [ -72.3825, -37.8558 ] } },
{ "type": "Feature", "properties": { "nombre": "LA ESPERANZA", "comuna": "Collipulli", "combustible": "Matorral", "causa": "Incendios de causa desconocida" }, "geometry": { "type": "Point", "coordinates": [ -72.3903, -37.8544 ] } },
{ "type": "Feature", "properties": { "nombre": "LA ESCUADRA", "comuna": "Collipulli", "combustible": "Matorral", "causa": "Incendios intencionales" }, "geometry": { "type": "Point", "coordinates": [ -72.4136, -37.8539 ] } },
{ "type": "Feature", "properties": { "nombre": "LA ESPERANZA", "comuna": "Collipulli", "combustible": "Matorral", "causa": "Incendios intencionales" }, "geometry": { "type": "Point", "coordinates": [ -72.3861, -37.8522 ] } },
{ "type": "Feature", "properties": { "nombre": "LA ESPERANZA PART.", "comuna": "Collipulli", "combustible": "Matorral", "causa": "Incendios intencionales" }, "geometry": { "type": "Point", "coordinates": [ -72.3786, -37.8519 ] } },
{ "type": "Feature", "properties": { "nombre": "LA ESPERANZA", "comuna": "Collipulli", "combustible": "Matorral", "causa": "Incendios intencionales" }, "geometry": { "type": "Point", "coordinates": [ -72.3911, -37.8511 ] } },
{ "type": "Feature", "properties": { "nombre": "LA ESPERANZA", "comuna": "Collipulli", "combustible": "Plantacion pino", "causa": "Incendios intencionales" }, "geometry": { "type": "Point", "coordinates": [ -72.3878, -37.85 ] } },
{ "type": "Feature", "properties": { "nombre": "LA ESPERANZA", "comuna": "Collipulli", "combustible": "Matorral", "causa": "Confección y/o extracción productos secundarios del bosque" }, "geometry": { "type": "Point", "coordinates": [ -72.3892, -37.8467 ] } },
{ "type": "Feature", "properties": { "nombre": "LA MANANA", "comuna": "Collipulli", "combustible": "Matorral", "causa": "Incendios intencionales" }, "geometry": { "type": "Point", "coordinates": [ -72.4081, -37.8442 ] } },
{ "type": "Feature", "properties": { "nombre": "SANTA MARGARITA PART", "comuna": "Collipulli", "combustible": "Plantacion eucaliptus", "causa": "Incendios intencionales" }, "geometry": { "type": "Point", "coordinates": [ -72.4372, -37.8364 ] } },
{ "type": "Feature", "properties": { "nombre": "SANTA MARGARITA", "comuna": "Collipulli", "combustible": "Desechos", "causa": "Incendios intencionales" }, "geometry": { "type": "Point", "coordinates": [ -72.4272, -37.8333 ] } },
{ "type": "Feature", "properties": { "nombre": "SANTA MARGARITA PART.", "comuna": "Collipulli", "combustible": "Matorral", "causa": "Incendios intencionales" }, "geometry": { "type": "Point", "coordinates": [ -72.4236, -37.8319 ] } },
{ "type": "Feature", "properties": { "nombre": "MININCO PART.", "comuna": "Collipulli", "combustible": "Matorral", "causa": "Incendios intencionales" }, "geometry": { "type": "Point", "coordinates": [ -72.4575, -37.8314 ] } },
{ "type": "Feature", "properties": { "nombre": "SANTA MARGARITA PART.", "comuna": "Collipulli", "combustible": "Cultivo agrícola", "causa": "Faenas agrícolas y pecuarias" }, "geometry": { "type": "Point", "coordinates": [ -72.4222, -37.8306 ] } },
{ "type": "Feature", "properties": { "nombre": "SANTA MARGARITA PART.", "comuna": "Collipulli", "combustible": "Matorral", "causa": "Incendios intencionales" }, "geometry": { "type": "Point", "coordinates": [ -72.4314, -37.8269 ] } },
{ "type": "Feature", "properties": { "nombre": "LOS PINOS PART.", "comuna": "Collipulli", "combustible": "Matorral", "causa": "Incendios intencionales" }, "geometry": { "type": "Point", "coordinates": [ -72.4314, -37.8264 ] } },
{ "type": "Feature", "properties": { "nombre": "EL RECINTO (CORR 30) DENTRO", "comuna": "Collipulli", "combustible": "Matorral", "causa": "Incendios intencionales" }, "geometry": { "type": "Point", "coordinates": [ -72.3906, -37.8489 ] } },
{ "type": "Feature", "properties": { "nombre": "EL RECINTO (CORR 35) AMENAZA", "comuna": "Collipulli", "combustible": "Matorral", "causa": "Incendios intencionales" }, "geometry": { "type": "Point", "coordinates": [ -72.3958, -37.8575 ] } },
{ "type": "Feature", "properties": { "nombre": "SANTA LUISA", "comuna": "Angol", "combustible": "Pastizal", "causa": "Quema de desechos" }, "geometry": { "type": "Point", "coordinates": [ -72.4247, -37.8364 ] } },
{ "type": "Feature", "properties": { "nombre": "LA ESPERANZA", "comuna": "Collipulli", "combustible": "Plantacion eucaliptus", "causa": "Faenas forestales" }, "geometry": { "type": "Point", "coordinates": [ -72.4019, -37.8581 ] } },
{ "type": "Feature", "properties": { "nombre": "EL CHEQUEN Y OTROS", "comuna": "Angol", "combustible": "Matorral", "causa": "Incendios intencionales" }, "geometry": { "type": "Point", "coordinates": [ -72.6775, -37.8939 ] } },
{ "type": "Feature", "properties": { "nombre": "LOS ALAMOS PARC.#13 Y #16", "comuna": "Angol", "combustible": "Matorral", "causa": "Tránsito de personas vehículos o aeronaves" }, "geometry": { "type": "Point", "coordinates": [ -72.6339, -37.8906 ] } },
{ "type": "Feature", "properties": { "nombre": "TRONICURA", "comuna": "Los Sauces", "combustible": "Plantacion pino", "causa": "Incendios de causa desconocida" }, "geometry": { "type": "Point", "coordinates": [ -72.7089, -37.8756 ] } },
{ "type": "Feature", "properties": { "nombre": "TRABULEMU", "comuna": "Angol", "combustible": "Matorral", "causa": "Faenas agrícolas y pecuarias" }, "geometry": { "type": "Point", "coordinates": [ -72.6817, -37.8733 ] } },
{ "type": "Feature", "properties": { "nombre": "EL CHEQUEN Y OTROS", "comuna": "Angol", "combustible": "Matorral", "causa": "Incendios intencionales" }, "geometry": { "type": "Point", "coordinates": [ -72.7133, -37.8664 ] } },
{ "type": "Feature", "properties": { "nombre": "REHUE", "comuna": "Angol", "combustible": "Plantacion eucaliptus", "causa": "Tránsito de personas vehículos o aeronaves" }, "geometry": { "type": "Point", "coordinates": [ -72.72, -37.8583 ] } },
{ "type": "Feature", "properties": { "nombre": "SANTA ALICIA", "comuna": "Angol", "combustible": "Matorral", "causa": "Incendios intencionales" }, "geometry": { "type": "Point", "coordinates": [ -72.7198, -37.8583 ] } },
{ "type": "Feature", "properties": { "nombre": "SANTA ZENAIDA 2", "comuna": "Angol", "combustible": "Matorral", "causa": "Incendios intencionales" }, "geometry": { "type": "Point", "coordinates": [ -72.7031, -37.8522 ] } },
{ "type": "Feature", "properties": { "nombre": "SAN LORENZO", "comuna": "Angol", "combustible": "Desechos", "causa": "Incendios intencionales" }, "geometry": { "type": "Point", "coordinates": [ -72.6169, -37.845 ] } },
{ "type": "Feature", "properties": { "nombre": "EL VERGEL", "comuna": "Angol", "combustible": "Arbolado natural", "causa": "Incendios de causa desconocida" }, "geometry": { "type": "Point", "coordinates": [ -72.6411, -37.8417 ] } },
{ "type": "Feature", "properties": { "nombre": "SANTA ZENAIDA", "comuna": "Angol", "combustible": "Plantacion pino", "causa": "Incendios intencionales" }, "geometry": { "type": "Point", "coordinates": [ -72.708, -37.8382 ] } },
{ "type": "Feature", "properties": { "nombre": "VILLA EL PARQUE", "comuna": "Angol", "combustible": "Matorral", "causa": "Faenas forestales" }, "geometry": { "type": "Point", "coordinates": [ -72.6647, -37.8319 ] } },
{ "type": "Feature", "properties": { "nombre": "SANTA MARINA LOTE B 2", "comuna": "Renaico", "combustible": "Desechos", "causa": "Faenas forestales" }, "geometry": { "type": "Point", "coordinates": [ -72.5311, -37.8231 ] } },
{ "type": "Feature", "properties": { "nombre": "ARCADIA", "comuna": "Angol", "combustible": "Matorral", "causa": "Incendios intencionales" }, "geometry": { "type": "Point", "coordinates": [ -72.6392, -37.8236 ] } },
{ "type": "Feature", "properties": { "nombre": "ARCADIA", "comuna": "Angol", "combustible": "Pastizal", "causa": "Actividades recreativas" }, "geometry": { "type": "Point", "coordinates": [ -72.6394, -37.8233 ] } },
{ "type": "Feature", "properties": { "nombre": "EL RECREO", "comuna": "Angol", "combustible": "Pastizal", "causa": "Quema de desechos" }, "geometry": { "type": "Point", "coordinates": [ -72.6528, -37.8144 ] } },
{ "type": "Feature", "properties": { "nombre": "LA PETA", "comuna": "Angol", "combustible": "Pastizal", "causa": "Tránsito de personas vehículos o aeronaves" }, "geometry": { "type": "Point", "coordinates": [ -72.7347, -37.8125 ] } },
{ "type": "Feature", "properties": { "nombre": "EL RETIRO", "comuna": "Angol", "combustible": "Pastizal", "causa": "Actividades recreativas" }, "geometry": { "type": "Point", "coordinates": [ -72.725, -37.7986 ] } },
{ "type": "Feature", "properties": { "nombre": "MAITEN - REHUE", "comuna": "Angol", "combustible": "Basural", "causa": "Quema de desechos" }, "geometry": { "type": "Point", "coordinates": [ -72.6983, -37.7803 ] } },
{ "type": "Feature", "properties": { "nombre": "LA ROMANA", "comuna": "Angol", "combustible": "Pastizal", "causa": "Incendios de causa desconocida" }, "geometry": { "type": "Point", "coordinates": [ -72.6894, -37.8578 ] } },
{ "type": "Feature", "properties": { "nombre": "HUEQUEN ALTO", "comuna": "Angol", "combustible": "Pastizal", "causa": "Actividades extinción incendios forestales incendios estructurales u otros" }, "geometry": { "type": "Point", "coordinates": [ -72.6669, -37.8861 ] } },
{ "type": "Feature", "properties": { "nombre": "BADO BUENOS AIRES", "comuna": "Angol", "combustible": "Pastizal", "causa": "Tránsito de personas vehículos o aeronaves" }, "geometry": { "type": "Point", "coordinates": [ -72.6789, -37.7958 ] } },
{ "type": "Feature", "properties": { "nombre": "EL PARQUE", "comuna": "Angol", "combustible": "Pastizal", "causa": "Tránsito de personas vehículos o aeronaves" }, "geometry": { "type": "Point", "coordinates": [ -72.6492, -37.8856 ] } },
{ "type": "Feature", "properties": { "nombre": "TRINTRE", "comuna": "Angol", "combustible": "Pastizal", "causa": "Incendios de causa desconocida" }, "geometry": { "type": "Point", "coordinates": [ -72.7103, -37.86 ] } },
{ "type": "Feature", "properties": { "nombre": "HUEQUEN", "comuna": "Angol", "combustible": "Pastizal", "causa": "Faenas agrícolas y pecuarias" }, "geometry": { "type": "Point", "coordinates": [ -72.6667, -37.8164 ] } },
{ "type": "Feature", "properties": { "nombre": "CHACAICO", "comuna": "Angol", "combustible": "Pastizal", "causa": "Tránsito de personas vehículos o aeronaves" }, "geometry": { "type": "Point", "coordinates": [ -72.6697, -37.8878 ] } },
{ "type": "Feature", "properties": { "nombre": "BUENOS AIRES", "comuna": "Angol", "combustible": "Matorral", "causa": "Actividades recreativas" }, "geometry": { "type": "Point", "coordinates": [ -72.6589, -37.7914 ] } },
{ "type": "Feature", "properties": { "nombre": "EL RETIRO", "comuna": "Angol", "combustible": "Pastizal", "causa": "Quema de desechos" }, "geometry": { "type": "Point", "coordinates": [ -72.7225, -37.7989 ] } },
{ "type": "Feature", "properties": { "nombre": "VEGAS BLANCAS", "comuna": "Angol", "combustible": "Pastizal", "causa": "Otras actividades" }, "geometry": { "type": "Point", "coordinates": [ -72.8992, -37.8344 ] } },
{ "type": "Feature", "properties": { "nombre": "SAN JUAN", "comuna": "Angol", "combustible": "Pastizal", "causa": "Confección y/o extracción productos secundarios del bosque" }, "geometry": { "type": "Point", "coordinates": [ -72.6869, -37.86 ] } },
{ "type": "Feature", "properties": { "nombre": "MAITENRREHUE", "comuna": "Angol", "combustible": "Pastizal", "causa": "Tránsito de personas vehículos o aeronaves" }, "geometry": { "type": "Point", "coordinates": [ -72.705, -37.7631 ] } },
{ "type": "Feature", "properties": { "nombre": "TRARULEMU", "comuna": "Los Sauces", "combustible": "Pastizal", "causa": "Incendios intencionales" }, "geometry": { "type": "Point", "coordinates": [ -72.6611, -37.8989 ] } },
{ "type": "Feature", "properties": { "nombre": "SANTA ELENA", "comuna": "Angol", "combustible": "Matorral", "causa": "Quema de desechos" }, "geometry": { "type": "Point", "coordinates": [ -72.5978, -37.8669 ] } },
{ "type": "Feature", "properties": { "nombre": "AURORA DE CHILE", "comuna": "Angol", "combustible": "Desechos", "causa": "Incendios intencionales" }, "geometry": { "type": "Point", "coordinates": [ -72.6343, -37.8865 ] } },
{ "type": "Feature", "properties": { "nombre": "PUENTE MALLECO", "comuna": "Angol", "combustible": "Pastizal", "causa": "Tránsito de personas vehículos o aeronaves" }, "geometry": { "type": "Point", "coordinates": [ -72.6592, -37.7958 ] } },
{ "type": "Feature", "properties": { "nombre": "MORRO VERDE", "comuna": "Angol", "combustible": "Desechos", "causa": "Faenas forestales" }, "geometry": { "type": "Point", "coordinates": [ -72.9639, -37.8406 ] } },
{ "type": "Feature", "properties": { "nombre": "SANTA MARGARITA PART", "comuna": "Collipulli", "combustible": "Pastizal", "causa": "Tránsito de personas vehículos o aeronaves" }, "geometry": { "type": "Point", "coordinates": [ -72.4414, -37.8081 ] } },
{ "type": "Feature", "properties": { "nombre": "CAMPANARIO LOTE 1", "comuna": "Renaico", "combustible": "Desechos", "causa": "Incendios intencionales" }, "geometry": { "type": "Point", "coordinates": [ -72.4608, -37.7744 ] } },
{ "type": "Feature", "properties": { "nombre": "SANTA EMILIA LOTE 1A PART.", "comuna": "Collipulli", "combustible": "Pastizal", "causa": "Incendios intencionales" }, "geometry": { "type": "Point", "coordinates": [ -72.47, -37.7856 ] } },
{ "type": "Feature", "properties": { "nombre": "SANTA MARGARITA PART.", "comuna": "Collipulli", "combustible": "Pastizal", "causa": "Tránsito de personas vehículos o aeronaves" }, "geometry": { "type": "Point", "coordinates": [ -72.4442, -37.8008 ] } },
{ "type": "Feature", "properties": { "nombre": "LA VEGA PART", "comuna": "Collipulli", "combustible": null, "causa": "Incendios intencionales" }, "geometry": { "type": "Point", "coordinates": [ -72.4467, -37.7964 ] } },
{ "type": "Feature", "properties": { "nombre": "CAMPANARIO LOTE 1", "comuna": "Renaico", "combustible": "Matorral", "causa": "Actividades recreativas" }, "geometry": { "type": "Point", "coordinates": [ -72.4878, -37.7403 ] } },
{ "type": "Feature", "properties": { "nombre": "COLHUE", "comuna": "Renaico", "combustible": "Plantacion eucaliptus", "causa": "Otras actividades" }, "geometry": { "type": "Point", "coordinates": [ -72.5169, -37.7097 ] } },
{ "type": "Feature", "properties": { "nombre": "SAN GABRIEL", "comuna": "Renaico", "combustible": "Matorral", "causa": "Tránsito de personas vehículos o aeronaves" }, "geometry": { "type": "Point", "coordinates": [ -72.5047, -37.6789 ] } },
{ "type": "Feature", "properties": { "nombre": "SANTA CANDELARIA", "comuna": "Angol", "combustible": "Desechos", "causa": "Confección y/o extracción productos secundarios del bosque" }, "geometry": { "type": "Point", "coordinates": [ -72.7106, -37.7 ] } },
{ "type": "Feature", "properties": { "nombre": "PARCELAS GRANEROS", "comuna": "Negrete", "combustible": null, "causa": "Tránsito de personas vehículos o aeronaves" }, "geometry": { "type": "Point", "coordinates": [ -72.5697, -37.6653 ] } },
{ "type": "Feature", "properties": { "nombre": "PARCELAS GRANEROS PART.", "comuna": "Negrete", "combustible": null, "causa": "Tránsito de personas vehículos o aeronaves" }, "geometry": { "type": "Point", "coordinates": [ -72.5778, -37.6628 ] } },
{ "type": "Feature", "properties": { "nombre": "SAN RAFAEL", "comuna": "Angol", "combustible": "Plantacion eucaliptus", "causa": "Incendios intencionales" }, "geometry": { "type": "Point", "coordinates": [ -72.72, -37.6467 ] } },
{ "type": "Feature", "properties": { "nombre": "HIJUELA SANTA ROSA PART.", "comuna": "Ercilla", "combustible": "Plantacion eucaliptus", "causa": "Incendios intencionales" }, "geometry": { "type": "Point", "coordinates": [ -72.4508, -37.9817 ] } },
{ "type": "Feature", "properties": { "nombre": "PIDIMA", "comuna": "Ercilla", "combustible": "Matorral", "causa": "Incendios intencionales" }, "geometry": { "type": "Point", "coordinates": [ -72.4483, -37.9699 ] } },
{ "type": "Feature", "properties": { "nombre": "PIDIMA", "comuna": "Ercilla", "combustible": "Matorral", "causa": "Incendios intencionales" }, "geometry": { "type": "Point", "coordinates": [ -72.4485, -37.9689 ] } },
{ "type": "Feature", "properties": { "nombre": "PIDIMA", "comuna": "Ercilla", "combustible": "Matorral", "causa": "Incendios intencionales" }, "geometry": { "type": "Point", "coordinates": [ -72.4479, -37.9661 ] } },
{ "type": "Feature", "properties": { "nombre": "PIDIMA", "comuna": "Ercilla", "combustible": "Matorral", "causa": "Incendios intencionales" }, "geometry": { "type": "Point", "coordinates": [ -72.4488, -37.9647 ] } },
{ "type": "Feature", "properties": { "nombre": "VIADUCTO MALLECO", "comuna": "Collipulli", "combustible": "Matorral", "causa": "Quema de desechos" }, "geometry": { "type": "Point", "coordinates": [ -72.4389, -37.9642 ] } },
{ "type": "Feature", "properties": { "nombre": "SANTO DOMINGO", "comuna": "Collipulli", "combustible": "Plantacion pino", "causa": "Incendios intencionales" }, "geometry": { "type": "Point", "coordinates": [ -72.4661, -37.9597 ] } },
{ "type": "Feature", "properties": { "nombre": "SANTA CRUZ", "comuna": "Collipulli", "combustible": "Matorral", "causa": "Tránsito de personas vehículos o aeronaves" }, "geometry": { "type": "Point", "coordinates": [ -72.455, -37.9536 ] } },
{ "type": "Feature", "properties": { "nombre": "SANTO DOMINGO", "comuna": "Collipulli", "combustible": "Matorral", "causa": "Incendios intencionales" }, "geometry": { "type": "Point", "coordinates": [ -72.4714, -37.9528 ] } },
{ "type": "Feature", "properties": { "nombre": "SANTO DOMINGO", "comuna": "Collipulli", "combustible": "Matorral", "causa": "Incendios intencionales" }, "geometry": { "type": "Point", "coordinates": [ -72.4722, -37.9492 ] } },
{ "type": "Feature", "properties": { "nombre": "SANTA CRUZ", "comuna": "Collipulli", "combustible": "Matorral", "causa": "Tránsito de personas vehículos o aeronaves" }, "geometry": { "type": "Point", "coordinates": [ -72.4401, -37.9476 ] } },
{ "type": "Feature", "properties": { "nombre": "SANTA CRUZ", "comuna": "Collipulli", "combustible": "Matorral", "causa": "Tránsito de personas vehículos o aeronaves" }, "geometry": { "type": "Point", "coordinates": [ -72.4492, -37.9472 ] } },
{ "type": "Feature", "properties": { "nombre": "EL NARANJO LOTE-A", "comuna": "Collipulli", "combustible": "Matorral", "causa": "Incendios intencionales" }, "geometry": { "type": "Point", "coordinates": [ -72.4925, -37.9414 ] } },
{ "type": "Feature", "properties": { "nombre": "SAN ANTONIO", "comuna": "Collipulli", "combustible": "Matorral", "causa": "Incendios intencionales" }, "geometry": { "type": "Point", "coordinates": [ -72.3983, -37.9392 ] } },
{ "type": "Feature", "properties": { "nombre": "SAN ANTONIO", "comuna": "Collipulli", "combustible": "Matorral", "causa": "Incendios intencionales" }, "geometry": { "type": "Point", "coordinates": [ -72.4011, -37.9381 ] } },
{ "type": "Feature", "properties": { "nombre": "PAN GRANDE PART.", "comuna": "Collipulli", "combustible": "Matorral", "causa": "Incendios de causa desconocida" }, "geometry": { "type": "Point", "coordinates": [ -72.4408, -37.9386 ] } },
{ "type": "Feature", "properties": { "nombre": "PARLAMENTO", "comuna": "Collipulli", "combustible": "Matorral", "causa": "Incendios intencionales" }, "geometry": { "type": "Point", "coordinates": [ -72.3881, -37.9372 ] } },
{ "type": "Feature", "properties": { "nombre": "SAN ANTONIO PART", "comuna": "Collipulli", "combustible": "Plantacion pino", "causa": "Incendios intencionales" }, "geometry": { "type": "Point", "coordinates": [ -72.4361, -37.9328 ] } },
{ "type": "Feature", "properties": { "nombre": "LA GRANJA", "comuna": "Collipulli", "combustible": "Matorral", "causa": "Incendios intencionales" }, "geometry": { "type": "Point", "coordinates": [ -72.3978, -37.9314 ] } },
{ "type": "Feature", "properties": { "nombre": "MORTANDAD 1", "comuna": "Collipulli", "combustible": "Matorral", "causa": "Tránsito de personas vehículos o aeronaves" }, "geometry": { "type": "Point", "coordinates": [ -72.438, -37.9271 ] } },
{ "type": "Feature", "properties": { "nombre": "LA GRANJA", "comuna": "Collipulli", "combustible": "Desechos", "causa": "Incendios de causa desconocida" }, "geometry": { "type": "Point", "coordinates": [ -72.3978, -37.9244 ] } },
{ "type": "Feature", "properties": { "nombre": "PARCELA 6 EL EDEN PART.", "comuna": "Collipulli", "combustible": "Cultivo agrícola", "causa": "Incendios intencionales" }, "geometry": { "type": "Point", "coordinates": [ -72.4875, -37.9253 ] } },
{ "type": "Feature", "properties": { "nombre": "PARCELA 2 EL EDEN", "comuna": "Collipulli", "combustible": "Desechos", "causa": "Incendios intencionales" }, "geometry": { "type": "Point", "coordinates": [ -72.4664, -37.9228 ] } },
{ "type": "Feature", "properties": { "nombre": "LA GRANJA", "comuna": "Collipulli", "combustible": "Desechos", "causa": "Incendios intencionales" }, "geometry": { "type": "Point", "coordinates": [ -72.395, -37.9167 ] } },
{ "type": "Feature", "properties": { "nombre": "HIJUELA 4 ETIOPIA", "comuna": "Collipulli", "combustible": "Matorral", "causa": "Confección y/o extracción productos secundarios del bosque" }, "geometry": { "type": "Point", "coordinates": [ -72.3853, -37.9086 ] } },
{ "type": "Feature", "properties": { "nombre": "LA GRANJA PART.", "comuna": "Collipulli", "combustible": "Desechos", "causa": "Faenas forestales" }, "geometry": { "type": "Point", "coordinates": [ -72.3894, -37.9083 ] } },
{ "type": "Feature", "properties": { "nombre": "PAN GRANDE PART.", "comuna": "Collipulli", "combustible": "Plantacion eucaliptus", "causa": "Incendios intencionales" }, "geometry": { "type": "Point", "coordinates": [ -72.4453, -37.9069 ] } },
{ "type": "Feature", "properties": { "nombre": "PARCELAS BRASIL PART.", "comuna": "Vilcún", "combustible": "Pastizal", "causa": "Incendios intencionales" }, "geometry": { "type": "Point", "coordinates": [ -72.4453, -37.9069 ] } },
{ "type": "Feature", "properties": { "nombre": "PAN GRANDE", "comuna": "Collipulli", "combustible": "Plantacion pino", "causa": "Incendios de causa desconocida" }, "geometry": { "type": "Point", "coordinates": [ -72.4131, -37.9017 ] } },
{ "type": "Feature", "properties": { "nombre": "PAN GRANDE PART.", "comuna": "Collipulli", "combustible": "Matorral", "causa": "Incendios intencionales" }, "geometry": { "type": "Point", "coordinates": [ -72.4131, -37.9017 ] } },
{ "type": "Feature", "properties": { "nombre": "NIZA", "comuna": "Collipulli", "combustible": "Matorral", "causa": "Incendios de causa desconocida" }, "geometry": { "type": "Point", "coordinates": [ -72.3947, -37.8892 ] } },
{ "type": "Feature", "properties": { "nombre": "PORVENIR", "comuna": "Collipulli", "combustible": "Matorral", "causa": "Incendios intencionales" }, "geometry": { "type": "Point", "coordinates": [ -72.3283, -37.8858 ] } },
{ "type": "Feature", "properties": { "nombre": "VILLA ITALIA", "comuna": "Collipulli", "combustible": "Pastizal", "causa": "Tránsito de personas vehículos o aeronaves" }, "geometry": { "type": "Point", "coordinates": [ -72.4178, -37.9558 ] } },
{ "type": "Feature", "properties": { "nombre": "EL MOLINO", "comuna": "Collipulli", "combustible": "Pastizal", "causa": "Incendios de causa desconocida" }, "geometry": { "type": "Point", "coordinates": [ -72.4372, -37.9603 ] } },
{ "type": "Feature", "properties": { "nombre": "PARLAMENTO", "comuna": "Collipulli", "combustible": "Plantacion pino", "causa": "Incendios intencionales" }, "geometry": { "type": "Point", "coordinates": [ -72.3886, -37.9392 ] } },
{ "type": "Feature", "properties": { "nombre": "SAN ANTONIO PART.", "comuna": "Collipulli", "combustible": "Matorral", "causa": "Incendios intencionales" }, "geometry": { "type": "Point", "coordinates": [ -72.4208, -37.9425 ] } },
{ "type": "Feature", "properties": { "nombre": "SAN CARLOS CHICO", "comuna": "Collipulli", "combustible": "Plantacion eucaliptus", "causa": "Incendios intencionales" }, "geometry": { "type": "Point", "coordinates": [ -72.3897, -37.9422 ] } },
{ "type": "Feature", "properties": { "nombre": "SAN CARLOS CHICO", "comuna": "Collipulli", "combustible": "Desechos", "causa": "Incendios intencionales" }, "geometry": { "type": "Point", "coordinates": [ -72.3969, -37.9447 ] } },
{ "type": "Feature", "properties": { "nombre": "SAN ANTONIO PART.", "comuna": "Collipulli", "combustible": "Matorral", "causa": "Incendios intencionales" }, "geometry": { "type": "Point", "coordinates": [ -72.4169, -37.9453 ] } },
{ "type": "Feature", "properties": { "nombre": "SAN ANTONIO PART", "comuna": "Collipulli", "combustible": "Matorral", "causa": "Actividades extinción incendios forestales incendios estructurales u otros" }, "geometry": { "type": "Point", "coordinates": [ -72.4178, -37.9458 ] } },
{ "type": "Feature", "properties": { "nombre": "SAN ANTONIO PART", "comuna": "Collipulli", "combustible": "Matorral", "causa": "Incendios intencionales" }, "geometry": { "type": "Point", "coordinates": [ -72.4217, -37.9492 ] } },
{ "type": "Feature", "properties": { "nombre": "SAN ANTONIO PART.", "comuna": "Collipulli", "combustible": "Pastizal", "causa": "Tránsito de personas vehículos o aeronaves" }, "geometry": { "type": "Point", "coordinates": [ -72.415, -37.9497 ] } },
{ "type": "Feature", "properties": { "nombre": "SAN ANTONIO PART.", "comuna": "Collipulli", "combustible": "Matorral", "causa": "Tránsito de personas vehículos o aeronaves" }, "geometry": { "type": "Point", "coordinates": [ -72.4267, -37.9533 ] } },
{ "type": "Feature", "properties": { "nombre": "SAN ANTONIO PART.", "comuna": "Collipulli", "combustible": "Matorral", "causa": "Incendios intencionales" }, "geometry": { "type": "Point", "coordinates": [ -72.4103, -37.9533 ] } },
{ "type": "Feature", "properties": { "nombre": "SANTA CRUZ", "comuna": "Collipulli", "combustible": "Matorral", "causa": "Tránsito de personas vehículos o aeronaves" }, "geometry": { "type": "Point", "coordinates": [ -72.4488, -37.9353 ] } },
{ "type": "Feature", "properties": { "nombre": "BAJO MALLECO", "comuna": "Collipulli", "combustible": "Matorral", "causa": "Tránsito de personas vehículos o aeronaves" }, "geometry": { "type": "Point", "coordinates": [ -72.4383, -37.9658 ] } },
{ "type": "Feature", "properties": { "nombre": "SANTA CRUZ", "comuna": "Collipulli", "combustible": "Desechos", "causa": "Tránsito de personas vehículos o aeronaves" }, "geometry": { "type": "Point", "coordinates": [ -72.4611, -37.9433 ] } },
{ "type": "Feature", "properties": { "nombre": "SANTA CRUZ", "comuna": "Galvarino", "combustible": "Plantacion pino", "causa": "Incendios intencionales" }, "geometry": { "type": "Point", "coordinates": [ -72.6803, -38.5381 ] } },
{ "type": "Feature", "properties": { "nombre": "SANTA CRUZ", "comuna": "Galvarino", "combustible": "Matorral", "causa": "Incendios intencionales" }, "geometry": { "type": "Point", "coordinates": [ -72.6808, -38.5372 ] } },
{ "type": "Feature", "properties": { "nombre": "SANTA CRUZ", "comuna": "Galvarino", "combustible": "Plantacion eucaliptus", "causa": "Incendios intencionales" }, "geometry": { "type": "Point", "coordinates": [ -72.6806, -38.5353 ] } },
{ "type": "Feature", "properties": { "nombre": "SANTA CRUZ", "comuna": "Galvarino", "combustible": "Plantacion eucaliptus", "causa": "Incendios intencionales" }, "geometry": { "type": "Point", "coordinates": [ -72.6878, -38.5278 ] } },
{ "type": "Feature", "properties": { "nombre": "TILOS DE REÑICO (CORR 33) DENTRO", "comuna": "Galvarino", "combustible": "Plantacion pino", "causa": "Incendios intencionales" }, "geometry": { "type": "Point", "coordinates": [ -72.6719, -38.5258 ] } },
{ "type": "Feature", "properties": { "nombre": "TILOS DE REÑICO (CORR 42) DENTRO", "comuna": "Galvarino", "combustible": "Plantacion pino", "causa": "Faenas forestales" }, "geometry": { "type": "Point", "coordinates": [ -72.6769, -38.5258 ] } },
{ "type": "Feature", "properties": { "nombre": "SANTA CRUZ", "comuna": "Galvarino", "combustible": "Plantacion eucaliptus", "causa": "Incendios intencionales" }, "geometry": { "type": "Point", "coordinates": [ -72.6786, -38.5258 ] } },
{ "type": "Feature", "properties": { "nombre": "TILOS DE REÑICO (CORR 21) AMENAZA", "comuna": "Galvarino", "combustible": "Plantacion eucaliptus", "causa": "Incendios intencionales" }, "geometry": { "type": "Point", "coordinates": [ -72.6781, -38.5253 ] } },
{ "type": "Feature", "properties": { "nombre": "SANTA CRUZ", "comuna": "Galvarino", "combustible": "Arbolado natural", "causa": "Incendios intencionales" }, "geometry": { "type": "Point", "coordinates": [ -72.6786, -38.525 ] } },
{ "type": "Feature", "properties": { "nombre": "TILOS DE REÑICO DENTRO (CORR 001)", "comuna": "Galvarino", "combustible": "Plantacion pino", "causa": "Incendios intencionales" }, "geometry": { "type": "Point", "coordinates": [ -72.6786, -38.5206 ] } },
{ "type": "Feature", "properties": { "nombre": "TILOS DE REÑICO AMENAZA (CORR 004)", "comuna": "Galvarino", "combustible": "Matorral", "causa": "Incendios intencionales" }, "geometry": { "type": "Point", "coordinates": [ -72.6808, -38.5203 ] } },
{ "type": "Feature", "properties": { "nombre": "TILOS DE REÑICO (CORR 17) DENTRO", "comuna": "Galvarino", "combustible": "Plantacion pino", "causa": "Incendios intencionales" }, "geometry": { "type": "Point", "coordinates": [ -72.6722, -38.5167 ] } },
{ "type": "Feature", "properties": { "nombre": "SECTOR PEÑALTU", "comuna": "Galvarino", "combustible": "Plantacion pino", "causa": "Incendios intencionales" }, "geometry": { "type": "Point", "coordinates": [ -72.6978, -38.5164 ] } },
{ "type": "Feature", "properties": { "nombre": "TILOS DE REÑICO (CORR 29) DENTRO", "comuna": "Galvarino", "combustible": "Plantacion pino", "causa": "Incendios intencionales" }, "geometry": { "type": "Point", "coordinates": [ -72.6767, -38.5117 ] } },
{ "type": "Feature", "properties": { "nombre": "SANTA PIEDAD (CORR 37) DENTRO", "comuna": "Galvarino", "combustible": "Pastizal", "causa": "Incendios intencionales" }, "geometry": { "type": "Point", "coordinates": [ -72.6764, -38.5072 ] } },
{ "type": "Feature", "properties": { "nombre": "TILOS DE REÑICO DENTRO (CORR 002)", "comuna": "Galvarino", "combustible": "Plantacion pino", "causa": "Incendios intencionales" }, "geometry": { "type": "Point", "coordinates": [ -72.6797, -38.505 ] } },
{ "type": "Feature", "properties": { "nombre": "SANTA CAROLINA", "comuna": "Galvarino", "combustible": "Plantacion eucaliptus", "causa": "Incendios intencionales" }, "geometry": { "type": "Point", "coordinates": [ -72.6703, -38.5042 ] } },
{ "type": "Feature", "properties": { "nombre": "LUIS ALONSO SAN", "comuna": "Galvarino", "combustible": "Matorral", "causa": "Incendios intencionales" }, "geometry": { "type": "Point", "coordinates": [ -72.6664, -38.503 ] } },
{ "type": "Feature", "properties": { "nombre": "SAN LUIS ALONSO", "comuna": "Galvarino", "combustible": "Arbolado natural", "causa": "Confección y/o extracción productos secundarios del bosque" }, "geometry": { "type": "Point", "coordinates": [ -72.6665, -38.4893 ] } },
{ "type": "Feature", "properties": { "nombre": "LUIS ALONSO SAN", "comuna": "Galvarino", "combustible": "Matorral", "causa": "Incendios intencionales" }, "geometry": { "type": "Point", "coordinates": [ -72.6677, -38.4773 ] } },
{ "type": "Feature", "properties": { "nombre": "RED. PEÑEIPIL", "comuna": "Galvarino", "combustible": "Matorral", "causa": "Quema de desechos" }, "geometry": { "type": "Point", "coordinates": [ -72.6736, -38.4542 ] } },
{ "type": "Feature", "properties": { "nombre": "CUEL ÑIELOL", "comuna": "Galvarino", "combustible": "Desechos", "causa": "Faenas forestales" }, "geometry": { "type": "Point", "coordinates": [ -72.6328, -38.4472 ] } },
{ "type": "Feature", "properties": { "nombre": "LA RANCHA", "comuna": "Traiguén", "combustible": "Matorral", "causa": "Tránsito de personas vehículos o aeronaves" }, "geometry": { "type": "Point", "coordinates": [ -72.6019, -38.37 ] } },
{ "type": "Feature", "properties": { "nombre": "QUILACO", "comuna": "Traiguén", "combustible": "Matorral", "causa": "Tránsito de personas vehículos o aeronaves" }, "geometry": { "type": "Point", "coordinates": [ -72.6444, -38.3664 ] } },
{ "type": "Feature", "properties": { "nombre": "SANTA PIEDAD (P)", "comuna": "Galvarino", "combustible": "Pastizal", "causa": "Incendios intencionales" }, "geometry": { "type": "Point", "coordinates": [ -72.6722, -38.4997 ] } },
{ "type": "Feature", "properties": { "nombre": "CRUCE PROVIDENCIA", "comuna": "Traiguén", "combustible": "Desechos", "causa": "Faenas agrícolas y pecuarias" }, "geometry": { "type": "Point", "coordinates": [ -72.6314, -38.2817 ] } },
{ "type": "Feature", "properties": { "nombre": "CUEL ÑIELOL", "comuna": "Galvarino", "combustible": "Pastizal", "causa": "Faenas agrícolas y pecuarias" }, "geometry": { "type": "Point", "coordinates": [ -72.6672, -38.485 ] } },
{ "type": "Feature", "properties": { "nombre": "QUETRE 2", "comuna": "Galvarino", "combustible": "Desechos", "causa": "Faenas forestales" }, "geometry": { "type": "Point", "coordinates": [ -72.8178, -38.3728 ] } },
{ "type": "Feature", "properties": { "nombre": "QUETRE", "comuna": "Galvarino", "combustible": "Desechos", "causa": "Incendios intencionales" }, "geometry": { "type": "Point", "coordinates": [ -72.8053, -38.3556 ] } },
{ "type": "Feature", "properties": { "nombre": "RUCAMANQUI", "comuna": "Galvarino", "combustible": "Plantacion pino", "causa": "Faenas forestales" }, "geometry": { "type": "Point", "coordinates": [ -72.89, -38.3869 ] } },
{ "type": "Feature", "properties": { "nombre": "RUCAMANQUE", "comuna": "Galvarino", "combustible": "Pastizal", "causa": "Quema de desechos" }, "geometry": { "type": "Point", "coordinates": [ -72.8561, -38.3747 ] } },
{ "type": "Feature", "properties": { "nombre": "QUETRAHUE", "comuna": "Lumaco", "combustible": "Matorral", "causa": "Faenas agrícolas y pecuarias" }, "geometry": { "type": "Point", "coordinates": [ -72.8556, -38.1719 ] } },
{ "type": "Feature", "properties": { "nombre": "RANQUILCO", "comuna": "Galvarino", "combustible": "Desechos", "causa": "Faenas agrícolas y pecuarias" }, "geometry": { "type": "Point", "coordinates": [ -72.7911, -38.3536 ] } },
{ "type": "Feature", "properties": { "nombre": "STA. ROSA DE COLPI", "comuna": "Lumaco", "combustible": "Matorral", "causa": "Quema de desechos" }, "geometry": { "type": "Point", "coordinates": [ -72.84, -38.2611 ] } },
{ "type": "Feature", "properties": { "nombre": "EL MAITEN PARTICULAR", "comuna": "Lumaco", "combustible": "Plantacion pino", "causa": "Tránsito de personas vehículos o aeronaves" }, "geometry": { "type": "Point", "coordinates": [ -72.9083, -38.2256 ] } },
{ "type": "Feature", "properties": { "nombre": "TRIFTRIFCO", "comuna": "Galvarino", "combustible": "Desechos", "causa": "Incendios intencionales" }, "geometry": { "type": "Point", "coordinates": [ -72.8339, -38.4464 ] } },
{ "type": "Feature", "properties": { "nombre": "VOCOLHUE CHICO 2", "comuna": "Galvarino", "combustible": "Plantacion pino", "causa": "Incendios intencionales" }, "geometry": { "type": "Point", "coordinates": [ -72.8981, -38.43 ] } },
{ "type": "Feature", "properties": { "nombre": "LA PIEDRA", "comuna": "Galvarino", "combustible": "Arbolado natural", "causa": "Faenas forestales" }, "geometry": { "type": "Point", "coordinates": [ -72.8358, -38.3958 ] } },
{ "type": "Feature", "properties": { "nombre": "PANGUECO", "comuna": "Galvarino", "combustible": "Desechos", "causa": "Faenas forestales" }, "geometry": { "type": "Point", "coordinates": [ -72.8542, -38.3656 ] } },
{ "type": "Feature", "properties": { "nombre": "VOCOLHUE CHICO", "comuna": "Galvarino", "combustible": "Plantacion pino", "causa": "Tránsito de personas vehículos o aeronaves" }, "geometry": { "type": "Point", "coordinates": [ -72.8933, -38.4253 ] } },
{ "type": "Feature", "properties": { "nombre": "AILINCO", "comuna": "Galvarino", "combustible": "Desechos", "causa": "Tránsito de personas vehículos o aeronaves" }, "geometry": { "type": "Point", "coordinates": [ -72.8256, -38.4442 ] } },
{ "type": "Feature", "properties": { "nombre": "QUETRE", "comuna": "Galvarino", "combustible": "Matorral", "causa": "Accidentes eléctricos" }, "geometry": { "type": "Point", "coordinates": [ -72.7878, -38.3512 ] } },
{ "type": "Feature", "properties": { "nombre": "LUMAQUINA", "comuna": "Lumaco", "combustible": "Pastizal", "causa": "Incendios intencionales" }, "geometry": { "type": "Point", "coordinates": [ -72.8769, -38.2636 ] } },
{ "type": "Feature", "properties": { "nombre": "SANTA LUCIA", "comuna": "Galvarino", "combustible": "Desechos", "causa": "Incendios intencionales" }, "geometry": { "type": "Point", "coordinates": [ -72.8375, -38.4325 ] } },
{ "type": "Feature", "properties": { "nombre": "TRES MONTES", "comuna": "Traiguén", "combustible": "Matorral", "causa": "Actividades recreativas" }, "geometry": { "type": "Point", "coordinates": [ -72.7575, -38.3106 ] } },
{ "type": "Feature", "properties": { "nombre": "PELAHUENCO", "comuna": "Galvarino", "combustible": "Plantacion eucaliptus", "causa": "Tránsito de personas vehículos o aeronaves" }, "geometry": { "type": "Point", "coordinates": [ -72.7511, -38.3794 ] } },
{ "type": "Feature", "properties": { "nombre": "TRANAQUEPE", "comuna": "Lumaco", "combustible": "Pastizal", "causa": "Tránsito de personas vehículos o aeronaves" }, "geometry": { "type": "Point", "coordinates": [ -72.9181, -38.1633 ] } },
{ "type": "Feature", "properties": { "nombre": "QUETRE", "comuna": "Galvarino", "combustible": "Matorral", "causa": "Tránsito de personas vehículos o aeronaves" }, "geometry": { "type": "Point", "coordinates": [ -72.785, -38.3414 ] } },
{ "type": "Feature", "properties": { "nombre": "SAN PATRICIO", "comuna": "Galvarino", "combustible": "Desechos", "causa": "Faenas agrícolas y pecuarias" }, "geometry": { "type": "Point", "coordinates": [ -72.7292, -38.43 ] } },
{ "type": "Feature", "properties": { "nombre": "TRIFTRIFCO", "comuna": "Galvarino", "combustible": "Matorral", "causa": "Incendios intencionales" }, "geometry": { "type": "Point", "coordinates": [ -72.8644, -38.4433 ] } },
{ "type": "Feature", "properties": { "nombre": "EL AVELLANO", "comuna": "Traiguén", "combustible": "Pastizal", "causa": "Otras actividades" }, "geometry": { "type": "Point", "coordinates": [ -72.7906, -38.2633 ] } },
{ "type": "Feature", "properties": { "nombre": "MARDONAL Y OTRO", "comuna": "Hualqui", "combustible": null, "causa": "Incendios intencionales" }, "geometry": { "type": "Point", "coordinates": [ -72.8225, -38.1381 ] } },
{ "type": "Feature", "properties": { "nombre": "SAN JOSE Y ANTOFAGASTA", "comuna": "Traiguén", "combustible": "Matorral", "causa": "Incendios intencionales" }, "geometry": { "type": "Point", "coordinates": [ -72.7574, -38.1506 ] } },
{ "type": "Feature", "properties": { "nombre": "ALTO LUMACO", "comuna": "Lumaco", "combustible": "Matorral", "causa": "Tránsito de personas vehículos o aeronaves" }, "geometry": { "type": "Point", "coordinates": [ -72.8936, -38.1631 ] } },
{ "type": "Feature", "properties": { "nombre": "NANCUCHEO", "comuna": "Lumaco", "combustible": "Plantacion eucaliptus", "causa": "Incendios intencionales" }, "geometry": { "type": "Point", "coordinates": [ -72.9094, -38.2064 ] } },
{ "type": "Feature", "properties": { "nombre": "SAN JOSE Y ANTOFAGASTA", "comuna": "Traiguén", "combustible": "Matorral", "causa": "Incendios intencionales" }, "geometry": { "type": "Point", "coordinates": [ -72.7832, -38.2163 ] } },
{ "type": "Feature", "properties": { "nombre": "EL PERAL PARTICULAR", "comuna": "Lumaco", "combustible": "Plantacion pino", "causa": "Tránsito de personas vehículos o aeronaves" }, "geometry": { "type": "Point", "coordinates": [ -72.9061, -38.2214 ] } },
{ "type": "Feature", "properties": { "nombre": "EL MAITEN PARTICULAR", "comuna": "Traiguén", "combustible": "Matorral", "causa": "Incendios intencionales" }, "geometry": { "type": "Point", "coordinates": [ -72.8525, -38.2528 ] } },
{ "type": "Feature", "properties": { "nombre": "MAITENCITO EL", "comuna": "Lumaco", "combustible": "Matorral", "causa": "Faenas forestales" }, "geometry": { "type": "Point", "coordinates": [ -72.8549, -38.2532 ] } },
{ "type": "Feature", "properties": { "nombre": "MAITENCITO EL", "comuna": "Lumaco", "combustible": "Matorral", "causa": "Incendios intencionales" }, "geometry": { "type": "Point", "coordinates": [ -72.8526, -38.2535 ] } },
{ "type": "Feature", "properties": { "nombre": "EL MAITEN PARTICULAR 2", "comuna": "Lumaco", "combustible": "Desechos", "causa": "Incendios intencionales" }, "geometry": { "type": "Point", "coordinates": [ -72.8569, -38.2542 ] } },
{ "type": "Feature", "properties": { "nombre": "SANTA ELENA", "comuna": "Traiguén", "combustible": "Plantacion eucaliptus", "causa": "Quema de desechos" }, "geometry": { "type": "Point", "coordinates": [ -72.7356, -38.2592 ] } },
{ "type": "Feature", "properties": { "nombre": "TEMULEMU", "comuna": "Traiguén", "combustible": "Pastizal", "causa": "Tránsito de personas vehículos o aeronaves" }, "geometry": { "type": "Point", "coordinates": [ -72.8758, -38.3114 ] } },
{ "type": "Feature", "properties": { "nombre": "NANCAHUE", "comuna": "Traiguén", "combustible": "Matorral", "causa": "Incendios intencionales" }, "geometry": { "type": "Point", "coordinates": [ -72.8103, -38.3189 ] } },
{ "type": "Feature", "properties": { "nombre": "LOLENCO", "comuna": "Lumaco", "combustible": "Matorral", "causa": "Actividades recreativas" }, "geometry": { "type": "Point", "coordinates": [ -72.8981, -38.3225 ] } },
{ "type": "Feature", "properties": { "nombre": "QUETRE", "comuna": "Galvarino", "combustible": "Matorral", "causa": "Otras actividades" }, "geometry": { "type": "Point", "coordinates": [ -72.7775, -38.3489 ] } },
{ "type": "Feature", "properties": { "nombre": "PANGUECO", "comuna": "Galvarino", "combustible": "Pastizal", "causa": "Actividades extinción incendios forestales incendios estructurales u otros" }, "geometry": { "type": "Point", "coordinates": [ -72.8647, -38.3519 ] } },
{ "type": "Feature", "properties": { "nombre": "QUETRE LT.4", "comuna": "Galvarino", "combustible": "Plantacion eucaliptus", "causa": "Incendios intencionales" }, "geometry": { "type": "Point", "coordinates": [ -72.8203, -38.3597 ] } },
{ "type": "Feature", "properties": { "nombre": "QUETRE", "comuna": "Galvarino", "combustible": "Desechos", "causa": "Faenas forestales" }, "geometry": { "type": "Point", "coordinates": [ -72.8531, -38.3672 ] } },
{ "type": "Feature", "properties": { "nombre": "PELAHUENCO", "comuna": "Galvarino", "combustible": "Plantacion eucaliptus", "causa": "Faenas forestales" }, "geometry": { "type": "Point", "coordinates": [ -72.7856, -38.3844 ] } },
{ "type": "Feature", "properties": { "nombre": "RUCAMANQUI", "comuna": "Galvarino", "combustible": "Desechos", "causa": "Faenas forestales" }, "geometry": { "type": "Point", "coordinates": [ -72.8656, -38.4 ] } },
{ "type": "Feature", "properties": { "nombre": "CAMINO AILINCO", "comuna": "Galvarino", "combustible": "Cultivo agrícola", "causa": "Incendios intencionales" }, "geometry": { "type": "Point", "coordinates": [ -72.7928, -38.3992 ] } },
{ "type": "Feature", "properties": { "nombre": "CRUCE GALVARINO", "comuna": "Galvarino", "combustible": "Desechos", "causa": "Incendios intencionales" }, "geometry": { "type": "Point", "coordinates": [ -72.7844, -38.4211 ] } },
{ "type": "Feature", "properties": { "nombre": "TRIFTRIFCO", "comuna": "Galvarino", "combustible": "Desechos", "causa": "Faenas agrícolas y pecuarias" }, "geometry": { "type": "Point", "coordinates": [ -72.8444, -38.4375 ] } },
{ "type": "Feature", "properties": { "nombre": "REQUEMAHUIDA", "comuna": "Galvarino", "combustible": "Plantacion eucaliptus", "causa": "Tránsito de personas vehículos o aeronaves" }, "geometry": { "type": "Point", "coordinates": [ -72.8592, -38.44 ] } },
{ "type": "Feature", "properties": { "nombre": "TRIFTRIFCO", "comuna": "Galvarino", "combustible": "Matorral", "causa": "Actividades extinción incendios forestales incendios estructurales u otros" }, "geometry": { "type": "Point", "coordinates": [ -72.86, -38.4408 ] } },
{ "type": "Feature", "properties": { "nombre": "AILINCO", "comuna": "Galvarino", "combustible": "Plantacion eucaliptus", "causa": "Incendios intencionales" }, "geometry": { "type": "Point", "coordinates": [ -72.8731, -38.4414 ] } },
{ "type": "Feature", "properties": { "nombre": "TRIFTRIFCO 2", "comuna": "Galvarino", "combustible": "Matorral", "causa": "Quema de desechos" }, "geometry": { "type": "Point", "coordinates": [ -72.8611, -38.4431 ] } },
{ "type": "Feature", "properties": { "nombre": "PARC. 42 LAS LILAS", "comuna": "Victoria", "combustible": "Matorral", "causa": "Incendios intencionales" }, "geometry": { "type": "Point", "coordinates": [ -72.4283, -38.1842 ] } },
{ "type": "Feature", "properties": { "nombre": "CIELO 2 EL", "comuna": "Victoria", "combustible": "Matorral", "causa": "Incendios intencionales" }, "geometry": { "type": "Point", "coordinates": [ -72.4076, -38.1811 ] } },
{ "type": "Feature", "properties": { "nombre": "CRUCE TOQUIHUE", "comuna": "Victoria", "combustible": "Pastizal", "causa": "Incendios intencionales" }, "geometry": { "type": "Point", "coordinates": [ -72.4256, -38.1736 ] } },
{ "type": "Feature", "properties": { "nombre": "PARTICION PART.", "comuna": "Ercilla", "combustible": "Cultivo agrícola", "causa": "Incendios intencionales" }, "geometry": { "type": "Point", "coordinates": [ -72.3811, -38.1461 ] } },
{ "type": "Feature", "properties": { "nombre": "PARTICION PART.", "comuna": "Ercilla", "combustible": "Cultivo agrícola", "causa": "Faenas agrícolas y pecuarias" }, "geometry": { "type": "Point", "coordinates": [ -72.3772, -38.1425 ] } },
{ "type": "Feature", "properties": { "nombre": "OROPEL", "comuna": "Ercilla", "combustible": "Matorral", "causa": "Incendios intencionales" }, "geometry": { "type": "Point", "coordinates": [ -72.3746, -38.1422 ] } },
{ "type": "Feature", "properties": { "nombre": "SAN JOSE ERCILLA", "comuna": "Ercilla", "combustible": "Matorral", "causa": "Incendios de causa desconocida" }, "geometry": { "type": "Point", "coordinates": [ -72.3539, -38.1394 ] } },
{ "type": "Feature", "properties": { "nombre": "SAN MIGUEL ERCILLA", "comuna": "Ercilla", "combustible": "Matorral", "causa": "Incendios intencionales" }, "geometry": { "type": "Point", "coordinates": [ -72.3453, -38.139 ] } },
{ "type": "Feature", "properties": { "nombre": "SAN MANUEL CURAMAHUIDA LT.B", "comuna": "Ercilla", "combustible": "Plantacion eucaliptus", "causa": "Incendios intencionales" }, "geometry": { "type": "Point", "coordinates": [ -72.3653, -38.135 ] } },
{ "type": "Feature", "properties": { "nombre": "SAN MIGUEL ERCILLA", "comuna": "Ercilla", "combustible": "Matorral", "causa": "Incendios intencionales" }, "geometry": { "type": "Point", "coordinates": [ -72.3544, -38.1338 ] } },
{ "type": "Feature", "properties": { "nombre": "OROPEL", "comuna": "Ercilla", "combustible": "Matorral", "causa": "Incendios intencionales" }, "geometry": { "type": "Point", "coordinates": [ -72.371, -38.128 ] } },
{ "type": "Feature", "properties": { "nombre": "SAN JOSE 2", "comuna": "Ercilla", "combustible": "Matorral", "causa": "Incendios intencionales" }, "geometry": { "type": "Point", "coordinates": [ -72.3824, -38.0983 ] } },
{ "type": "Feature", "properties": { "nombre": "PIDIMA", "comuna": "Ercilla", "combustible": "Matorral", "causa": "Incendios intencionales" }, "geometry": { "type": "Point", "coordinates": [ -72.4403, -37.9858 ] } },
{ "type": "Feature", "properties": { "nombre": "MORTANDAD 1", "comuna": "Collipulli", "combustible": "Matorral", "causa": "Tránsito de personas vehículos o aeronaves" }, "geometry": { "type": "Point", "coordinates": [ -72.4177, -37.9781 ] } },
{ "type": "Feature", "properties": { "nombre": "PIDIMA", "comuna": "Ercilla", "combustible": "Matorral", "causa": "Incendios intencionales" }, "geometry": { "type": "Point", "coordinates": [ -72.4445, -37.9752 ] } },
{ "type": "Feature", "properties": { "nombre": "SANTA CRUZ", "comuna": "Collipulli", "combustible": "Matorral", "causa": "Tránsito de personas vehículos o aeronaves" }, "geometry": { "type": "Point", "coordinates": [ -72.4398, -37.9457 ] } },
{ "type": "Feature", "properties": { "nombre": "SANTA CRUZ", "comuna": "Collipulli", "combustible": "Matorral", "causa": "Tránsito de personas vehículos o aeronaves" }, "geometry": { "type": "Point", "coordinates": [ -72.4407, -37.9457 ] } },
{ "type": "Feature", "properties": { "nombre": "SANTA CRUZ", "comuna": "Collipulli", "combustible": "Matorral", "causa": "Tránsito de personas vehículos o aeronaves" }, "geometry": { "type": "Point", "coordinates": [ -72.4369, -37.9437 ] } },
{ "type": "Feature", "properties": { "nombre": "SANTA CRUZ", "comuna": "Collipulli", "combustible": "Matorral", "causa": "Tránsito de personas vehículos o aeronaves" }, "geometry": { "type": "Point", "coordinates": [ -72.4494, -37.9411 ] } },
{ "type": "Feature", "properties": { "nombre": "MORTANDAD 2", "comuna": "Collipulli", "combustible": "Matorral", "causa": "Tránsito de personas vehículos o aeronaves" }, "geometry": { "type": "Point", "coordinates": [ -72.4375, -37.9408 ] } },
{ "type": "Feature", "properties": { "nombre": "MORTANDAD 2", "comuna": "Collipulli", "combustible": "Matorral", "causa": "Tránsito de personas vehículos o aeronaves" }, "geometry": { "type": "Point", "coordinates": [ -72.4356, -37.9401 ] } },
{ "type": "Feature", "properties": { "nombre": "SAN ANTONIO", "comuna": "Mulchén", "combustible": null, "causa": "Incendios intencionales" }, "geometry": { "type": "Point", "coordinates": [ -72.3983, -37.9392 ] } },
{ "type": "Feature", "properties": { "nombre": "SANTA CRUZ", "comuna": "Collipulli", "combustible": "Matorral", "causa": "Incendios intencionales" }, "geometry": { "type": "Point", "coordinates": [ -72.4387, -37.9389 ] } },
{ "type": "Feature", "properties": { "nombre": "SAN ANTONIO", "comuna": "Collipulli", "combustible": "Matorral", "causa": "Incendios intencionales" }, "geometry": { "type": "Point", "coordinates": [ -72.4047, -37.9367 ] } },
{ "type": "Feature", "properties": { "nombre": "MORTANDAD 2", "comuna": "Collipulli", "combustible": "Matorral", "causa": "Incendios intencionales" }, "geometry": { "type": "Point", "coordinates": [ -72.4361, -37.937 ] } },
{ "type": "Feature", "properties": { "nombre": "MORTANDAD 2", "comuna": "Collipulli", "combustible": "Matorral", "causa": "Tránsito de personas vehículos o aeronaves" }, "geometry": { "type": "Point", "coordinates": [ -72.4369, -37.9334 ] } },
{ "type": "Feature", "properties": { "nombre": "QUILACO", "comuna": "Ercilla", "combustible": "Pastizal", "causa": "Incendios intencionales" }, "geometry": { "type": "Point", "coordinates": [ -72.3756, -38.1519 ] } },
{ "type": "Feature", "properties": { "nombre": "LAS VERTIENTES", "comuna": "Victoria", "combustible": "Desechos", "causa": "Faenas agrícolas y pecuarias" }, "geometry": { "type": "Point", "coordinates": [ -72.345, -38.1897 ] } },
{ "type": "Feature", "properties": { "nombre": "ANCAPI ÑANCUCHEO", "comuna": "Ercilla", "combustible": "Pastizal", "causa": "Tránsito de personas vehículos o aeronaves" }, "geometry": { "type": "Point", "coordinates": [ -72.3944, -38.0847 ] } },
{ "type": "Feature", "properties": { "nombre": "LOS FILTROS", "comuna": "Nueva Imperial", "combustible": "Matorral", "causa": "Tránsito de personas vehículos o aeronaves" }, "geometry": { "type": "Point", "coordinates": [ -72.9594, -38.7375 ] } },
{ "type": "Feature", "properties": { "nombre": "LISAHUE", "comuna": "Nueva Imperial", "combustible": "Matorral", "causa": "Incendios de causa desconocida" }, "geometry": { "type": "Point", "coordinates": [ -73.0161, -38.7353 ] } },
{ "type": "Feature", "properties": { "nombre": "TROMEN ALTO", "comuna": "Temuco", "combustible": "Pastizal", "causa": "Quema de desechos" }, "geometry": { "type": "Point", "coordinates": [ -72.7242, -38.6772 ] } },
{ "type": "Feature", "properties": { "nombre": "TROMEN", "comuna": "Temuco", "combustible": "Pastizal", "causa": "Tránsito de personas vehículos o aeronaves" }, "geometry": { "type": "Point", "coordinates": [ -72.7603, -38.6692 ] } },
{ "type": "Feature", "properties": { "nombre": "RANQUILCO ALTO", "comuna": "Nueva Imperial", "combustible": "Matorral", "causa": "Incendios intencionales" }, "geometry": { "type": "Point", "coordinates": [ -72.9469, -38.6714 ] } },
{ "type": "Feature", "properties": { "nombre": "RAMENELO", "comuna": "Nueva Imperial", "combustible": "Matorral", "causa": "Tránsito de personas vehículos o aeronaves" }, "geometry": { "type": "Point", "coordinates": [ -72.8942, -38.6661 ] } },
{ "type": "Feature", "properties": { "nombre": "TRAPICO", "comuna": "Nueva Imperial", "combustible": "Pastizal", "causa": "Tránsito de personas vehículos o aeronaves" }, "geometry": { "type": "Point", "coordinates": [ -72.9486, -38.6586 ] } },
{ "type": "Feature", "properties": { "nombre": "MULLAY", "comuna": "Cholchol", "combustible": "Matorral", "causa": "Quema de desechos" }, "geometry": { "type": "Point", "coordinates": [ -72.7997, -38.6208 ] } },
{ "type": "Feature", "properties": { "nombre": "CONOCO", "comuna": "Temuco", "combustible": "Matorral", "causa": "Quema de desechos" }, "geometry": { "type": "Point", "coordinates": [ -72.7278, -38.61 ] } },
{ "type": "Feature", "properties": { "nombre": "LOS DURAZNOS", "comuna": "Cholchol", "combustible": "Matorral", "causa": "Incendios intencionales" }, "geometry": { "type": "Point", "coordinates": [ -72.855, -38.6033 ] } },
{ "type": "Feature", "properties": { "nombre": "LOS PASTALES", "comuna": "Temuco", "combustible": "Matorral", "causa": "Tránsito de personas vehículos o aeronaves" }, "geometry": { "type": "Point", "coordinates": [ -72.7511, -38.5994 ] } },
{ "type": "Feature", "properties": { "nombre": "LOTE A CHOLCHOL", "comuna": "Cholchol", "combustible": "Plantacion pino", "causa": "Incendios intencionales" }, "geometry": { "type": "Point", "coordinates": [ -72.8575, -38.6014 ] } },
{ "type": "Feature", "properties": { "nombre": "CARIÑE ALTO", "comuna": "Cholchol", "combustible": "Matorral", "causa": "Tránsito de personas vehículos o aeronaves" }, "geometry": { "type": "Point", "coordinates": [ -72.8869, -38.5992 ] } },
{ "type": "Feature", "properties": { "nombre": "RINCONADA LOTE-A", "comuna": "Cholchol", "combustible": "Pastizal", "causa": "Tránsito de personas vehículos o aeronaves" }, "geometry": { "type": "Point", "coordinates": [ -72.8694, -38.5972 ] } },
{ "type": "Feature", "properties": { "nombre": "RENACO QUEUPUMIL", "comuna": "Temuco", "combustible": "Pastizal", "causa": "Incendios intencionales" }, "geometry": { "type": "Point", "coordinates": [ -72.7417, -38.5944 ] } },
{ "type": "Feature", "properties": { "nombre": "SANTA LAURA", "comuna": "Temuco", "combustible": "Pastizal", "causa": "Faenas agrícolas y pecuarias" }, "geometry": { "type": "Point", "coordinates": [ -72.7447, -38.5942 ] } },
{ "type": "Feature", "properties": { "nombre": "SANTA LAURA", "comuna": "Temuco", "combustible": "Desechos", "causa": "Faenas forestales" }, "geometry": { "type": "Point", "coordinates": [ -72.7275, -38.5917 ] } },
{ "type": "Feature", "properties": { "nombre": "HJ. 34", "comuna": "Temuco", "combustible": "Plantacion eucaliptus", "causa": "Incendios intencionales" }, "geometry": { "type": "Point", "coordinates": [ -72.7436, -38.5914 ] } },
{ "type": "Feature", "properties": { "nombre": "HUAMPOMALLLÍN", "comuna": "Cholchol", "combustible": "Matorral", "causa": "Faenas forestales" }, "geometry": { "type": "Point", "coordinates": [ -72.7994, -38.5917 ] } },
{ "type": "Feature", "properties": { "nombre": "HJ. 33 JOSE HUENCHULEO", "comuna": "Temuco", "combustible": "Plantacion eucaliptus", "causa": "Incendios intencionales" }, "geometry": { "type": "Point", "coordinates": [ -72.7456, -38.5889 ] } },
{ "type": "Feature", "properties": { "nombre": "PUENTE HUECHUCON", "comuna": "Cholchol", "combustible": "Matorral", "causa": "Incendios intencionales" }, "geometry": { "type": "Point", "coordinates": [ -72.8672, -38.5897 ] } },
{ "type": "Feature", "properties": { "nombre": "RENACO (P)", "comuna": "Cholchol", "combustible": "Pastizal", "causa": "Faenas agrícolas y pecuarias" }, "geometry": { "type": "Point", "coordinates": [ -72.8078, -38.5867 ] } },
{ "type": "Feature", "properties": { "nombre": "EL CARMEN 3 (P)", "comuna": "Temuco", "combustible": "Matorral", "causa": "Tránsito de personas vehículos o aeronaves" }, "geometry": { "type": "Point", "coordinates": [ -72.7364, -38.5822 ] } },
{ "type": "Feature", "properties": { "nombre": "HIJUELA 98", "comuna": "Galvarino", "combustible": "Plantacion eucaliptus", "causa": "Incendios de causa desconocida" }, "geometry": { "type": "Point", "coordinates": [ -72.8346, -38.5793 ] } },
{ "type": "Feature", "properties": { "nombre": "SANTA LAURA", "comuna": "Cholchol", "combustible": "Plantacion eucaliptus", "causa": "Incendios intencionales" }, "geometry": { "type": "Point", "coordinates": [ -72.8081, -38.5767 ] } },
{ "type": "Feature", "properties": { "nombre": "SANTA LAURA", "comuna": "Cholchol", "combustible": "Plantacion eucaliptus", "causa": "Incendios intencionales" }, "geometry": { "type": "Point", "coordinates": [ -72.8053, -38.5764 ] } },
{ "type": "Feature", "properties": { "nombre": "SANTA LAURA", "comuna": "Cholchol", "combustible": "Plantacion pino", "causa": "Tránsito de personas vehículos o aeronaves" }, "geometry": { "type": "Point", "coordinates": [ -72.8125, -38.5758 ] } },
{ "type": "Feature", "properties": { "nombre": "SANTA LAURA", "comuna": "Cholchol", "combustible": "Plantacion eucaliptus", "causa": "Incendios intencionales" }, "geometry": { "type": "Point", "coordinates": [ -72.8058, -38.5753 ] } },
{ "type": "Feature", "properties": { "nombre": "SANTA LAURA", "comuna": "Cholchol", "combustible": "Plantacion eucaliptus", "causa": "Incendios intencionales" }, "geometry": { "type": "Point", "coordinates": [ -72.805, -38.5744 ] } },
{ "type": "Feature", "properties": { "nombre": "SANTA LAURA", "comuna": "Cholchol", "combustible": "Plantacion pino", "causa": "Incendios intencionales" }, "geometry": { "type": "Point", "coordinates": [ -72.7944, -38.5725 ] } },
{ "type": "Feature", "properties": { "nombre": "SANTA LAURA", "comuna": "Cholchol", "combustible": "Plantacion pino", "causa": "Incendios intencionales" }, "geometry": { "type": "Point", "coordinates": [ -72.7983, -38.5722 ] } },
{ "type": "Feature", "properties": { "nombre": "SANTA LAURA", "comuna": "Cholchol", "combustible": "Plantacion pino", "causa": "Incendios intencionales" }, "geometry": { "type": "Point", "coordinates": [ -72.8008, -38.5719 ] } },
{ "type": "Feature", "properties": { "nombre": "SANTA LAURA", "comuna": "Cholchol", "combustible": "Plantacion pino", "causa": "Incendios intencionales" }, "geometry": { "type": "Point", "coordinates": [ -72.8014, -38.5708 ] } },
{ "type": "Feature", "properties": { "nombre": "SANTA LAURA", "comuna": "Cholchol", "combustible": "Plantacion pino", "causa": "Incendios intencionales" }, "geometry": { "type": "Point", "coordinates": [ -72.7958, -38.5703 ] } },
{ "type": "Feature", "properties": { "nombre": "LLANCAHUE", "comuna": "Temuco", "combustible": "Matorral", "causa": "Quema de desechos" }, "geometry": { "type": "Point", "coordinates": [ -72.7294, -38.5831 ] } },
{ "type": "Feature", "properties": { "nombre": "REDUCCION BOLDOCHE", "comuna": "Cholchol", "combustible": "Matorral", "causa": "Faenas forestales" }, "geometry": { "type": "Point", "coordinates": [ -72.9172, -38.6403 ] } },
{ "type": "Feature", "properties": { "nombre": "RENACO QUEUPUMIL", "comuna": "Temuco", "combustible": "Matorral", "causa": "Incendios de causa desconocida" }, "geometry": { "type": "Point", "coordinates": [ -72.7356, -38.5836 ] } },
{ "type": "Feature", "properties": { "nombre": "TROMEN", "comuna": "Temuco", "combustible": "Matorral", "causa": "Quema de desechos" }, "geometry": { "type": "Point", "coordinates": [ -72.6944, -38.6886 ] } },
{ "type": "Feature", "properties": { "nombre": "ARENAS BLANCAS", "comuna": "Nueva Imperial", "combustible": "Pastizal", "causa": "Faenas agrícolas y pecuarias" }, "geometry": { "type": "Point", "coordinates": [ -72.8828, -38.7 ] } },
{ "type": "Feature", "properties": { "nombre": "LAS VEGAS", "comuna": "Cholchol", "combustible": "Plantacion eucaliptus", "causa": "Faenas forestales" }, "geometry": { "type": "Point", "coordinates": [ -72.8303, -38.5992 ] } },
{ "type": "Feature", "properties": { "nombre": "GUALACURA", "comuna": "Nueva Imperial", "combustible": "Plantacion eucaliptus", "causa": "Faenas agrícolas y pecuarias" }, "geometry": { "type": "Point", "coordinates": [ -72.9808, -38.6919 ] } },
{ "type": "Feature", "properties": { "nombre": "REDUCCIÓN RAMENELO", "comuna": "Nueva Imperial", "combustible": "Matorral", "causa": "Tránsito de personas vehículos o aeronaves" }, "geometry": { "type": "Point", "coordinates": [ -72.8744, -38.6389 ] } },
{ "type": "Feature", "properties": { "nombre": "MALALCHE BAJO", "comuna": "Cholchol", "combustible": "Desechos", "causa": "Tránsito de personas vehículos o aeronaves" }, "geometry": { "type": "Point", "coordinates": [ -72.9428, -38.5892 ] } },
{ "type": "Feature", "properties": { "nombre": "SAN FRANCISCO", "comuna": "Cholchol", "combustible": "Pastizal", "causa": "Faenas forestales" }, "geometry": { "type": "Point", "coordinates": [ -72.8939, -38.6003 ] } },
{ "type": "Feature", "properties": { "nombre": "TRANABULLIN", "comuna": "Cholchol", "combustible": "Matorral", "causa": "Tránsito de personas vehículos o aeronaves" }, "geometry": { "type": "Point", "coordinates": [ -72.7681, -38.6622 ] } },
{ "type": "Feature", "properties": { "nombre": "LLANCAHUE", "comuna": "Temuco", "combustible": "Plantacion eucaliptus", "causa": "Tránsito de personas vehículos o aeronaves" }, "geometry": { "type": "Point", "coordinates": [ -72.7306, -38.5919 ] } },
{ "type": "Feature", "properties": { "nombre": "BOLLECO", "comuna": "Temuco", "combustible": "Matorral", "causa": "Tránsito de personas vehículos o aeronaves" }, "geometry": { "type": "Point", "coordinates": [ -72.6786, -38.6522 ] } },
{ "type": "Feature", "properties": { "nombre": "CHIVILCAN", "comuna": "Temuco", "combustible": "Matorral", "causa": "Incendios intencionales" }, "geometry": { "type": "Point", "coordinates": [ -72.6153, -38.7086 ] } },
{ "type": "Feature", "properties": { "nombre": "SECTOR EL MOLINO", "comuna": "Temuco", "combustible": "Pastizal", "causa": "Tránsito de personas vehículos o aeronaves" }, "geometry": { "type": "Point", "coordinates": [ -72.6364, -38.7047 ] } },
{ "type": "Feature", "properties": { "nombre": "CERRO MARIPOSA", "comuna": "Temuco", "combustible": "Matorral", "causa": "Incendios intencionales" }, "geometry": { "type": "Point", "coordinates": [ -72.5847, -38.6997 ] } },
{ "type": "Feature", "properties": { "nombre": "SANTA ANA", "comuna": "Padre Las Casas", "combustible": "Desechos", "causa": "Tránsito de personas vehículos o aeronaves" }, "geometry": { "type": "Point", "coordinates": [ -72.4972, -38.6961 ] } },
{ "type": "Feature", "properties": { "nombre": "SANTA ANA", "comuna": "Padre Las Casas", "combustible": "Desechos", "causa": "Faenas agrícolas y pecuarias" }, "geometry": { "type": "Point", "coordinates": [ -72.5103, -38.6939 ] } },
{ "type": "Feature", "properties": { "nombre": "CATRIMALAL", "comuna": "Temuco", "combustible": "Pastizal", "causa": "Quema de desechos" }, "geometry": { "type": "Point", "coordinates": [ -72.6467, -38.6861 ] } },
{ "type": "Feature", "properties": { "nombre": "MONTEVERDE", "comuna": "Temuco", "combustible": "Desechos", "causa": "Tránsito de personas vehículos o aeronaves" }, "geometry": { "type": "Point", "coordinates": [ -72.5975, -38.6783 ] } },
{ "type": "Feature", "properties": { "nombre": "LA RECOBA", "comuna": "Temuco", "combustible": "Matorral", "causa": "Incendios intencionales" }, "geometry": { "type": "Point", "coordinates": [ -72.6456, -38.6758 ] } },
{ "type": "Feature", "properties": { "nombre": "CRUCE PUMALAL", "comuna": "Temuco", "combustible": "Pastizal", "causa": "Tránsito de personas vehículos o aeronaves" }, "geometry": { "type": "Point", "coordinates": [ -72.5311, -38.6697 ] } },
{ "type": "Feature", "properties": { "nombre": "CHIVILCAN", "comuna": "Temuco", "combustible": "Matorral", "causa": "Faenas forestales" }, "geometry": { "type": "Point", "coordinates": [ -72.6253, -38.67 ] } },
{ "type": "Feature", "properties": { "nombre": "COLLIMALLIN", "comuna": "Temuco", "combustible": "Matorral", "causa": "Tránsito de personas vehículos o aeronaves" }, "geometry": { "type": "Point", "coordinates": [ -72.6514, -38.6511 ] } },
{ "type": "Feature", "properties": { "nombre": "PILLANLELBUN 2", "comuna": "Lautaro", "combustible": "Pastizal", "causa": "Tránsito de personas vehículos o aeronaves" }, "geometry": { "type": "Point", "coordinates": [ -72.4444, -38.6394 ] } },
{ "type": "Feature", "properties": { "nombre": "PILLANLELBUN", "comuna": "Lautaro", "combustible": "Pastizal", "causa": "Faenas forestales" }, "geometry": { "type": "Point", "coordinates": [ -72.4489, -38.6394 ] } },
{ "type": "Feature", "properties": { "nombre": "NORTE PILLANLELBUN", "comuna": "Lautaro", "combustible": "Pastizal", "causa": "Tránsito de personas vehículos o aeronaves" }, "geometry": { "type": "Point", "coordinates": [ -72.4444, -38.6264 ] } },
{ "type": "Feature", "properties": { "nombre": "RINCONADA", "comuna": "Lautaro", "combustible": "Desechos", "causa": "Faenas forestales" }, "geometry": { "type": "Point", "coordinates": [ -72.4006, -38.6228 ] } },
{ "type": "Feature", "properties": { "nombre": "HIJUELA 1 LOTE 2 FUNDO CU", "comuna": "Lautaro", "combustible": "Plantacion pino", "causa": "Incendios intencionales" }, "geometry": { "type": "Point", "coordinates": [ -72.4769, -38.6125 ] } },
{ "type": "Feature", "properties": { "nombre": "LOTE 5 LONCOCAHUELLO PART.", "comuna": "Lautaro", "combustible": "Plantacion eucaliptus", "causa": "Faenas agrícolas y pecuarias" }, "geometry": { "type": "Point", "coordinates": [ -72.5136, -38.565 ] } },
{ "type": "Feature", "properties": { "nombre": "PARCELA 27 A", "comuna": "Lautaro", "combustible": "Plantacion eucaliptus", "causa": "Accidentes eléctricos" }, "geometry": { "type": "Point", "coordinates": [ -72.5556, -38.565 ] } },
{ "type": "Feature", "properties": { "nombre": "LA PROVIDENCIA", "comuna": "Temuco", "combustible": "Desechos", "causa": "Incendios intencionales" }, "geometry": { "type": "Point", "coordinates": [ -72.5803, -38.7117 ] } },
{ "type": "Feature", "properties": { "nombre": "CHIVILCAN", "comuna": "Temuco", "combustible": "Matorral", "causa": "Faenas forestales" }, "geometry": { "type": "Point", "coordinates": [ -72.6308, -38.6569 ] } },
{ "type": "Feature", "properties": { "nombre": "RALUNCOYAN", "comuna": "Temuco", "combustible": "Pastizal", "causa": "Quema de desechos" }, "geometry": { "type": "Point", "coordinates": [ -72.6486, -38.6972 ] } },
{ "type": "Feature", "properties": { "nombre": "LA PROVIDENCIA", "comuna": "Temuco", "combustible": "Desechos", "causa": "Tránsito de personas vehículos o aeronaves" }, "geometry": { "type": "Point", "coordinates": [ -72.5794, -38.7086 ] } },
{ "type": "Feature", "properties": { "nombre": "ESCUELA PROVIDENCIA", "comuna": "Temuco", "combustible": "Matorral", "causa": "Incendios de causa desconocida" }, "geometry": { "type": "Point", "coordinates": [ -72.5793, -38.7021 ] } },
{ "type": "Feature", "properties": { "nombre": "EX VERTEDERO", "comuna": "Purén", "combustible": "Desechos", "causa": "Actividades recreativas" }, "geometry": { "type": "Point", "coordinates": [ -73.0403, -38.0483 ] } },
{ "type": "Feature", "properties": { "nombre": "QUILACO", "comuna": "Purén", "combustible": "Basural", "causa": "Quema de desechos" }, "geometry": { "type": "Point", "coordinates": [ -73.0356, -38.0458 ] } },
{ "type": "Feature", "properties": { "nombre": "SAN SEBASTIAN Y OTROS PART", "comuna": "Lumaco", "combustible": "Plantacion pino", "causa": "Incendios intencionales" }, "geometry": { "type": "Point", "coordinates": [ -73.0308, -38.1639 ] } },
{ "type": "Feature", "properties": { "nombre": "SAN SEBASTIAN Y OTROS PART.", "comuna": "Lumaco", "combustible": "Matorral", "causa": "Accidentes eléctricos" }, "geometry": { "type": "Point", "coordinates": [ -73.0269, -38.1686 ] } },
{ "type": "Feature", "properties": { "nombre": "LAS CARPAS I Y OTROS PA", "comuna": "Lumaco", "combustible": "Plantacion pino", "causa": "Incendios intencionales" }, "geometry": { "type": "Point", "coordinates": [ -73.025, -38.2364 ] } },
{ "type": "Feature", "properties": { "nombre": "LONCOYAN", "comuna": "Purén", "combustible": "Pastizal", "causa": "Accidentes eléctricos" }, "geometry": { "type": "Point", "coordinates": [ -73.0047, -38.0928 ] } },
{ "type": "Feature", "properties": { "nombre": "IPINCO", "comuna": "Purén", "combustible": "Desechos", "causa": "Faenas agrícolas y pecuarias" }, "geometry": { "type": "Point", "coordinates": [ -73.0053, -38.0683 ] } },
{ "type": "Feature", "properties": { "nombre": "LINGUE BAJO", "comuna": "Lumaco", "combustible": "Basural", "causa": "Quema de desechos" }, "geometry": { "type": "Point", "coordinates": [ -72.9969, -38.1139 ] } },
{ "type": "Feature", "properties": { "nombre": "PICHILONCOYAN", "comuna": "Purén", "combustible": "Desechos", "causa": "Incendios intencionales" }, "geometry": { "type": "Point", "coordinates": [ -72.9789, -38.1094 ] } },
{ "type": "Feature", "properties": { "nombre": "PILIMACO", "comuna": "Lumaco", "combustible": "Pastizal", "causa": "Quema de desechos" }, "geometry": { "type": "Point", "coordinates": [ -72.9731, -38.1953 ] } },
{ "type": "Feature", "properties": { "nombre": "PICHI LONCOYAN", "comuna": "Purén", "combustible": "Desechos", "causa": "Incendios intencionales" }, "geometry": { "type": "Point", "coordinates": [ -72.9731, -38.1083 ] } },
{ "type": "Feature", "properties": { "nombre": "LONCOYAN", "comuna": "Purén", "combustible": "Pastizal", "causa": "Tránsito de personas vehículos o aeronaves" }, "geometry": { "type": "Point", "coordinates": [ -72.9714, -38.1011 ] } },
{ "type": "Feature", "properties": { "nombre": "PIDENCO", "comuna": "Lumaco", "combustible": "Plantacion pino", "causa": "Incendios intencionales" }, "geometry": { "type": "Point", "coordinates": [ -72.9667, -38.1823 ] } },
{ "type": "Feature", "properties": { "nombre": "HUITRANLEBU", "comuna": "Purén", "combustible": "Desechos", "causa": "Tránsito de personas vehículos o aeronaves" }, "geometry": { "type": "Point", "coordinates": [ -72.9683, -38.0306 ] } },
{ "type": "Feature", "properties": { "nombre": "RUCALAHUEN", "comuna": "Purén", "combustible": "Basural", "causa": "Quema de desechos" }, "geometry": { "type": "Point", "coordinates": [ -72.9519, -38.1142 ] } },
{ "type": "Feature", "properties": { "nombre": "HUICHAHUALCO 2", "comuna": "Purén", "combustible": "Matorral", "causa": "Incendios intencionales" }, "geometry": { "type": "Point", "coordinates": [ -72.95, -38.0911 ] } },
{ "type": "Feature", "properties": { "nombre": "REGLA 1 RUCAMANQUE", "comuna": "Lumaco", "combustible": "Plantacion eucaliptus", "causa": "Incendios intencionales" }, "geometry": { "type": "Point", "coordinates": [ -72.9425, -38.1914 ] } },
{ "type": "Feature", "properties": { "nombre": "PIDENCO", "comuna": "Lumaco", "combustible": "Matorral", "causa": "Incendios intencionales" }, "geometry": { "type": "Point", "coordinates": [ -72.9422, -38.1835 ] } },
{ "type": "Feature", "properties": { "nombre": "REGLA 1 RUCAMANQUE", "comuna": "Lumaco", "combustible": "Arbolado natural", "causa": "Incendios intencionales" }, "geometry": { "type": "Point", "coordinates": [ -72.9361, -38.1953 ] } },
{ "type": "Feature", "properties": { "nombre": "EL PERAL", "comuna": "Lumaco", "combustible": "Plantacion eucaliptus", "causa": "Incendios intencionales" }, "geometry": { "type": "Point", "coordinates": [ -72.9222, -38.2008 ] } },
{ "type": "Feature", "properties": { "nombre": "PIDENCO", "comuna": "Lumaco", "combustible": "Matorral", "causa": "Incendios intencionales" }, "geometry": { "type": "Point", "coordinates": [ -72.9172, -38.1635 ] } },
{ "type": "Feature", "properties": { "nombre": "PARCELA 57 REÑICO", "comuna": "Lumaco", "combustible": "Plantacion eucaliptus", "causa": "Incendios intencionales" }, "geometry": { "type": "Point", "coordinates": [ -72.9089, -38.2097 ] } },
{ "type": "Feature", "properties": { "nombre": "SAN GERARDO", "comuna": "Lumaco", "combustible": "Matorral", "causa": "Accidentes eléctricos" }, "geometry": { "type": "Point", "coordinates": [ -72.9069, -38.0967 ] } },
{ "type": "Feature", "properties": { "nombre": "SAN PATRICIO", "comuna": "Lumaco", "combustible": "Pastizal", "causa": "Quema de desechos" }, "geometry": { "type": "Point", "coordinates": [ -72.9061, -38.1175 ] } },
{ "type": "Feature", "properties": { "nombre": "HUITRALEHUE LT-A", "comuna": "Los Sauces", "combustible": "Plantacion eucaliptus", "causa": "Incendios intencionales" }, "geometry": { "type": "Point", "coordinates": [ -72.8886, -38.0339 ] } },
{ "type": "Feature", "properties": { "nombre": "PINAR DEL RIO", "comuna": "Toltén", "combustible": "Matorral", "causa": "Tránsito de personas vehículos o aeronaves" }, "geometry": { "type": "Point", "coordinates": [ -73.1251, -39.0793 ] } },
{ "type": "Feature", "properties": { "nombre": "LOTE 5 MOLCO ALTO PART.", "comuna": "Nueva Imperial", "combustible": "Matorral", "causa": "Incendios de causa desconocida" }, "geometry": { "type": "Point", "coordinates": [ -73.0622, -38.8867 ] } },
{ "type": "Feature", "properties": { "nombre": "SANTO DOMINGO", "comuna": "Carahue", "combustible": "Matorral", "causa": "Faenas agrícolas y pecuarias" }, "geometry": { "type": "Point", "coordinates": [ -73.1231, -38.79 ] } },
{ "type": "Feature", "properties": { "nombre": "QUILLEN BAJO 2", "comuna": "Carahue", "combustible": "Plantacion eucaliptus", "causa": "Incendios intencionales" }, "geometry": { "type": "Point", "coordinates": [ -73.1425, -38.7333 ] } },
{ "type": "Feature", "properties": { "nombre": "MONTEBELLO Y OTRO PART.", "comuna": "Carahue", "combustible": "Matorral", "causa": "Incendios intencionales" }, "geometry": { "type": "Point", "coordinates": [ -73.1531, -38.7325 ] } },
{ "type": "Feature", "properties": { "nombre": "QUILLEM", "comuna": "Carahue", "combustible": "Matorral", "causa": "Tránsito de personas vehículos o aeronaves" }, "geometry": { "type": "Point", "coordinates": [ -73.1417, -38.7306 ] } },
{ "type": "Feature", "properties": { "nombre": "RANQUILCO", "comuna": "Nueva Imperial", "combustible": "Pastizal", "causa": "Incendios intencionales" }, "geometry": { "type": "Point", "coordinates": [ -73.0575, -38.6983 ] } },
{ "type": "Feature", "properties": { "nombre": "PIDENCO", "comuna": "Nueva Imperial", "combustible": "Desechos", "causa": "Tránsito de personas vehículos o aeronaves" }, "geometry": { "type": "Point", "coordinates": [ -73.0653, -38.6817 ] } },
{ "type": "Feature", "properties": { "nombre": "COLICO", "comuna": "Carahue", "combustible": "Pastizal", "causa": "Tránsito de personas vehículos o aeronaves" }, "geometry": { "type": "Point", "coordinates": [ -73.1333, -38.6736 ] } },
{ "type": "Feature", "properties": { "nombre": "EL DOMINIO Y OTROS PART.", "comuna": "Lumaco", "combustible": "Plantacion pino", "causa": "Incendios intencionales" }, "geometry": { "type": "Point", "coordinates": [ -73.0869, -38.4403 ] } },
{ "type": "Feature", "properties": { "nombre": "LA LIEBRE Y OTROS", "comuna": "Lumaco", "combustible": "Plantacion pino", "causa": "Incendios intencionales" }, "geometry": { "type": "Point", "coordinates": [ -73.0933, -38.4097 ] } },
{ "type": "Feature", "properties": { "nombre": "MADILHUE Y OTROS", "comuna": "Lumaco", "combustible": "Matorral", "causa": "Incendios intencionales" }, "geometry": { "type": "Point", "coordinates": [ -73.0761, -38.4064 ] } },
{ "type": "Feature", "properties": { "nombre": "SAN MIGUEL", "comuna": "Lumaco", "combustible": "Matorral", "causa": "Incendios intencionales" }, "geometry": { "type": "Point", "coordinates": [ -73.1325, -38.3922 ] } },
{ "type": "Feature", "properties": { "nombre": "SAN MIGUEL", "comuna": "Lumaco", "combustible": "Matorral", "causa": "Incendios intencionales" }, "geometry": { "type": "Point", "coordinates": [ -73.0953, -38.3831 ] } },
{ "type": "Feature", "properties": { "nombre": "SAN MIGUEL", "comuna": "Lumaco", "combustible": "Matorral", "causa": "Incendios intencionales" }, "geometry": { "type": "Point", "coordinates": [ -73.09, -38.3811 ] } },
{ "type": "Feature", "properties": { "nombre": "PARCELAS RELUN", "comuna": "Lumaco", "combustible": "Pastizal", "causa": "Accidentes eléctricos" }, "geometry": { "type": "Point", "coordinates": [ -73.1472, -38.2692 ] } },
{ "type": "Feature", "properties": { "nombre": "PANGUECO", "comuna": "Purén", "combustible": "Desechos", "causa": "Faenas forestales" }, "geometry": { "type": "Point", "coordinates": [ -73.1111, -38.0392 ] } },
{ "type": "Feature", "properties": { "nombre": "NUEVA ETRURIA SECCIÒN 22 (CORR 58) DENTRO", "comuna": "Gorbea", "combustible": "Plantacion pino", "causa": "Faenas forestales" }, "geometry": { "type": "Point", "coordinates": [ -72.82, -39.1828 ] } },
{ "type": "Feature", "properties": { "nombre": "LA FRONTERA (CORR.14) AMENAZA", "comuna": "Gorbea", "combustible": "Matorral", "causa": "Otras actividades" }, "geometry": { "type": "Point", "coordinates": [ -72.8058, -39.1206 ] } },
{ "type": "Feature", "properties": { "nombre": "GALPONES FILOCO", "comuna": "Pitrufquén", "combustible": "Matorral", "causa": "Tránsito de personas vehículos o aeronaves" }, "geometry": { "type": "Point", "coordinates": [ -72.7942, -39.0358 ] } },
{ "type": "Feature", "properties": { "nombre": "LOS GALPONES", "comuna": "Pitrufquén", "combustible": "Matorral", "causa": "Tránsito de personas vehículos o aeronaves" }, "geometry": { "type": "Point", "coordinates": [ -72.7867, -39.0283 ] } },
{ "type": "Feature", "properties": { "nombre": "LOLEN", "comuna": "Freire", "combustible": "Matorral", "causa": "Confección y/o extracción productos secundarios del bosque" }, "geometry": { "type": "Point", "coordinates": [ -72.8183, -39.0225 ] } },
{ "type": "Feature", "properties": { "nombre": "CHADA", "comuna": "Pitrufquén", "combustible": "Pastizal", "causa": "Tránsito de personas vehículos o aeronaves" }, "geometry": { "type": "Point", "coordinates": [ -72.7642, -39.0172 ] } },
{ "type": "Feature", "properties": { "nombre": "FUNDO AGRÍCOLA ANDINA", "comuna": "Freire", "combustible": "Desechos", "causa": "Faenas agrícolas y pecuarias" }, "geometry": { "type": "Point", "coordinates": [ -72.7489, -38.9528 ] } },
{ "type": "Feature", "properties": { "nombre": "SANTA PAULA", "comuna": "Padre Las Casas", "combustible": "Matorral", "causa": "Quema de desechos" }, "geometry": { "type": "Point", "coordinates": [ -72.7906, -38.8656 ] } },
{ "type": "Feature", "properties": { "nombre": "CHUCAUCO", "comuna": "Freire", "combustible": "Desechos", "causa": "Faenas agrícolas y pecuarias" }, "geometry": { "type": "Point", "coordinates": [ -72.745, -38.8628 ] } },
{ "type": "Feature", "properties": { "nombre": "EL RULO", "comuna": "Nueva Imperial", "combustible": "Plantacion eucaliptus", "causa": "Tránsito de personas vehículos o aeronaves" }, "geometry": { "type": "Point", "coordinates": [ -72.945, -38.8544 ] } },
{ "type": "Feature", "properties": { "nombre": "RAPA MAQUEHUE", "comuna": "Padre Las Casas", "combustible": "Desechos", "causa": "Faenas agrícolas y pecuarias" }, "geometry": { "type": "Point", "coordinates": [ -72.71, -38.8489 ] } },
{ "type": "Feature", "properties": { "nombre": "CHUCAUCO", "comuna": "Freire", "combustible": "Matorral", "causa": "Tránsito de personas vehículos o aeronaves" }, "geometry": { "type": "Point", "coordinates": [ -72.7761, -38.8458 ] } },
{ "type": "Feature", "properties": { "nombre": "MANZANAL", "comuna": "Nueva Imperial", "combustible": "Pastizal", "causa": "Tránsito de personas vehículos o aeronaves" }, "geometry": { "type": "Point", "coordinates": [ -72.9286, -38.8339 ] } },
{ "type": "Feature", "properties": { "nombre": "MISION BOROA", "comuna": "Nueva Imperial", "combustible": "Pastizal", "causa": "Tránsito de personas vehículos o aeronaves" }, "geometry": { "type": "Point", "coordinates": [ -72.8464, -38.8286 ] } },
{ "type": "Feature", "properties": { "nombre": "MOLCO", "comuna": "Padre Las Casas", "combustible": "Matorral", "causa": "Tránsito de personas vehículos o aeronaves" }, "geometry": { "type": "Point", "coordinates": [ -72.7383, -38.7911 ] } },
{ "type": "Feature", "properties": { "nombre": "ENTRE RÍOS", "comuna": "Nueva Imperial", "combustible": "Basural", "causa": "Quema de desechos" }, "geometry": { "type": "Point", "coordinates": [ -72.8772, -38.7833 ] } },
{ "type": "Feature", "properties": { "nombre": "ALMAGRO", "comuna": "Nueva Imperial", "combustible": "Pastizal", "causa": "Incendios intencionales" }, "geometry": { "type": "Point", "coordinates": [ -72.9319, -38.775 ] } },
{ "type": "Feature", "properties": { "nombre": "RENGALIL", "comuna": "Temuco", "combustible": "Desechos", "causa": "Tránsito de personas vehículos o aeronaves" }, "geometry": { "type": "Point", "coordinates": [ -72.8103, -38.7689 ] } },
{ "type": "Feature", "properties": { "nombre": "ALTOS DE APUMANQUE", "comuna": "Temuco", "combustible": "Pastizal", "causa": "Tránsito de personas vehículos o aeronaves" }, "geometry": { "type": "Point", "coordinates": [ -72.7367, -38.7619 ] } },
{ "type": "Feature", "properties": { "nombre": "CASAS NUEVAS", "comuna": "Temuco", "combustible": "Pastizal", "causa": "Incendios intencionales" }, "geometry": { "type": "Point", "coordinates": [ -72.8136, -38.7633 ] } },
{ "type": "Feature", "properties": { "nombre": "BOROA", "comuna": "Nueva Imperial", "combustible": "Matorral", "causa": "Tránsito de personas vehículos o aeronaves" }, "geometry": { "type": "Point", "coordinates": [ -72.8422, -38.7633 ] } },
{ "type": "Feature", "properties": { "nombre": "LA MONTAÑA", "comuna": "Temuco", "combustible": "Desechos", "causa": "Actividades recreativas" }, "geometry": { "type": "Point", "coordinates": [ -72.7767, -38.7539 ] } },
{ "type": "Feature", "properties": { "nombre": "FUNDO LA MONTAÑA", "comuna": "Temuco", "combustible": "Cultivo agrícola", "causa": "Faenas agrícolas y pecuarias" }, "geometry": { "type": "Point", "coordinates": [ -72.7811, -38.7486 ] } },
{ "type": "Feature", "properties": { "nombre": "LELFUNCHE", "comuna": "Nueva Imperial", "combustible": "Desechos", "causa": "Faenas agrícolas y pecuarias" }, "geometry": { "type": "Point", "coordinates": [ -72.8333, -38.7422 ] } },
{ "type": "Feature", "properties": { "nombre": "FLOR DEL VALLE", "comuna": "Melipeuco", "combustible": "Arbolado natural", "causa": "Incendios naturales" }, "geometry": { "type": "Point", "coordinates": [ -71.5469, -38.8689 ] } },
{ "type": "Feature", "properties": { "nombre": "GALLETUE", "comuna": "Lonquimay", "combustible": "Arbolado natural", "causa": "Incendios naturales" }, "geometry": { "type": "Point", "coordinates": [ -71.3447, -38.7233 ] } },
{ "type": "Feature", "properties": { "nombre": "P.N CONGUILLIO - LA BAITA", "comuna": "Melipeuco", "combustible": "Arbolado natural", "causa": "Incendios naturales" }, "geometry": { "type": "Point", "coordinates": [ -71.6137, -38.7208 ] } },
{ "type": "Feature", "properties": { "nombre": "COM. HUALLELMAPU - GALLETUE", "comuna": "Lonquimay", "combustible": "Pastizal", "causa": "Faenas agrícolas y pecuarias" }, "geometry": { "type": "Point", "coordinates": [ -71.2031, -38.7033 ] } },
{ "type": "Feature", "properties": { "nombre": "PEHUENCO", "comuna": "Lonquimay", "combustible": "Otras plantaciones", "causa": "Incendios naturales" }, "geometry": { "type": "Point", "coordinates": [ -71.0264, -38.5822 ] } },
{ "type": "Feature", "properties": { "nombre": "LOLCO", "comuna": "Lonquimay", "combustible": "Arbolado natural", "causa": "Incendios naturales" }, "geometry": { "type": "Point", "coordinates": [ -71.4656, -38.2547 ] } },
{ "type": "Feature", "properties": { "nombre": "RANQUIL 2", "comuna": "Lonquimay", "combustible": "Arbolado natural", "causa": "Incendios naturales" }, "geometry": { "type": "Point", "coordinates": [ -71.2261, -38.1947 ] } },
{ "type": "Feature", "properties": { "nombre": "RANQUIL 1", "comuna": "Lonquimay", "combustible": "Arbolado natural", "causa": "Incendios naturales" }, "geometry": { "type": "Point", "coordinates": [ -71.2192, -38.1928 ] } },
{ "type": "Feature", "properties": { "nombre": "LOLCO 2", "comuna": "Lonquimay", "combustible": "Arbolado natural", "causa": "Incendios naturales" }, "geometry": { "type": "Point", "coordinates": [ -71.3739, -38.2653 ] } },
{ "type": "Feature", "properties": { "nombre": "AMARGO", "comuna": "Collipulli", "combustible": "Desechos", "causa": "Quema de desechos" }, "geometry": { "type": "Point", "coordinates": [ -71.7933, -38.0644 ] } },
{ "type": "Feature", "properties": { "nombre": "GUALLERUPE", "comuna": "Melipeuco", "combustible": "Desechos", "causa": "Actividades recreativas" }, "geometry": { "type": "Point", "coordinates": [ -71.6714, -38.8475 ] } },
{ "type": "Feature", "properties": { "nombre": "LA JAULA", "comuna": "Curacautín", "combustible": "Pastizal", "causa": "Faenas agrícolas y pecuarias" }, "geometry": { "type": "Point", "coordinates": [ -71.9089, -38.4036 ] } },
{ "type": "Feature", "properties": { "nombre": "RIO NEGRO", "comuna": "Melipeuco", "combustible": "Desechos", "causa": "Faenas forestales" }, "geometry": { "type": "Point", "coordinates": [ -71.89, -38.8753 ] } },
{ "type": "Feature", "properties": { "nombre": "SANTA JULIA", "comuna": "Curacautín", "combustible": "Pastizal", "causa": "Tránsito de personas vehículos o aeronaves" }, "geometry": { "type": "Point", "coordinates": [ -71.9775, -38.4764 ] } }
]
}
