{"type":"FeatureCollection",
"fuente":"USGS Earthquake Catalog (ComCat), https://earthquake.usgs.gov/fdsnws/event/1/",
"consulta":"magnitud >= 3, latitud -56 a -17, longitud -76 a -66; descargado el 2026-09-28",
"periodo":{"desde": "2025-09-29", "hasta": "2026-09-28"},
"features":[
{"type":"Feature","id":"us6000rdii","geometry":{"type":"Point","coordinates":[-68.189,-22.959]},"properties":{"mag":4.3,"lugar":"5 km SSE of San Pedro de Atacama, Chile","tiempo":1759111122532,"prof":153.4,"url":"https://earthquake.usgs.gov/earthquakes/eventpage/us6000rdii"}},
{"type":"Feature","id":"us6000rdjs","geometry":{"type":"Point","coordinates":[-70.226,-28.935]},"properties":{"mag":4.2,"lugar":"65 km SE of Vallenar, Chile","tiempo":1759140403779,"prof":133.6,"url":"https://earthquake.usgs.gov/earthquakes/eventpage/us6000rdjs"}},
{"type":"Feature","id":"us6000rdma","geometry":{"type":"Point","coordinates":[-68.795,-22.01]},"properties":{"mag":4.2,"lugar":"51 km NNE of Calama, Chile","tiempo":1759167617402,"prof":108.2,"url":"https://earthquake.usgs.gov/earthquakes/eventpage/us6000rdma"}},
{"type":"Feature","id":"us6000rdnj","geometry":{"type":"Point","coordinates":[-70.543,-32.628]},"properties":{"mag":3.7,"lugar":"21 km NE of San Felipe, Chile","tiempo":1759182119634,"prof":20.3,"url":"https://earthquake.usgs.gov/earthquakes/eventpage/us6000rdnj"}},
{"type":"Feature","id":"us6000rdws","geometry":{"type":"Point","coordinates":[-69.011,-21.317]},"properties":{"mag":4.2,"lugar":"79 km W of Ollagüe, Chile","tiempo":1759264266170,"prof":103.5,"url":"https://earthquake.usgs.gov/earthquakes/eventpage/us6000rdws"}},
{"type":"Feature","id":"us6000re0g","geometry":{"type":"Point","coordinates":[-72.058,-29.615]},"properties":{"mag":4.3,"lugar":"78 km WNW of Coquimbo, Chile","tiempo":1759334884914,"prof":21.9,"url":"https://earthquake.usgs.gov/earthquakes/eventpage/us6000re0g"}},
{"type":"Feature","id":"us6000re62","geometry":{"type":"Point","coordinates":[-71.834,-30.608]},"properties":{"mag":5.4,"lugar":"60 km W of Ovalle, Chile","tiempo":1759401836217,"prof":25,"url":"https://earthquake.usgs.gov/earthquakes/eventpage/us6000re62"}},
{"type":"Feature","id":"us6000rebi","geometry":{"type":"Point","coordinates":[-69.069,-21.298]},"properties":{"mag":4.3,"lugar":"85 km W of Ollagüe, Chile","tiempo":1759430785462,"prof":105.0,"url":"https://earthquake.usgs.gov/earthquakes/eventpage/us6000rebi"}},
{"type":"Feature","id":"us6000res5","geometry":{"type":"Point","coordinates":[-68.636,-21.902]},"properties":{"mag":4.2,"lugar":"68 km NNE of Calama, Chile","tiempo":1759577863891,"prof":121.5,"url":"https://earthquake.usgs.gov/earthquakes/eventpage/us6000res5"}},
{"type":"Feature","id":"us6000reue","geometry":{"type":"Point","coordinates":[-70.501,-25.042]},"properties":{"mag":4.5,"lugar":"40 km N of Taltal, Chile","tiempo":1759609642639,"prof":41.4,"url":"https://earthquake.usgs.gov/earthquakes/eventpage/us6000reue"}},
{"type":"Feature","id":"us6000reuf","geometry":{"type":"Point","coordinates":[-69.148,-30.353]},"properties":{"mag":4.3,"lugar":"40 km WSW of San José de Jáchal, Argentina","tiempo":1759610129804,"prof":113.0,"url":"https://earthquake.usgs.gov/earthquakes/eventpage/us6000reuf"}},
{"type":"Feature","id":"us6000rf03","geometry":{"type":"Point","coordinates":[-70.205,-33.355]},"properties":{"mag":4.2,"lugar":"36 km ENE of Villa Presidente Frei, Chile","tiempo":1759704177529,"prof":8.8,"url":"https://earthquake.usgs.gov/earthquakes/eventpage/us6000rf03"}},
{"type":"Feature","id":"us6000rf1p","geometry":{"type":"Point","coordinates":[-71.468,-31.261]},"properties":{"mag":4.3,"lugar":"50 km NW of Illapel, Chile","tiempo":1759738670309,"prof":22.4,"url":"https://earthquake.usgs.gov/earthquakes/eventpage/us6000rf1p"}},
{"type":"Feature","id":"us6000rf9y","geometry":{"type":"Point","coordinates":[-71.677,-30.661]},"properties":{"mag":4.2,"lugar":"46 km W of Ovalle, Chile","tiempo":1759816538691,"prof":21.9,"url":"https://earthquake.usgs.gov/earthquakes/eventpage/us6000rf9y"}},
{"type":"Feature","id":"us6000rfmt","geometry":{"type":"Point","coordinates":[-67.007,-24.249]},"properties":{"mag":4.2,"lugar":"69 km W of San Antonio de los Cobres, Argentina","tiempo":1759944168120,"prof":168.8,"url":"https://earthquake.usgs.gov/earthquakes/eventpage/us6000rfmt"}},
{"type":"Feature","id":"us6000rfrq","geometry":{"type":"Point","coordinates":[-67.099,-30.892]},"properties":{"mag":4,"lugar":"45 km SE of San Agustín de Valle Fértil, Argentina","tiempo":1759983056736,"prof":40.0,"url":"https://earthquake.usgs.gov/earthquakes/eventpage/us6000rfrq"}},
{"type":"Feature","id":"us6000rgra","geometry":{"type":"Point","coordinates":[-70.07,-32.629]},"properties":{"mag":4.5,"lugar":"54 km ENE of Los Andes, Chile","tiempo":1760287359440,"prof":115.8,"url":"https://earthquake.usgs.gov/earthquakes/eventpage/us6000rgra"}},
{"type":"Feature","id":"us6000rgsr","geometry":{"type":"Point","coordinates":[-71.801,-30.608]},"properties":{"mag":4.4,"lugar":"57 km W of Ovalle, Chile","tiempo":1760317892627,"prof":28.5,"url":"https://earthquake.usgs.gov/earthquakes/eventpage/us6000rgsr"}},
{"type":"Feature","id":"us6000rgsu","geometry":{"type":"Point","coordinates":[-71.832,-30.662]},"properties":{"mag":4.9,"lugar":"61 km W of Ovalle, Chile","tiempo":1760318887009,"prof":26.1,"url":"https://earthquake.usgs.gov/earthquakes/eventpage/us6000rgsu"}},
{"type":"Feature","id":"us6000rguj","geometry":{"type":"Point","coordinates":[-68.714,-21.991]},"properties":{"mag":4.3,"lugar":"55 km NNE of Calama, Chile","tiempo":1760352763622,"prof":117.7,"url":"https://earthquake.usgs.gov/earthquakes/eventpage/us6000rguj"}},
{"type":"Feature","id":"us6000rgxx","geometry":{"type":"Point","coordinates":[-69.445,-32.065]},"properties":{"mag":4.6,"lugar":"81 km S of Calingasta, Argentina","tiempo":1760381920261,"prof":112.9,"url":"https://earthquake.usgs.gov/earthquakes/eventpage/us6000rgxx"}},
{"type":"Feature","id":"us6000rgyv","geometry":{"type":"Point","coordinates":[-69.001,-21.112]},"properties":{"mag":4.1,"lugar":"78 km W of Ollagüe, Chile","tiempo":1760397255219,"prof":110.6,"url":"https://earthquake.usgs.gov/earthquakes/eventpage/us6000rgyv"}},
{"type":"Feature","id":"us6000rgzb","geometry":{"type":"Point","coordinates":[-67.038,-18.301]},"properties":{"mag":4.1,"lugar":"11 km NW of Poopó, Bolivia","tiempo":1760410909393,"prof":266.7,"url":"https://earthquake.usgs.gov/earthquakes/eventpage/us6000rgzb"}},
{"type":"Feature","id":"us6000rgzk","geometry":{"type":"Point","coordinates":[-68.6,-21.902]},"properties":{"mag":4.8,"lugar":"69 km NNE of Calama, Chile","tiempo":1760417014804,"prof":115.8,"url":"https://earthquake.usgs.gov/earthquakes/eventpage/us6000rgzk"}},
{"type":"Feature","id":"us6000rh00","geometry":{"type":"Point","coordinates":[-71.674,-30.047]},"properties":{"mag":4.2,"lugar":"33 km WSW of Coquimbo, Chile","tiempo":1760426253891,"prof":33.2,"url":"https://earthquake.usgs.gov/earthquakes/eventpage/us6000rh00"}},
{"type":"Feature","id":"us6000rh4q","geometry":{"type":"Point","coordinates":[-68.949,-20.23]},"properties":{"mag":5.2,"lugar":"74 km E of La Tirana, Chile","tiempo":1760461817378,"prof":96.9,"url":"https://earthquake.usgs.gov/earthquakes/eventpage/us6000rh4q"}},
{"type":"Feature","id":"us6000rh7c","geometry":{"type":"Point","coordinates":[-71.665,-17.657]},"properties":{"mag":4,"lugar":"34 km W of Pacocha, Peru","tiempo":1760486712567,"prof":53.7,"url":"https://earthquake.usgs.gov/earthquakes/eventpage/us6000rh7c"}},
{"type":"Feature","id":"us6000rh9m","geometry":{"type":"Point","coordinates":[-71.516,-30.72]},"properties":{"mag":5.6,"lugar":"33 km WSW of Ovalle, Chile","tiempo":1760528619780,"prof":37.2,"url":"https://earthquake.usgs.gov/earthquakes/eventpage/us6000rh9m"}},
{"type":"Feature","id":"us6000rha5","geometry":{"type":"Point","coordinates":[-70.084,-27.084]},"properties":{"mag":4.5,"lugar":"39 km NE of Copiapó, Chile","tiempo":1760535461488,"prof":68.7,"url":"https://earthquake.usgs.gov/earthquakes/eventpage/us6000rha5"}},
{"type":"Feature","id":"us6000rhe0","geometry":{"type":"Point","coordinates":[-71.43,-28.925]},"properties":{"mag":4.3,"lugar":"76 km WSW of Vallenar, Chile","tiempo":1760566329773,"prof":37.1,"url":"https://earthquake.usgs.gov/earthquakes/eventpage/us6000rhe0"}},
{"type":"Feature","id":"us6000rhhl","geometry":{"type":"Point","coordinates":[-67.31,-22.288]},"properties":{"mag":4.2,"lugar":"114 km NE of San Pedro de Atacama, Chile","tiempo":1760604403900,"prof":170.3,"url":"https://earthquake.usgs.gov/earthquakes/eventpage/us6000rhhl"}},
{"type":"Feature","id":"us6000rhm8","geometry":{"type":"Point","coordinates":[-69.076,-20.579]},"properties":{"mag":4.2,"lugar":"66 km ESE of La Tirana, Chile","tiempo":1760640514333,"prof":86.2,"url":"https://earthquake.usgs.gov/earthquakes/eventpage/us6000rhm8"}},
{"type":"Feature","id":"us6000rhpp","geometry":{"type":"Point","coordinates":[-71.436,-30.715]},"properties":{"mag":4.6,"lugar":"26 km WSW of Ovalle, Chile","tiempo":1760663710876,"prof":45.9,"url":"https://earthquake.usgs.gov/earthquakes/eventpage/us6000rhpp"}},
{"type":"Feature","id":"us6000rhqv","geometry":{"type":"Point","coordinates":[-69.101,-19.909]},"properties":{"mag":4.2,"lugar":"70 km E of Huara, Chile","tiempo":1760680550923,"prof":106.2,"url":"https://earthquake.usgs.gov/earthquakes/eventpage/us6000rhqv"}},
{"type":"Feature","id":"us6000rhsr","geometry":{"type":"Point","coordinates":[-68.814,-20.429]},"properties":{"mag":4,"lugar":"88 km E of La Tirana, Chile","tiempo":1760715188559,"prof":105.9,"url":"https://earthquake.usgs.gov/earthquakes/eventpage/us6000rhsr"}},
{"type":"Feature","id":"us6000ri1b","geometry":{"type":"Point","coordinates":[-69.019,-20.646]},"properties":{"mag":4.4,"lugar":"74 km ESE of La Tirana, Chile","tiempo":1760797260838,"prof":101.8,"url":"https://earthquake.usgs.gov/earthquakes/eventpage/us6000ri1b"}},
{"type":"Feature","id":"us6000ri1t","geometry":{"type":"Point","coordinates":[-69.068,-31.244]},"properties":{"mag":4.1,"lugar":"35 km ENE of Calingasta, Argentina","tiempo":1760807614137,"prof":115.0,"url":"https://earthquake.usgs.gov/earthquakes/eventpage/us6000ri1t"}},
{"type":"Feature","id":"us6000ri2v","geometry":{"type":"Point","coordinates":[-70.579,-17.398]},"properties":{"mag":4.5,"lugar":"7 km WNW of Ilabaya, Peru","tiempo":1760829370816,"prof":10,"url":"https://earthquake.usgs.gov/earthquakes/eventpage/us6000ri2v"}},
{"type":"Feature","id":"us6000ri32","geometry":{"type":"Point","coordinates":[-67.23,-24.274]},"properties":{"mag":4.2,"lugar":"92 km W of San Antonio de los Cobres, Argentina","tiempo":1760836378208,"prof":168.9,"url":"https://earthquake.usgs.gov/earthquakes/eventpage/us6000ri32"}},
{"type":"Feature","id":"us6000ri3k","geometry":{"type":"Point","coordinates":[-68.595,-21.935]},"properties":{"mag":4.2,"lugar":"67 km NNE of Calama, Chile","tiempo":1760845508939,"prof":122.7,"url":"https://earthquake.usgs.gov/earthquakes/eventpage/us6000ri3k"}},
{"type":"Feature","id":"us6000ribs","geometry":{"type":"Point","coordinates":[-67.225,-19.075]},"properties":{"mag":4,"lugar":"51 km WSW of Challapata, Bolivia","tiempo":1760979189082,"prof":237.9,"url":"https://earthquake.usgs.gov/earthquakes/eventpage/us6000ribs"}},
{"type":"Feature","id":"us6000ridx","geometry":{"type":"Point","coordinates":[-72.098,-30.341]},"properties":{"mag":4.2,"lugar":"84 km WSW of Coquimbo, Chile","tiempo":1761010316836,"prof":13.2,"url":"https://earthquake.usgs.gov/earthquakes/eventpage/us6000ridx"}},
{"type":"Feature","id":"us6000rigb","geometry":{"type":"Point","coordinates":[-69.736,-32.376]},"properties":{"mag":4.8,"lugar":"95 km ENE of Los Andes, Chile","tiempo":1761055717149,"prof":118.3,"url":"https://earthquake.usgs.gov/earthquakes/eventpage/us6000rigb"}},
{"type":"Feature","id":"us6000riky","geometry":{"type":"Point","coordinates":[-71.143,-33.62]},"properties":{"mag":4,"lugar":"10 km NE of Melipilla, Chile","tiempo":1761103124477,"prof":70.8,"url":"https://earthquake.usgs.gov/earthquakes/eventpage/us6000riky"}},
{"type":"Feature","id":"us6000ril1","geometry":{"type":"Point","coordinates":[-66.559,-31.748]},"properties":{"mag":4.4,"lugar":"77 km WNW of Candelaria, Argentina","tiempo":1761105086246,"prof":146.0,"url":"https://earthquake.usgs.gov/earthquakes/eventpage/us6000ril1"}},
{"type":"Feature","id":"us6000rimt","geometry":{"type":"Point","coordinates":[-67.24,-24.334]},"properties":{"mag":4.1,"lugar":"94 km W of San Antonio de los Cobres, Argentina","tiempo":1761125766362,"prof":157.9,"url":"https://earthquake.usgs.gov/earthquakes/eventpage/us6000rimt"}},
{"type":"Feature","id":"us6000rin0","geometry":{"type":"Point","coordinates":[-67.377,-24.32]},"properties":{"mag":4.6,"lugar":"108 km W of San Antonio de los Cobres, Argentina","tiempo":1761130857079,"prof":176.8,"url":"https://earthquake.usgs.gov/earthquakes/eventpage/us6000rin0"}},
{"type":"Feature","id":"us6000rina","geometry":{"type":"Point","coordinates":[-70.882,-31.329]},"properties":{"mag":4.3,"lugar":"43 km NE of Illapel, Chile","tiempo":1761138597599,"prof":96.9,"url":"https://earthquake.usgs.gov/earthquakes/eventpage/us6000rina"}},
{"type":"Feature","id":"us6000rj0i","geometry":{"type":"Point","coordinates":[-68.287,-31.242]},"properties":{"mag":4.5,"lugar":"29 km NE of San Martín, Argentina","tiempo":1761254521801,"prof":109.6,"url":"https://earthquake.usgs.gov/earthquakes/eventpage/us6000rj0i"}},
{"type":"Feature","id":"us6000rja8","geometry":{"type":"Point","coordinates":[-71.707,-29.817]},"properties":{"mag":4.3,"lugar":"38 km WNW of Coquimbo, Chile","tiempo":1761335774643,"prof":15.9,"url":"https://earthquake.usgs.gov/earthquakes/eventpage/us6000rja8"}},
{"type":"Feature","id":"us6000rjdn","geometry":{"type":"Point","coordinates":[-70.894,-28.177]},"properties":{"mag":4.2,"lugar":"46 km NNW of Vallenar, Chile","tiempo":1761366361133,"prof":48.0,"url":"https://earthquake.usgs.gov/earthquakes/eventpage/us6000rjdn"}},
{"type":"Feature","id":"us6000rjhe","geometry":{"type":"Point","coordinates":[-71.395,-18.372]},"properties":{"mag":4.6,"lugar":"80 km S of Pacocha, Peru","tiempo":1761430175972,"prof":34.6,"url":"https://earthquake.usgs.gov/earthquakes/eventpage/us6000rjhe"}},
{"type":"Feature","id":"us6000rjjj","geometry":{"type":"Point","coordinates":[-69.008,-31.767]},"properties":{"mag":4.5,"lugar":"35 km SW of Villa Basilio Nievas, Argentina","tiempo":1761473115134,"prof":106.3,"url":"https://earthquake.usgs.gov/earthquakes/eventpage/us6000rjjj"}},
{"type":"Feature","id":"us6000rjk4","geometry":{"type":"Point","coordinates":[-70.74,-21.166]},"properties":{"mag":4.2,"lugar":"116 km SSW of La Tirana, Chile","tiempo":1761487080044,"prof":20.6,"url":"https://earthquake.usgs.gov/earthquakes/eventpage/us6000rjk4"}},
{"type":"Feature","id":"us6000rjml","geometry":{"type":"Point","coordinates":[-70.471,-33.88]},"properties":{"mag":4.5,"lugar":"26 km ESE of Paine, Chile","tiempo":1761505689278,"prof":107.7,"url":"https://earthquake.usgs.gov/earthquakes/eventpage/us6000rjml"}},
{"type":"Feature","id":"us6000rjpy","geometry":{"type":"Point","coordinates":[-68.439,-21.635]},"properties":{"mag":4.3,"lugar":"49 km SSW of Ollagüe, Chile","tiempo":1761563274133,"prof":120.8,"url":"https://earthquake.usgs.gov/earthquakes/eventpage/us6000rjpy"}},
{"type":"Feature","id":"us6000rjrf","geometry":{"type":"Point","coordinates":[-71.832,-30.636]},"properties":{"mag":4.2,"lugar":"60 km W of Ovalle, Chile","tiempo":1761574306127,"prof":27.0,"url":"https://earthquake.usgs.gov/earthquakes/eventpage/us6000rjrf"}},
{"type":"Feature","id":"us6000rjvv","geometry":{"type":"Point","coordinates":[-68.565,-23.366]},"properties":{"mag":4.6,"lugar":"62 km SW of San Pedro de Atacama, Chile","tiempo":1761638265941,"prof":99.5,"url":"https://earthquake.usgs.gov/earthquakes/eventpage/us6000rjvv"}},
{"type":"Feature","id":"us6000rjw2","geometry":{"type":"Point","coordinates":[-66.328,-31.508]},"properties":{"mag":4.9,"lugar":"77 km NW of Candelaria, Argentina","tiempo":1761640939076,"prof":147.1,"url":"https://earthquake.usgs.gov/earthquakes/eventpage/us6000rjw2"}},
{"type":"Feature","id":"us6000rjwn","geometry":{"type":"Point","coordinates":[-68.502,-23.076]},"properties":{"mag":4.1,"lugar":"35 km WSW of San Pedro de Atacama, Chile","tiempo":1761653862931,"prof":107.6,"url":"https://earthquake.usgs.gov/earthquakes/eventpage/us6000rjwn"}},
{"type":"Feature","id":"us6000rk0z","geometry":{"type":"Point","coordinates":[-69.472,-30.949]},"properties":{"mag":4.7,"lugar":"42 km N of Calingasta, Argentina","tiempo":1761675466278,"prof":109.0,"url":"https://earthquake.usgs.gov/earthquakes/eventpage/us6000rk0z"}},
{"type":"Feature","id":"us6000rp5n","geometry":{"type":"Point","coordinates":[-70.643,-18.515]},"properties":{"mag":4.1,"lugar":"36 km W of Arica, Chile","tiempo":1761726178961,"prof":41.8,"url":"https://earthquake.usgs.gov/earthquakes/eventpage/us6000rp5n"}},
{"type":"Feature","id":"us6000rkaw","geometry":{"type":"Point","coordinates":[-74.416,-36.86]},"properties":{"mag":4.4,"lugar":"106 km WNW of Arauco, Chile","tiempo":1761786286082,"prof":10,"url":"https://earthquake.usgs.gov/earthquakes/eventpage/us6000rkaw"}},
{"type":"Feature","id":"us6000rkay","geometry":{"type":"Point","coordinates":[-73.811,-36.946]},"properties":{"mag":4.3,"lugar":"55 km NW of Arauco, Chile","tiempo":1761786497843,"prof":35,"url":"https://earthquake.usgs.gov/earthquakes/eventpage/us6000rkay"}},
{"type":"Feature","id":"us6000rkcr","geometry":{"type":"Point","coordinates":[-69.33,-31.634]},"properties":{"mag":4.4,"lugar":"34 km SSE of Calingasta, Argentina","tiempo":1761833943684,"prof":123.7,"url":"https://earthquake.usgs.gov/earthquakes/eventpage/us6000rkcr"}},
{"type":"Feature","id":"us6000rkgt","geometry":{"type":"Point","coordinates":[-71.791,-34.727]},"properties":{"mag":4.2,"lugar":"40 km WSW of Santa Cruz, Chile","tiempo":1761858976031,"prof":49.4,"url":"https://earthquake.usgs.gov/earthquakes/eventpage/us6000rkgt"}},
{"type":"Feature","id":"us6000rkjm","geometry":{"type":"Point","coordinates":[-71.805,-52.373]},"properties":{"mag":4.2,"lugar":"86 km SE of Puerto Natales, Chile","tiempo":1761903952831,"prof":10,"url":"https://earthquake.usgs.gov/earthquakes/eventpage/us6000rkjm"}},
{"type":"Feature","id":"us6000rkkx","geometry":{"type":"Point","coordinates":[-71.808,-30.658]},"properties":{"mag":4.2,"lugar":"58 km W of Ovalle, Chile","tiempo":1761921686673,"prof":25.5,"url":"https://earthquake.usgs.gov/earthquakes/eventpage/us6000rkkx"}},
{"type":"Feature","id":"us6000rkwa","geometry":{"type":"Point","coordinates":[-69.606,-31.7]},"properties":{"mag":4.2,"lugar":"44 km SSW of Calingasta, Argentina","tiempo":1761965828214,"prof":123.2,"url":"https://earthquake.usgs.gov/earthquakes/eventpage/us6000rkwa"}},
{"type":"Feature","id":"us6000rkye","geometry":{"type":"Point","coordinates":[-69.227,-18.71]},"properties":{"mag":4,"lugar":"69 km NNE of Camiña, Chile","tiempo":1762023259114,"prof":127.5,"url":"https://earthquake.usgs.gov/earthquakes/eventpage/us6000rkye"}},
{"type":"Feature","id":"us6000rkzm","geometry":{"type":"Point","coordinates":[-69.701,-29.203]},"properties":{"mag":4.1,"lugar":"124 km ESE of Vallenar, Chile","tiempo":1762045369446,"prof":133.4,"url":"https://earthquake.usgs.gov/earthquakes/eventpage/us6000rkzm"}},
{"type":"Feature","id":"us6000rkzr","geometry":{"type":"Point","coordinates":[-67.364,-24.202]},"properties":{"mag":4.2,"lugar":"106 km W of San Antonio de los Cobres, Argentina","tiempo":1762050680548,"prof":180.9,"url":"https://earthquake.usgs.gov/earthquakes/eventpage/us6000rkzr"}},
{"type":"Feature","id":"us6000rl1p","geometry":{"type":"Point","coordinates":[-69.96,-19.007]},"properties":{"mag":4.6,"lugar":"28 km NE of Cuya, Chile","tiempo":1762089394616,"prof":81.0,"url":"https://earthquake.usgs.gov/earthquakes/eventpage/us6000rl1p"}},
{"type":"Feature","id":"us6000rl2k","geometry":{"type":"Point","coordinates":[-71.054,-19.927]},"properties":{"mag":4.5,"lugar":"99 km WNW of Puerto, Chile","tiempo":1762109030140,"prof":12.4,"url":"https://earthquake.usgs.gov/earthquakes/eventpage/us6000rl2k"}},
{"type":"Feature","id":"us6000rl2m","geometry":{"type":"Point","coordinates":[-74.104,-36.947]},"properties":{"mag":4.6,"lugar":"77 km WNW of Arauco, Chile","tiempo":1762109506345,"prof":12.0,"url":"https://earthquake.usgs.gov/earthquakes/eventpage/us6000rl2m"}},
{"type":"Feature","id":"us6000rl7b","geometry":{"type":"Point","coordinates":[-71.462,-27.425]},"properties":{"mag":5.5,"lugar":"111 km W of Copiapó, Chile","tiempo":1762185114851,"prof":24.8,"url":"https://earthquake.usgs.gov/earthquakes/eventpage/us6000rl7b"}},
{"type":"Feature","id":"us6000rl7y","geometry":{"type":"Point","coordinates":[-71.389,-29.768]},"properties":{"mag":4.3,"lugar":"20 km NW of La Serena, Chile","tiempo":1762192830960,"prof":68.0,"url":"https://earthquake.usgs.gov/earthquakes/eventpage/us6000rl7y"}},
{"type":"Feature","id":"us6000rl8x","geometry":{"type":"Point","coordinates":[-68.617,-22.094]},"properties":{"mag":4,"lugar":"51 km NE of Calama, Chile","tiempo":1762204921542,"prof":121.8,"url":"https://earthquake.usgs.gov/earthquakes/eventpage/us6000rl8x"}},
{"type":"Feature","id":"us6000rlb1","geometry":{"type":"Point","coordinates":[-66.818,-21.588]},"properties":{"mag":4.1,"lugar":"95 km SW of Atocha, Bolivia","tiempo":1762220197577,"prof":228.3,"url":"https://earthquake.usgs.gov/earthquakes/eventpage/us6000rlb1"}},
{"type":"Feature","id":"us6000rld7","geometry":{"type":"Point","coordinates":[-73.784,-36.939]},"properties":{"mag":4.4,"lugar":"53 km NW of Arauco, Chile","tiempo":1762262050052,"prof":21.0,"url":"https://earthquake.usgs.gov/earthquakes/eventpage/us6000rld7"}},
{"type":"Feature","id":"us6000rm1n","geometry":{"type":"Point","coordinates":[-69.427,-17.631]},"properties":{"mag":4.2,"lugar":"58 km ENE of Palca, Peru","tiempo":1762493426902,"prof":151.9,"url":"https://earthquake.usgs.gov/earthquakes/eventpage/us6000rm1n"}},
{"type":"Feature","id":"us6000rm2a","geometry":{"type":"Point","coordinates":[-67.753,-21.303]},"properties":{"mag":4.2,"lugar":"52 km E of Ollagüe, Chile","tiempo":1762504954554,"prof":171.5,"url":"https://earthquake.usgs.gov/earthquakes/eventpage/us6000rm2a"}},
{"type":"Feature","id":"us6000rm85","geometry":{"type":"Point","coordinates":[-70.189,-32.164]},"properties":{"mag":4.2,"lugar":"82 km NE of San Felipe, Chile","tiempo":1762579397948,"prof":102.5,"url":"https://earthquake.usgs.gov/earthquakes/eventpage/us6000rm85"}},
{"type":"Feature","id":"us6000rm9k","geometry":{"type":"Point","coordinates":[-68.585,-21.901]},"properties":{"mag":4,"lugar":"70 km NNE of Calama, Chile","tiempo":1762616903567,"prof":140.7,"url":"https://earthquake.usgs.gov/earthquakes/eventpage/us6000rm9k"}},
{"type":"Feature","id":"us6000rmgc","geometry":{"type":"Point","coordinates":[-69.3,-21.12]},"properties":{"mag":4.1,"lugar":"94 km SSE of La Tirana, Chile","tiempo":1762702100045,"prof":86.3,"url":"https://earthquake.usgs.gov/earthquakes/eventpage/us6000rmgc"}},
{"type":"Feature","id":"us6000rmgl","geometry":{"type":"Point","coordinates":[-66.984,-24.257]},"properties":{"mag":4.8,"lugar":"67 km W of San Antonio de los Cobres, Argentina","tiempo":1762704031804,"prof":161.9,"url":"https://earthquake.usgs.gov/earthquakes/eventpage/us6000rmgl"}},
{"type":"Feature","id":"us6000rmib","geometry":{"type":"Point","coordinates":[-68.654,-21.349]},"properties":{"mag":4.3,"lugar":"43 km WSW of Ollagüe, Chile","tiempo":1762729268278,"prof":128.7,"url":"https://earthquake.usgs.gov/earthquakes/eventpage/us6000rmib"}},
{"type":"Feature","id":"us6000rmil","geometry":{"type":"Point","coordinates":[-68.76,-25.05]},"properties":{"mag":4.4,"lugar":"176 km NW of Antofagasta de la Sierra, Argentina","tiempo":1762731865131,"prof":93.6,"url":"https://earthquake.usgs.gov/earthquakes/eventpage/us6000rmil"}},
{"type":"Feature","id":"us6000rmka","geometry":{"type":"Point","coordinates":[-69.999,-37.595]},"properties":{"mag":4.9,"lugar":"34 km SE of Chos Malal, Argentina","tiempo":1762765821093,"prof":212.4,"url":"https://earthquake.usgs.gov/earthquakes/eventpage/us6000rmka"}},
{"type":"Feature","id":"us6000rmki","geometry":{"type":"Point","coordinates":[-70.422,-23.459]},"properties":{"mag":5.4,"lugar":"21 km N of Antofagasta, Chile","tiempo":1762771770720,"prof":52.4,"url":"https://earthquake.usgs.gov/earthquakes/eventpage/us6000rmki"}},
{"type":"Feature","id":"us6000rmr9","geometry":{"type":"Point","coordinates":[-69.193,-19.364]},"properties":{"mag":4.5,"lugar":"25 km ESE of Camiña, Chile","tiempo":1762857165241,"prof":10,"url":"https://earthquake.usgs.gov/earthquakes/eventpage/us6000rmr9"}},
{"type":"Feature","id":"us6000rmrc","geometry":{"type":"Point","coordinates":[-69.157,-19.378]},"properties":{"mag":4.7,"lugar":"29 km ESE of Camiña, Chile","tiempo":1762857307785,"prof":10,"url":"https://earthquake.usgs.gov/earthquakes/eventpage/us6000rmrc"}},
{"type":"Feature","id":"us6000rmy5","geometry":{"type":"Point","coordinates":[-69.085,-19.274]},"properties":{"mag":4.3,"lugar":"36 km E of Camiña, Chile","tiempo":1762953002638,"prof":2.1,"url":"https://earthquake.usgs.gov/earthquakes/eventpage/us6000rmy5"}},
{"type":"Feature","id":"us6000rmy6","geometry":{"type":"Point","coordinates":[-69.121,-19.317]},"properties":{"mag":4.8,"lugar":"32 km E of Camiña, Chile","tiempo":1762953122568,"prof":7.0,"url":"https://earthquake.usgs.gov/earthquakes/eventpage/us6000rmy6"}},
{"type":"Feature","id":"us6000rn2i","geometry":{"type":"Point","coordinates":[-69.031,-19.345]},"properties":{"mag":4.3,"lugar":"41 km E of Camiña, Chile","tiempo":1763009976392,"prof":10,"url":"https://earthquake.usgs.gov/earthquakes/eventpage/us6000rn2i"}},
{"type":"Feature","id":"us7000rf2n","geometry":{"type":"Point","coordinates":[-69.295,-19.367]},"properties":{"mag":4.1,"lugar":"14 km ESE of Camiña, Chile","tiempo":1763020678524,"prof":10,"url":"https://earthquake.usgs.gov/earthquakes/eventpage/us7000rf2n"}},
{"type":"Feature","id":"us6000rn34","geometry":{"type":"Point","coordinates":[-66.584,-23.43]},"properties":{"mag":4.4,"lugar":"91 km NNW of San Antonio de los Cobres, Argentina","tiempo":1763022448175,"prof":204.3,"url":"https://earthquake.usgs.gov/earthquakes/eventpage/us6000rn34"}},
{"type":"Feature","id":"us6000rn4g","geometry":{"type":"Point","coordinates":[-69.397,-28.202]},"properties":{"mag":4.2,"lugar":"130 km SE of Copiapó, Chile","tiempo":1763051559240,"prof":89.8,"url":"https://earthquake.usgs.gov/earthquakes/eventpage/us6000rn4g"}},
{"type":"Feature","id":"us6000rn73","geometry":{"type":"Point","coordinates":[-66.739,-28.039]},"properties":{"mag":4.5,"lugar":"52 km SE of Londres, Argentina","tiempo":1763095057768,"prof":157.6,"url":"https://earthquake.usgs.gov/earthquakes/eventpage/us6000rn73"}},
{"type":"Feature","id":"us6000rnf6","geometry":{"type":"Point","coordinates":[-71.528,-28.824]},"properties":{"mag":5,"lugar":"79 km WSW of Vallenar, Chile","tiempo":1763187237714,"prof":31.1,"url":"https://earthquake.usgs.gov/earthquakes/eventpage/us6000rnf6"}},
{"type":"Feature","id":"us6000rnfj","geometry":{"type":"Point","coordinates":[-66.63,-23.627]},"properties":{"mag":4.5,"lugar":"72 km NNW of San Antonio de los Cobres, Argentina","tiempo":1763190602334,"prof":215.0,"url":"https://earthquake.usgs.gov/earthquakes/eventpage/us6000rnfj"}},
{"type":"Feature","id":"us6000rnfx","geometry":{"type":"Point","coordinates":[-69.644,-18.375]},"properties":{"mag":4.2,"lugar":"69 km E of Arica, Chile","tiempo":1763198660348,"prof":119.9,"url":"https://earthquake.usgs.gov/earthquakes/eventpage/us6000rnfx"}},
{"type":"Feature","id":"us6000rnh3","geometry":{"type":"Point","coordinates":[-71.721,-30.646]},"properties":{"mag":4.6,"lugar":"50 km W of Ovalle, Chile","tiempo":1763225110027,"prof":21.0,"url":"https://earthquake.usgs.gov/earthquakes/eventpage/us6000rnh3"}},
{"type":"Feature","id":"us6000rnh7","geometry":{"type":"Point","coordinates":[-67.523,-24.163]},"properties":{"mag":4.1,"lugar":"122 km W of San Antonio de los Cobres, Argentina","tiempo":1763226192046,"prof":204.4,"url":"https://earthquake.usgs.gov/earthquakes/eventpage/us6000rnh7"}},
{"type":"Feature","id":"us6000rnv9","geometry":{"type":"Point","coordinates":[-67.055,-24.085]},"properties":{"mag":4.3,"lugar":"76 km WNW of San Antonio de los Cobres, Argentina","tiempo":1763424464741,"prof":230.5,"url":"https://earthquake.usgs.gov/earthquakes/eventpage/us6000rnv9"}},
{"type":"Feature","id":"us6000rnwe","geometry":{"type":"Point","coordinates":[-66.998,-24.066]},"properties":{"mag":4.9,"lugar":"71 km WNW of San Antonio de los Cobres, Argentina","tiempo":1763449892343,"prof":183.4,"url":"https://earthquake.usgs.gov/earthquakes/eventpage/us6000rnwe"}},
{"type":"Feature","id":"us6000rp03","geometry":{"type":"Point","coordinates":[-70.134,-24.631]},"properties":{"mag":4.1,"lugar":"92 km NNE of Taltal, Chile","tiempo":1763495882493,"prof":56.4,"url":"https://earthquake.usgs.gov/earthquakes/eventpage/us6000rp03"}},
{"type":"Feature","id":"us6000rp2y","geometry":{"type":"Point","coordinates":[-74.014,-36.81]},"properties":{"mag":4.1,"lugar":"78 km NW of Arauco, Chile","tiempo":1763527359118,"prof":21.7,"url":"https://earthquake.usgs.gov/earthquakes/eventpage/us6000rp2y"}},
{"type":"Feature","id":"us6000rp3h","geometry":{"type":"Point","coordinates":[-75.316,-37.934]},"properties":{"mag":5,"lugar":"150 km WSW of Lebu, Chile","tiempo":1763534340968,"prof":10,"url":"https://earthquake.usgs.gov/earthquakes/eventpage/us6000rp3h"}},
{"type":"Feature","id":"us6000rp79","geometry":{"type":"Point","coordinates":[-71.98,-20.76]},"properties":{"mag":4.5,"lugar":"199 km WSW of Puerto, Chile","tiempo":1763577981332,"prof":10,"url":"https://earthquake.usgs.gov/earthquakes/eventpage/us6000rp79"}},
{"type":"Feature","id":"us6000rp8d","geometry":{"type":"Point","coordinates":[-71.531,-29.636]},"properties":{"mag":4.1,"lugar":"39 km NNW of Coquimbo, Chile","tiempo":1763587785235,"prof":46.2,"url":"https://earthquake.usgs.gov/earthquakes/eventpage/us6000rp8d"}},
{"type":"Feature","id":"us6000rp8j","geometry":{"type":"Point","coordinates":[-68.725,-21.28]},"properties":{"mag":4,"lugar":"49 km W of Ollagüe, Chile","tiempo":1763589327377,"prof":118.6,"url":"https://earthquake.usgs.gov/earthquakes/eventpage/us6000rp8j"}},
{"type":"Feature","id":"us6000rpfi","geometry":{"type":"Point","coordinates":[-68.939,-31.238]},"properties":{"mag":4.7,"lugar":"39 km NNW of Villa Basilio Nievas, Argentina","tiempo":1763667923414,"prof":116.9,"url":"https://earthquake.usgs.gov/earthquakes/eventpage/us6000rpfi"}},
{"type":"Feature","id":"us6000rph4","geometry":{"type":"Point","coordinates":[-66.71,-24.029]},"properties":{"mag":4.6,"lugar":"44 km WNW of San Antonio de los Cobres, Argentina","tiempo":1763685758478,"prof":199.4,"url":"https://earthquake.usgs.gov/earthquakes/eventpage/us6000rph4"}},
{"type":"Feature","id":"us6000rphe","geometry":{"type":"Point","coordinates":[-71.513,-30.743]},"properties":{"mag":4,"lugar":"33 km WSW of Ovalle, Chile","tiempo":1763692769879,"prof":48.7,"url":"https://earthquake.usgs.gov/earthquakes/eventpage/us6000rphe"}},
{"type":"Feature","id":"us6000rphm","geometry":{"type":"Point","coordinates":[-66.806,-32.566]},"properties":{"mag":4.4,"lugar":"35 km WNW of Villa General Roca, Argentina","tiempo":1763696023707,"prof":162.1,"url":"https://earthquake.usgs.gov/earthquakes/eventpage/us6000rphm"}},
{"type":"Feature","id":"us6000rpix","geometry":{"type":"Point","coordinates":[-69.613,-17.669]},"properties":{"mag":4.3,"lugar":"38 km ENE of Palca, Peru","tiempo":1763719742932,"prof":165.7,"url":"https://earthquake.usgs.gov/earthquakes/eventpage/us6000rpix"}},
{"type":"Feature","id":"us6000rpww","geometry":{"type":"Point","coordinates":[-67.299,-24.209]},"properties":{"mag":4,"lugar":"99 km W of San Antonio de los Cobres, Argentina","tiempo":1763877809635,"prof":204.7,"url":"https://earthquake.usgs.gov/earthquakes/eventpage/us6000rpww"}},
{"type":"Feature","id":"us6000rpym","geometry":{"type":"Point","coordinates":[-68.501,-21.125]},"properties":{"mag":4.7,"lugar":"27 km WNW of Ollagüe, Chile","tiempo":1763915021233,"prof":136.1,"url":"https://earthquake.usgs.gov/earthquakes/eventpage/us6000rpym"}},
{"type":"Feature","id":"us6000rq0m","geometry":{"type":"Point","coordinates":[-70.371,-28.604]},"properties":{"mag":4,"lugar":"38 km E of Vallenar, Chile","tiempo":1763947970267,"prof":89.4,"url":"https://earthquake.usgs.gov/earthquakes/eventpage/us6000rq0m"}},
{"type":"Feature","id":"us6000rq31","geometry":{"type":"Point","coordinates":[-67.165,-24.101]},"properties":{"mag":4.5,"lugar":"87 km W of San Antonio de los Cobres, Argentina","tiempo":1763991198171,"prof":196.1,"url":"https://earthquake.usgs.gov/earthquakes/eventpage/us6000rq31"}},
{"type":"Feature","id":"us6000rq39","geometry":{"type":"Point","coordinates":[-69.052,-30.93]},"properties":{"mag":4.1,"lugar":"56 km NE of Calingasta, Argentina","tiempo":1763993898405,"prof":115.2,"url":"https://earthquake.usgs.gov/earthquakes/eventpage/us6000rq39"}},
{"type":"Feature","id":"us7000rdjp","geometry":{"type":"Point","coordinates":[-68.578,-21.988]},"properties":{"mag":4.2,"lugar":"62 km NE of Calama, Chile","tiempo":1764019560266,"prof":122.5,"url":"https://earthquake.usgs.gov/earthquakes/eventpage/us7000rdjp"}},
{"type":"Feature","id":"us7000rdl8","geometry":{"type":"Point","coordinates":[-66.763,-23.089]},"properties":{"mag":4.5,"lugar":"111 km W of El Aguilar, Argentina","tiempo":1764036791498,"prof":197.3,"url":"https://earthquake.usgs.gov/earthquakes/eventpage/us7000rdl8"}},
{"type":"Feature","id":"us7000rdph","geometry":{"type":"Point","coordinates":[-68.666,-22.058]},"properties":{"mag":4,"lugar":"51 km NNE of Calama, Chile","tiempo":1764078417873,"prof":114.4,"url":"https://earthquake.usgs.gov/earthquakes/eventpage/us7000rdph"}},
{"type":"Feature","id":"us7000rdvr","geometry":{"type":"Point","coordinates":[-68.679,-21.762]},"properties":{"mag":4.2,"lugar":"73 km SW of Ollagüe, Chile","tiempo":1764141097353,"prof":119.8,"url":"https://earthquake.usgs.gov/earthquakes/eventpage/us7000rdvr"}},
{"type":"Feature","id":"us7000rdwq","geometry":{"type":"Point","coordinates":[-73.967,-37.911]},"properties":{"mag":4,"lugar":"43 km SW of Lebu, Chile","tiempo":1764154154384,"prof":23.1,"url":"https://earthquake.usgs.gov/earthquakes/eventpage/us7000rdwq"}},
{"type":"Feature","id":"us7000rdws","geometry":{"type":"Point","coordinates":[-67.935,-23.866]},"properties":{"mag":4.5,"lugar":"109 km SSE of San Pedro de Atacama, Chile","tiempo":1764154425483,"prof":117.8,"url":"https://earthquake.usgs.gov/earthquakes/eventpage/us7000rdws"}},
{"type":"Feature","id":"us7000re17","geometry":{"type":"Point","coordinates":[-66.787,-23.362]},"properties":{"mag":4.3,"lugar":"106 km NNW of San Antonio de los Cobres, Argentina","tiempo":1764199515408,"prof":209.6,"url":"https://earthquake.usgs.gov/earthquakes/eventpage/us7000re17"}},
{"type":"Feature","id":"us7000re3u","geometry":{"type":"Point","coordinates":[-68.304,-21.702]},"properties":{"mag":4.5,"lugar":"53 km S of Ollagüe, Chile","tiempo":1764223391403,"prof":117.9,"url":"https://earthquake.usgs.gov/earthquakes/eventpage/us7000re3u"}},
{"type":"Feature","id":"us7000re8n","geometry":{"type":"Point","coordinates":[-72.831,-32.995]},"properties":{"mag":4.4,"lugar":"112 km W of Valparaíso, Chile","tiempo":1764278599879,"prof":10,"url":"https://earthquake.usgs.gov/earthquakes/eventpage/us7000re8n"}},
{"type":"Feature","id":"us7000reaz","geometry":{"type":"Point","coordinates":[-66.771,-22.76]},"properties":{"mag":4.8,"lugar":"110 km W of Abra Pampa, Argentina","tiempo":1764314011893,"prof":219.1,"url":"https://earthquake.usgs.gov/earthquakes/eventpage/us7000reaz"}},
{"type":"Feature","id":"us7000rebq","geometry":{"type":"Point","coordinates":[-66.814,-21.433]},"properties":{"mag":4.5,"lugar":"82 km SW of Atocha, Bolivia","tiempo":1764330262112,"prof":212.5,"url":"https://earthquake.usgs.gov/earthquakes/eventpage/us7000rebq"}},
{"type":"Feature","id":"us7000rebz","geometry":{"type":"Point","coordinates":[-68.381,-21.599]},"properties":{"mag":4.4,"lugar":"43 km SSW of Ollagüe, Chile","tiempo":1764334724180,"prof":145.2,"url":"https://earthquake.usgs.gov/earthquakes/eventpage/us7000rebz"}},
{"type":"Feature","id":"us7000rej6","geometry":{"type":"Point","coordinates":[-70.29,-20.67]},"properties":{"mag":4.1,"lugar":"45 km SSW of La Tirana, Chile","tiempo":1764377313909,"prof":45.7,"url":"https://earthquake.usgs.gov/earthquakes/eventpage/us7000rej6"}},
{"type":"Feature","id":"us7000rej9","geometry":{"type":"Point","coordinates":[-66.665,-23.985]},"properties":{"mag":4.7,"lugar":"43 km NW of San Antonio de los Cobres, Argentina","tiempo":1764377712692,"prof":197.5,"url":"https://earthquake.usgs.gov/earthquakes/eventpage/us7000rej9"}},
{"type":"Feature","id":"us7000remc","geometry":{"type":"Point","coordinates":[-67.096,-24.244]},"properties":{"mag":4.1,"lugar":"79 km W of San Antonio de los Cobres, Argentina","tiempo":1764439145138,"prof":206.6,"url":"https://earthquake.usgs.gov/earthquakes/eventpage/us7000remc"}},
{"type":"Feature","id":"us7000remr","geometry":{"type":"Point","coordinates":[-68.482,-22.332]},"properties":{"mag":4.3,"lugar":"47 km ENE of Calama, Chile","tiempo":1764444769072,"prof":109.8,"url":"https://earthquake.usgs.gov/earthquakes/eventpage/us7000remr"}},
{"type":"Feature","id":"us7000rens","geometry":{"type":"Point","coordinates":[-71.419,-30.711]},"properties":{"mag":4,"lugar":"24 km WSW of Ovalle, Chile","tiempo":1764465771022,"prof":45.4,"url":"https://earthquake.usgs.gov/earthquakes/eventpage/us7000rens"}},
{"type":"Feature","id":"us7000rep2","geometry":{"type":"Point","coordinates":[-68.998,-28.45]},"properties":{"mag":4.5,"lugar":"84 km WNW of Vinchina, Argentina","tiempo":1764471106671,"prof":94.8,"url":"https://earthquake.usgs.gov/earthquakes/eventpage/us7000rep2"}},
{"type":"Feature","id":"us7000req1","geometry":{"type":"Point","coordinates":[-70.594,-17.318]},"properties":{"mag":4.3,"lugar":"14 km NW of Ilabaya, Peru","tiempo":1764489221539,"prof":125.7,"url":"https://earthquake.usgs.gov/earthquakes/eventpage/us7000req1"}},
{"type":"Feature","id":"us7000ret2","geometry":{"type":"Point","coordinates":[-67.276,-19.418]},"properties":{"mag":4.1,"lugar":"78 km SW of Challapata, Bolivia","tiempo":1764553077834,"prof":227.8,"url":"https://earthquake.usgs.gov/earthquakes/eventpage/us7000ret2"}},
{"type":"Feature","id":"us7000reva","geometry":{"type":"Point","coordinates":[-68.624,-21.159]},"properties":{"mag":4.2,"lugar":"39 km W of Ollagüe, Chile","tiempo":1764592151180,"prof":111.3,"url":"https://earthquake.usgs.gov/earthquakes/eventpage/us7000reva"}},
{"type":"Feature","id":"us7000rf05","geometry":{"type":"Point","coordinates":[-67.298,-24.432]},"properties":{"mag":4.2,"lugar":"102 km WSW of San Antonio de los Cobres, Argentina","tiempo":1764640101663,"prof":200.5,"url":"https://earthquake.usgs.gov/earthquakes/eventpage/us7000rf05"}},
{"type":"Feature","id":"us7000rf0e","geometry":{"type":"Point","coordinates":[-68.85,-23.061]},"properties":{"mag":4.1,"lugar":"67 km S of Calama, Chile","tiempo":1764642989347,"prof":103.4,"url":"https://earthquake.usgs.gov/earthquakes/eventpage/us7000rf0e"}},
{"type":"Feature","id":"us7000rf1k","geometry":{"type":"Point","coordinates":[-67.684,-21.363]},"properties":{"mag":4.3,"lugar":"61 km ESE of Ollagüe, Chile","tiempo":1764680206012,"prof":211.6,"url":"https://earthquake.usgs.gov/earthquakes/eventpage/us7000rf1k"}},
{"type":"Feature","id":"us6000rs3h","geometry":{"type":"Point","coordinates":[-68.518,-32.297]},"properties":{"mag":4.4,"lugar":"68 km S of Pocito, Argentina","tiempo":1764718111827,"prof":37.5,"url":"https://earthquake.usgs.gov/earthquakes/eventpage/us6000rs3h"}},
{"type":"Feature","id":"us6000rs47","geometry":{"type":"Point","coordinates":[-73.756,-36.202]},"properties":{"mag":4.2,"lugar":"81 km NW of Talcahuano, Chile","tiempo":1764725190948,"prof":18.7,"url":"https://earthquake.usgs.gov/earthquakes/eventpage/us6000rs47"}},
{"type":"Feature","id":"us6000rs48","geometry":{"type":"Point","coordinates":[-73.797,-36.077]},"properties":{"mag":4.3,"lugar":"94 km NW of Talcahuano, Chile","tiempo":1764726165314,"prof":23.2,"url":"https://earthquake.usgs.gov/earthquakes/eventpage/us6000rs48"}},
{"type":"Feature","id":"us6000rs4c","geometry":{"type":"Point","coordinates":[-73.857,-36.015]},"properties":{"mag":4.1,"lugar":"103 km NW of Talcahuano, Chile","tiempo":1764726807184,"prof":19.7,"url":"https://earthquake.usgs.gov/earthquakes/eventpage/us6000rs4c"}},
{"type":"Feature","id":"us6000rs73","geometry":{"type":"Point","coordinates":[-71.433,-28.864]},"properties":{"mag":4,"lugar":"73 km WSW of Vallenar, Chile","tiempo":1764759246242,"prof":38.4,"url":"https://earthquake.usgs.gov/earthquakes/eventpage/us6000rs73"}},
{"type":"Feature","id":"us6000rs7k","geometry":{"type":"Point","coordinates":[-67.949,-20.377]},"properties":{"mag":4.1,"lugar":"99 km NNE of Ollagüe, Chile","tiempo":1764768675404,"prof":156.2,"url":"https://earthquake.usgs.gov/earthquakes/eventpage/us6000rs7k"}},
{"type":"Feature","id":"us7000rfgu","geometry":{"type":"Point","coordinates":[-68.587,-22.735]},"properties":{"mag":4.4,"lugar":"44 km WNW of San Pedro de Atacama, Chile","tiempo":1764832500427,"prof":123.3,"url":"https://earthquake.usgs.gov/earthquakes/eventpage/us7000rfgu"}},
{"type":"Feature","id":"us7000rfqr","geometry":{"type":"Point","coordinates":[-68.53,-23.126]},"properties":{"mag":4.1,"lugar":"41 km SW of San Pedro de Atacama, Chile","tiempo":1764922553415,"prof":113.0,"url":"https://earthquake.usgs.gov/earthquakes/eventpage/us7000rfqr"}},
{"type":"Feature","id":"us6000rsxk","geometry":{"type":"Point","coordinates":[-72.239,-31.86]},"properties":{"mag":4.2,"lugar":"104 km WSW of Illapel, Chile","tiempo":1765042308142,"prof":21.9,"url":"https://earthquake.usgs.gov/earthquakes/eventpage/us6000rsxk"}},
{"type":"Feature","id":"us6000rsxy","geometry":{"type":"Point","coordinates":[-68.9,-20.556]},"properties":{"mag":4.4,"lugar":"82 km ESE of La Tirana, Chile","tiempo":1765052413594,"prof":94.3,"url":"https://earthquake.usgs.gov/earthquakes/eventpage/us6000rsxy"}},
{"type":"Feature","id":"us6000rsyz","geometry":{"type":"Point","coordinates":[-69.373,-17.777]},"properties":{"mag":4.2,"lugar":"62 km E of Palca, Peru","tiempo":1765059043475,"prof":147.4,"url":"https://earthquake.usgs.gov/earthquakes/eventpage/us6000rsyz"}},
{"type":"Feature","id":"us6000rt41","geometry":{"type":"Point","coordinates":[-73.8,-34.681]},"properties":{"mag":4.4,"lugar":"145 km WNW of Constitución, Chile","tiempo":1765100145765,"prof":10,"url":"https://earthquake.usgs.gov/earthquakes/eventpage/us6000rt41"}},
{"type":"Feature","id":"us6000rt8z","geometry":{"type":"Point","coordinates":[-70.015,-17.787]},"properties":{"mag":4.9,"lugar":"5 km WSW of Palca, Peru","tiempo":1765149253413,"prof":109.6,"url":"https://earthquake.usgs.gov/earthquakes/eventpage/us6000rt8z"}},
{"type":"Feature","id":"us6000rt99","geometry":{"type":"Point","coordinates":[-70.369,-17.429]},"properties":{"mag":4.2,"lugar":"2 km S of Totoral, Peru","tiempo":1765151356063,"prof":119.2,"url":"https://earthquake.usgs.gov/earthquakes/eventpage/us6000rt99"}},
{"type":"Feature","id":"us6000rtjs","geometry":{"type":"Point","coordinates":[-70.74,-31.893]},"properties":{"mag":4.1,"lugar":"24 km ESE of Salamanca, Chile","tiempo":1765245451713,"prof":93.3,"url":"https://earthquake.usgs.gov/earthquakes/eventpage/us6000rtjs"}},
{"type":"Feature","id":"us6000rtkn","geometry":{"type":"Point","coordinates":[-71.108,-23.991]},"properties":{"mag":4.4,"lugar":"81 km WSW of Antofagasta, Chile","tiempo":1765259210655,"prof":10,"url":"https://earthquake.usgs.gov/earthquakes/eventpage/us6000rtkn"}},
{"type":"Feature","id":"us6000rtl9","geometry":{"type":"Point","coordinates":[-68.517,-22.901]},"properties":{"mag":4,"lugar":"32 km W of San Pedro de Atacama, Chile","tiempo":1765270054009,"prof":108.0,"url":"https://earthquake.usgs.gov/earthquakes/eventpage/us6000rtl9"}},
{"type":"Feature","id":"us6000rtla","geometry":{"type":"Point","coordinates":[-70.945,-22.85]},"properties":{"mag":4.3,"lugar":"58 km WNW of Mejillones, Chile","tiempo":1765270879079,"prof":19.2,"url":"https://earthquake.usgs.gov/earthquakes/eventpage/us6000rtla"}},
{"type":"Feature","id":"us6000rtm5","geometry":{"type":"Point","coordinates":[-68.723,-22.119]},"properties":{"mag":4.3,"lugar":"42 km NNE of Calama, Chile","tiempo":1765285047268,"prof":117.1,"url":"https://earthquake.usgs.gov/earthquakes/eventpage/us6000rtm5"}},
{"type":"Feature","id":"us6000rtp8","geometry":{"type":"Point","coordinates":[-66.186,-22.804]},"properties":{"mag":4.5,"lugar":"51 km W of Abra Pampa, Argentina","tiempo":1765302883997,"prof":250.2,"url":"https://earthquake.usgs.gov/earthquakes/eventpage/us6000rtp8"}},
{"type":"Feature","id":"us6000rtpl","geometry":{"type":"Point","coordinates":[-67.196,-24.308]},"properties":{"mag":4.2,"lugar":"89 km W of San Antonio de los Cobres, Argentina","tiempo":1765305931660,"prof":187.7,"url":"https://earthquake.usgs.gov/earthquakes/eventpage/us6000rtpl"}},
{"type":"Feature","id":"us6000rtrn","geometry":{"type":"Point","coordinates":[-67.983,-28.66]},"properties":{"mag":4.3,"lugar":"24 km ENE of Vinchina, Argentina","tiempo":1765325723118,"prof":10,"url":"https://earthquake.usgs.gov/earthquakes/eventpage/us6000rtrn"}},
{"type":"Feature","id":"us6000rttx","geometry":{"type":"Point","coordinates":[-71.385,-28.842]},"properties":{"mag":5.2,"lugar":"67 km WSW of Vallenar, Chile","tiempo":1765348706810,"prof":44.7,"url":"https://earthquake.usgs.gov/earthquakes/eventpage/us6000rttx"}},
{"type":"Feature","id":"us6000rtwf","geometry":{"type":"Point","coordinates":[-71.468,-31.82]},"properties":{"mag":4.4,"lugar":"35 km SW of Illapel, Chile","tiempo":1765381742383,"prof":43.3,"url":"https://earthquake.usgs.gov/earthquakes/eventpage/us6000rtwf"}},
{"type":"Feature","id":"us6000rtzb","geometry":{"type":"Point","coordinates":[-74.194,-36.919]},"properties":{"mag":4,"lugar":"85 km WNW of Arauco, Chile","tiempo":1765396804364,"prof":10,"url":"https://earthquake.usgs.gov/earthquakes/eventpage/us6000rtzb"}},
{"type":"Feature","id":"us6000ru29","geometry":{"type":"Point","coordinates":[-71.17,-32.303]},"properties":{"mag":4.1,"lugar":"17 km NNE of La Ligua, Chile","tiempo":1765422436153,"prof":81.9,"url":"https://earthquake.usgs.gov/earthquakes/eventpage/us6000ru29"}},
{"type":"Feature","id":"us6000run8","geometry":{"type":"Point","coordinates":[-68.984,-21.229]},"properties":{"mag":5.4,"lugar":"75 km W of Ollagüe, Chile","tiempo":1765628325823,"prof":90.3,"url":"https://earthquake.usgs.gov/earthquakes/eventpage/us6000run8"}},
{"type":"Feature","id":"us6000runt","geometry":{"type":"Point","coordinates":[-66.659,-23.942]},"properties":{"mag":4.3,"lugar":"46 km NW of San Antonio de los Cobres, Argentina","tiempo":1765637066635,"prof":206.1,"url":"https://earthquake.usgs.gov/earthquakes/eventpage/us6000runt"}},
{"type":"Feature","id":"us6000rurs","geometry":{"type":"Point","coordinates":[-68.382,-21.063]},"properties":{"mag":4.1,"lugar":"22 km NW of Ollagüe, Chile","tiempo":1765683269564,"prof":141.9,"url":"https://earthquake.usgs.gov/earthquakes/eventpage/us6000rurs"}},
{"type":"Feature","id":"us6000ruve","geometry":{"type":"Point","coordinates":[-66.8,-24.114]},"properties":{"mag":4.3,"lugar":"50 km WNW of San Antonio de los Cobres, Argentina","tiempo":1765754644484,"prof":198.3,"url":"https://earthquake.usgs.gov/earthquakes/eventpage/us6000ruve"}},
{"type":"Feature","id":"us7000rngf","geometry":{"type":"Point","coordinates":[-75.076,-39.322]},"properties":{"mag":4.3,"lugar":"154 km WNW of Corral, Chile","tiempo":1765759971860,"prof":10,"url":"https://earthquake.usgs.gov/earthquakes/eventpage/us7000rngf"}},
{"type":"Feature","id":"us6000ruxj","geometry":{"type":"Point","coordinates":[-68.923,-21.744]},"properties":{"mag":4.2,"lugar":"78 km N of Calama, Chile","tiempo":1765781231446,"prof":96.4,"url":"https://earthquake.usgs.gov/earthquakes/eventpage/us6000ruxj"}},
{"type":"Feature","id":"us6000ruy4","geometry":{"type":"Point","coordinates":[-71.722,-30.644]},"properties":{"mag":4.7,"lugar":"50 km W of Ovalle, Chile","tiempo":1765788694533,"prof":27.6,"url":"https://earthquake.usgs.gov/earthquakes/eventpage/us6000ruy4"}},
{"type":"Feature","id":"us6000rv08","geometry":{"type":"Point","coordinates":[-69.752,-18.573]},"properties":{"mag":4.3,"lugar":"58 km E of Arica, Chile","tiempo":1765814689544,"prof":126.8,"url":"https://earthquake.usgs.gov/earthquakes/eventpage/us6000rv08"}},
{"type":"Feature","id":"us6000rv6n","geometry":{"type":"Point","coordinates":[-68.544,-22.028]},"properties":{"mag":4,"lugar":"61 km NE of Calama, Chile","tiempo":1765851109547,"prof":117.6,"url":"https://earthquake.usgs.gov/earthquakes/eventpage/us6000rv6n"}},
{"type":"Feature","id":"us6000rv8a","geometry":{"type":"Point","coordinates":[-70.125,-27.56]},"properties":{"mag":4.1,"lugar":"29 km SE of Copiapó, Chile","tiempo":1765865410401,"prof":91.4,"url":"https://earthquake.usgs.gov/earthquakes/eventpage/us6000rv8a"}},
{"type":"Feature","id":"us6000rv8q","geometry":{"type":"Point","coordinates":[-70.285,-32.967]},"properties":{"mag":4.2,"lugar":"32 km ESE of Los Andes, Chile","tiempo":1765870961873,"prof":113.7,"url":"https://earthquake.usgs.gov/earthquakes/eventpage/us6000rv8q"}},
{"type":"Feature","id":"us7000rp6d","geometry":{"type":"Point","coordinates":[-69.466,-17.313]},"properties":{"mag":4.2,"lugar":"61 km E of Chuquitira, Peru","tiempo":1766024366612,"prof":177.2,"url":"https://earthquake.usgs.gov/earthquakes/eventpage/us7000rp6d"}},
{"type":"Feature","id":"us6000rvvg","geometry":{"type":"Point","coordinates":[-68.996,-21.113]},"properties":{"mag":4.1,"lugar":"78 km W of Ollagüe, Chile","tiempo":1766100175020,"prof":113.2,"url":"https://earthquake.usgs.gov/earthquakes/eventpage/us6000rvvg"}},
{"type":"Feature","id":"us6000rvym","geometry":{"type":"Point","coordinates":[-67.014,-24.245]},"properties":{"mag":4.1,"lugar":"70 km W of San Antonio de los Cobres, Argentina","tiempo":1766141513512,"prof":217.2,"url":"https://earthquake.usgs.gov/earthquakes/eventpage/us6000rvym"}},
{"type":"Feature","id":"us6000rw5q","geometry":{"type":"Point","coordinates":[-68.948,-30.96]},"properties":{"mag":4.3,"lugar":"61 km NE of Calingasta, Argentina","tiempo":1766212176545,"prof":112.5,"url":"https://earthquake.usgs.gov/earthquakes/eventpage/us6000rw5q"}},
{"type":"Feature","id":"us7000rpml","geometry":{"type":"Point","coordinates":[-69.658,-17.598]},"properties":{"mag":4,"lugar":"37 km ENE of Palca, Peru","tiempo":1766258722459,"prof":159.3,"url":"https://earthquake.usgs.gov/earthquakes/eventpage/us7000rpml"}},
{"type":"Feature","id":"us6000rw85","geometry":{"type":"Point","coordinates":[-71.915,-17.231]},"properties":{"mag":4.2,"lugar":"14 km WSW of Punta de Bombón, Peru","tiempo":1766261476949,"prof":72.7,"url":"https://earthquake.usgs.gov/earthquakes/eventpage/us6000rw85"}},
{"type":"Feature","id":"us6000rw89","geometry":{"type":"Point","coordinates":[-68.107,-20.118]},"properties":{"mag":5.3,"lugar":"108 km SSE of Colchane, Chile","tiempo":1766262624856,"prof":151.4,"url":"https://earthquake.usgs.gov/earthquakes/eventpage/us6000rw89"}},
{"type":"Feature","id":"us6000rwbs","geometry":{"type":"Point","coordinates":[-68.689,-21.085]},"properties":{"mag":4.2,"lugar":"47 km WNW of Ollagüe, Chile","tiempo":1766321222484,"prof":129.2,"url":"https://earthquake.usgs.gov/earthquakes/eventpage/us6000rwbs"}},
{"type":"Feature","id":"us6000rwff","geometry":{"type":"Point","coordinates":[-69.233,-23.565]},"properties":{"mag":4.3,"lugar":"119 km E of Antofagasta, Chile","tiempo":1766381802109,"prof":96.0,"url":"https://earthquake.usgs.gov/earthquakes/eventpage/us6000rwff"}},
{"type":"Feature","id":"us7000rk8f","geometry":{"type":"Point","coordinates":[-68.325,-21.075]},"properties":{"mag":4.8,"lugar":"18 km NNW of Ollagüe, Chile","tiempo":1766441088440,"prof":129.1,"url":"https://earthquake.usgs.gov/earthquakes/eventpage/us7000rk8f"}},
{"type":"Feature","id":"us7000rkel","geometry":{"type":"Point","coordinates":[-67.142,-24.298]},"properties":{"mag":4.2,"lugar":"84 km W of San Antonio de los Cobres, Argentina","tiempo":1766512353143,"prof":143.4,"url":"https://earthquake.usgs.gov/earthquakes/eventpage/us7000rkel"}},
{"type":"Feature","id":"us7000rkhs","geometry":{"type":"Point","coordinates":[-71.454,-32.364]},"properties":{"mag":4.5,"lugar":"23 km WNW of La Ligua, Chile","tiempo":1766538320681,"prof":51.0,"url":"https://earthquake.usgs.gov/earthquakes/eventpage/us7000rkhs"}},
{"type":"Feature","id":"us7000rkj7","geometry":{"type":"Point","coordinates":[-69.008,-22.602]},"properties":{"mag":4.3,"lugar":"18 km SSW of Calama, Chile","tiempo":1766556611158,"prof":110.1,"url":"https://earthquake.usgs.gov/earthquakes/eventpage/us7000rkj7"}},
{"type":"Feature","id":"us7000rkk2","geometry":{"type":"Point","coordinates":[-71.415,-32.424]},"properties":{"mag":4.2,"lugar":"17 km W of La Ligua, Chile","tiempo":1766578698835,"prof":41.2,"url":"https://earthquake.usgs.gov/earthquakes/eventpage/us7000rkk2"}},
{"type":"Feature","id":"us7000rkkj","geometry":{"type":"Point","coordinates":[-67.053,-24.312]},"properties":{"mag":4.3,"lugar":"75 km W of San Antonio de los Cobres, Argentina","tiempo":1766587234762,"prof":170.5,"url":"https://earthquake.usgs.gov/earthquakes/eventpage/us7000rkkj"}},
{"type":"Feature","id":"us7000rkn7","geometry":{"type":"Point","coordinates":[-71.539,-28.812]},"properties":{"mag":3.9,"lugar":"80 km WSW of Vallenar, Chile","tiempo":1766623133359,"prof":27.3,"url":"https://earthquake.usgs.gov/earthquakes/eventpage/us7000rkn7"}},
{"type":"Feature","id":"us7000rkrp","geometry":{"type":"Point","coordinates":[-69.956,-27.301]},"properties":{"mag":4.2,"lugar":"37 km E of Copiapó, Chile","tiempo":1766687082321,"prof":97.2,"url":"https://earthquake.usgs.gov/earthquakes/eventpage/us7000rkrp"}},
{"type":"Feature","id":"us7000rkst","geometry":{"type":"Point","coordinates":[-68.589,-21.489]},"properties":{"mag":4,"lugar":"45 km SW of Ollagüe, Chile","tiempo":1766698013137,"prof":148.9,"url":"https://earthquake.usgs.gov/earthquakes/eventpage/us7000rkst"}},
{"type":"Feature","id":"us7000rkuq","geometry":{"type":"Point","coordinates":[-67.608,-22.54]},"properties":{"mag":4.2,"lugar":"73 km NE of San Pedro de Atacama, Chile","tiempo":1766724915936,"prof":183.7,"url":"https://earthquake.usgs.gov/earthquakes/eventpage/us7000rkuq"}},
{"type":"Feature","id":"us7000rkuv","geometry":{"type":"Point","coordinates":[-69.77,-31.009]},"properties":{"mag":4.4,"lugar":"48 km NW of Calingasta, Argentina","tiempo":1766727450177,"prof":117.3,"url":"https://earthquake.usgs.gov/earthquakes/eventpage/us7000rkuv"}},
{"type":"Feature","id":"us7000rkvi","geometry":{"type":"Point","coordinates":[-68.717,-21.056]},"properties":{"mag":4.3,"lugar":"51 km WNW of Ollagüe, Chile","tiempo":1766742656896,"prof":128.0,"url":"https://earthquake.usgs.gov/earthquakes/eventpage/us7000rkvi"}},
{"type":"Feature","id":"us7000rkx1","geometry":{"type":"Point","coordinates":[-68.592,-22.525]},"properties":{"mag":4.6,"lugar":"34 km ESE of Calama, Chile","tiempo":1766775912619,"prof":108.2,"url":"https://earthquake.usgs.gov/earthquakes/eventpage/us7000rkx1"}},
{"type":"Feature","id":"us7000rl1m","geometry":{"type":"Point","coordinates":[-69.607,-21.133]},"properties":{"mag":4.1,"lugar":"88 km S of La Tirana, Chile","tiempo":1766831164991,"prof":69.8,"url":"https://earthquake.usgs.gov/earthquakes/eventpage/us7000rl1m"}},
{"type":"Feature","id":"us7000rl31","geometry":{"type":"Point","coordinates":[-68.768,-21.247]},"properties":{"mag":4,"lugar":"53 km W of Ollagüe, Chile","tiempo":1766850718234,"prof":116.6,"url":"https://earthquake.usgs.gov/earthquakes/eventpage/us7000rl31"}},
{"type":"Feature","id":"us7000rlag","geometry":{"type":"Point","coordinates":[-70.083,-33.481]},"properties":{"mag":4.1,"lugar":"46 km E of Villa Presidente Frei, Chile","tiempo":1766973998857,"prof":113.7,"url":"https://earthquake.usgs.gov/earthquakes/eventpage/us7000rlag"}},
{"type":"Feature","id":"us7000rlb2","geometry":{"type":"Point","coordinates":[-66.807,-23.994]},"properties":{"mag":4.3,"lugar":"55 km WNW of San Antonio de los Cobres, Argentina","tiempo":1766983768720,"prof":221.0,"url":"https://earthquake.usgs.gov/earthquakes/eventpage/us7000rlb2"}},
{"type":"Feature","id":"us7000rlh8","geometry":{"type":"Point","coordinates":[-67.729,-31.415]},"properties":{"mag":4.5,"lugar":"58 km ENE of Caucete, Argentina","tiempo":1767082241241,"prof":10,"url":"https://earthquake.usgs.gov/earthquakes/eventpage/us7000rlh8"}},
{"type":"Feature","id":"us7000rlhp","geometry":{"type":"Point","coordinates":[-71.339,-28.533]},"properties":{"mag":4,"lugar":"56 km W of Vallenar, Chile","tiempo":1767087979992,"prof":29.2,"url":"https://earthquake.usgs.gov/earthquakes/eventpage/us7000rlhp"}},
{"type":"Feature","id":"us7000rlig","geometry":{"type":"Point","coordinates":[-66.679,-27.965]},"properties":{"mag":4.3,"lugar":"52 km ESE of Londres, Argentina","tiempo":1767100850525,"prof":153.3,"url":"https://earthquake.usgs.gov/earthquakes/eventpage/us7000rlig"}},
{"type":"Feature","id":"us7000rlpp","geometry":{"type":"Point","coordinates":[-73.06,-31.235]},"properties":{"mag":4.3,"lugar":"185 km WNW of Illapel, Chile","tiempo":1767182950305,"prof":10,"url":"https://earthquake.usgs.gov/earthquakes/eventpage/us7000rlpp"}},
{"type":"Feature","id":"us7000rlpt","geometry":{"type":"Point","coordinates":[-70.87,-24.054]},"properties":{"mag":4.2,"lugar":"65 km SW of Antofagasta, Chile","tiempo":1767184658276,"prof":24.3,"url":"https://earthquake.usgs.gov/earthquakes/eventpage/us7000rlpt"}},
{"type":"Feature","id":"us7000rlu1","geometry":{"type":"Point","coordinates":[-66.794,-24.225]},"properties":{"mag":5.3,"lugar":"48 km W of San Antonio de los Cobres, Argentina","tiempo":1767241584045,"prof":181.1,"url":"https://earthquake.usgs.gov/earthquakes/eventpage/us7000rlu1"}},
{"type":"Feature","id":"us7000rlx9","geometry":{"type":"Point","coordinates":[-72.962,-37.124]},"properties":{"mag":4,"lugar":"17 km ESE of Lota, Chile","tiempo":1767273940156,"prof":42.1,"url":"https://earthquake.usgs.gov/earthquakes/eventpage/us7000rlx9"}},
{"type":"Feature","id":"us7000rlzy","geometry":{"type":"Point","coordinates":[-68.504,-21.691]},"properties":{"mag":4.7,"lugar":"57 km SSW of Ollagüe, Chile","tiempo":1767307786878,"prof":131.5,"url":"https://earthquake.usgs.gov/earthquakes/eventpage/us7000rlzy"}},
{"type":"Feature","id":"us7000rm0e","geometry":{"type":"Point","coordinates":[-73.981,-42.646]},"properties":{"mag":4.5,"lugar":"17 km W of Chonchi, Chile","tiempo":1767313737050,"prof":47.7,"url":"https://earthquake.usgs.gov/earthquakes/eventpage/us7000rm0e"}},
{"type":"Feature","id":"us7000rm0i","geometry":{"type":"Point","coordinates":[-74.409,-42.698]},"properties":{"mag":3.9,"lugar":"52 km W of Chonchi, Chile","tiempo":1767315225782,"prof":35,"url":"https://earthquake.usgs.gov/earthquakes/eventpage/us7000rm0i"}},
{"type":"Feature","id":"us7000rm4m","geometry":{"type":"Point","coordinates":[-69.305,-19.564]},"properties":{"mag":4,"lugar":"30 km SSE of Camiña, Chile","tiempo":1767379776910,"prof":105.0,"url":"https://earthquake.usgs.gov/earthquakes/eventpage/us7000rm4m"}},
{"type":"Feature","id":"us7000rm51","geometry":{"type":"Point","coordinates":[-70.144,-26.534]},"properties":{"mag":4.1,"lugar":"18 km SSW of Diego de Almagro, Chile","tiempo":1767382235921,"prof":75.2,"url":"https://earthquake.usgs.gov/earthquakes/eventpage/us7000rm51"}},
{"type":"Feature","id":"us7000rm71","geometry":{"type":"Point","coordinates":[-66.943,-24.25]},"properties":{"mag":4.2,"lugar":"63 km W of San Antonio de los Cobres, Argentina","tiempo":1767398452252,"prof":165.3,"url":"https://earthquake.usgs.gov/earthquakes/eventpage/us7000rm71"}},
{"type":"Feature","id":"us7000rmap","geometry":{"type":"Point","coordinates":[-69.841,-18.559]},"properties":{"mag":4.1,"lugar":"49 km E of Arica, Chile","tiempo":1767465756043,"prof":91.6,"url":"https://earthquake.usgs.gov/earthquakes/eventpage/us7000rmap"}},
{"type":"Feature","id":"us7000rmd5","geometry":{"type":"Point","coordinates":[-73.914,-37.364]},"properties":{"mag":4.4,"lugar":"35 km NW of Lebu, Chile","tiempo":1767502720738,"prof":34.5,"url":"https://earthquake.usgs.gov/earthquakes/eventpage/us7000rmd5"}},
{"type":"Feature","id":"us7000rmfs","geometry":{"type":"Point","coordinates":[-69.743,-19.135]},"properties":{"mag":4.5,"lugar":"38 km WNW of Camiña, Chile","tiempo":1767538205965,"prof":115.8,"url":"https://earthquake.usgs.gov/earthquakes/eventpage/us7000rmfs"}},
{"type":"Feature","id":"us7000rmha","geometry":{"type":"Point","coordinates":[-67.482,-28.901]},"properties":{"mag":4.2,"lugar":"28 km N of Chilecito, Argentina","tiempo":1767565779778,"prof":117.7,"url":"https://earthquake.usgs.gov/earthquakes/eventpage/us7000rmha"}},
{"type":"Feature","id":"us7000rmil","geometry":{"type":"Point","coordinates":[-69.129,-20.857]},"properties":{"mag":4.3,"lugar":"79 km SE of La Tirana, Chile","tiempo":1767601532441,"prof":109.4,"url":"https://earthquake.usgs.gov/earthquakes/eventpage/us7000rmil"}},
{"type":"Feature","id":"us7000rnci","geometry":{"type":"Point","coordinates":[-71.652,-30.941]},"properties":{"mag":4,"lugar":"57 km SW of Ovalle, Chile","tiempo":1767832299862,"prof":35,"url":"https://earthquake.usgs.gov/earthquakes/eventpage/us7000rnci"}},
{"type":"Feature","id":"us7000rnev","geometry":{"type":"Point","coordinates":[-69.198,-18.752]},"properties":{"mag":4.4,"lugar":"66 km NNE of Camiña, Chile","tiempo":1767862212926,"prof":122.6,"url":"https://earthquake.usgs.gov/earthquakes/eventpage/us7000rnev"}},
{"type":"Feature","id":"us7000rnfk","geometry":{"type":"Point","coordinates":[-67.572,-31.245]},"properties":{"mag":4.6,"lugar":"68 km S of San Agustín de Valle Fértil, Argentina","tiempo":1767881695134,"prof":10,"url":"https://earthquake.usgs.gov/earthquakes/eventpage/us7000rnfk"}},
{"type":"Feature","id":"us7000rnk3","geometry":{"type":"Point","coordinates":[-75.831,-45.837]},"properties":{"mag":4.1,"lugar":"238 km W of Puerto Chacabuco, Chile","tiempo":1767909897747,"prof":10,"url":"https://earthquake.usgs.gov/earthquakes/eventpage/us7000rnk3"}},
{"type":"Feature","id":"us7000rnl4","geometry":{"type":"Point","coordinates":[-68.9,-20.946]},"properties":{"mag":3.9,"lugar":"73 km WNW of Ollagüe, Chile","tiempo":1767926127179,"prof":105.6,"url":"https://earthquake.usgs.gov/earthquakes/eventpage/us7000rnl4"}},
{"type":"Feature","id":"us7000rnld","geometry":{"type":"Point","coordinates":[-67.078,-24.217]},"properties":{"mag":4.2,"lugar":"77 km W of San Antonio de los Cobres, Argentina","tiempo":1767934199750,"prof":198.3,"url":"https://earthquake.usgs.gov/earthquakes/eventpage/us7000rnld"}},
{"type":"Feature","id":"us7000rnlu","geometry":{"type":"Point","coordinates":[-66.823,-23.435]},"properties":{"mag":4.5,"lugar":"100 km NNW of San Antonio de los Cobres, Argentina","tiempo":1767942743187,"prof":210.2,"url":"https://earthquake.usgs.gov/earthquakes/eventpage/us7000rnlu"}},
{"type":"Feature","id":"us7000rns8","geometry":{"type":"Point","coordinates":[-68.444,-23.63]},"properties":{"mag":4,"lugar":"83 km SSW of San Pedro de Atacama, Chile","tiempo":1767996919352,"prof":118.9,"url":"https://earthquake.usgs.gov/earthquakes/eventpage/us7000rns8"}},
{"type":"Feature","id":"us7000rnsb","geometry":{"type":"Point","coordinates":[-67.766,-19.369]},"properties":{"mag":4.6,"lugar":"92 km E of Colchane, Chile","tiempo":1767997398052,"prof":10,"url":"https://earthquake.usgs.gov/earthquakes/eventpage/us7000rnsb"}},
{"type":"Feature","id":"us7000rnvs","geometry":{"type":"Point","coordinates":[-68.561,-21.183]},"properties":{"mag":4.4,"lugar":"32 km W of Ollagüe, Chile","tiempo":1768050312516,"prof":130.5,"url":"https://earthquake.usgs.gov/earthquakes/eventpage/us7000rnvs"}},
{"type":"Feature","id":"us7000rnyt","geometry":{"type":"Point","coordinates":[-71.885,-17.063]},"properties":{"mag":4.3,"lugar":"13 km WNW of Cocachacra, Peru","tiempo":1768074267898,"prof":65.4,"url":"https://earthquake.usgs.gov/earthquakes/eventpage/us7000rnyt"}},
{"type":"Feature","id":"us7000rp15","geometry":{"type":"Point","coordinates":[-68.823,-21.103]},"properties":{"mag":4.3,"lugar":"60 km WNW of Ollagüe, Chile","tiempo":1768119031938,"prof":128.8,"url":"https://earthquake.usgs.gov/earthquakes/eventpage/us7000rp15"}},
{"type":"Feature","id":"us7000rp3j","geometry":{"type":"Point","coordinates":[-68.956,-31.297]},"properties":{"mag":4.4,"lugar":"35 km NW of Villa Basilio Nievas, Argentina","tiempo":1768179475211,"prof":100,"url":"https://earthquake.usgs.gov/earthquakes/eventpage/us7000rp3j"}},
{"type":"Feature","id":"us7000rp56","geometry":{"type":"Point","coordinates":[-70.082,-24.943]},"properties":{"mag":4.3,"lugar":"65 km NE of Taltal, Chile","tiempo":1768204652102,"prof":67.3,"url":"https://earthquake.usgs.gov/earthquakes/eventpage/us7000rp56"}},
{"type":"Feature","id":"us7000rpaa","geometry":{"type":"Point","coordinates":[-69.187,-20.213]},"properties":{"mag":4,"lugar":"50 km ENE of La Tirana, Chile","tiempo":1768259102745,"prof":94.6,"url":"https://earthquake.usgs.gov/earthquakes/eventpage/us7000rpaa"}},
{"type":"Feature","id":"us7000rpce","geometry":{"type":"Point","coordinates":[-68.942,-21.316]},"properties":{"mag":5.3,"lugar":"72 km W of Ollagüe, Chile","tiempo":1768289302335,"prof":115.1,"url":"https://earthquake.usgs.gov/earthquakes/eventpage/us7000rpce"}},
{"type":"Feature","id":"us7000rpcz","geometry":{"type":"Point","coordinates":[-66.844,-22.671]},"properties":{"mag":4.2,"lugar":"117 km W of Abra Pampa, Argentina","tiempo":1768293603472,"prof":198.6,"url":"https://earthquake.usgs.gov/earthquakes/eventpage/us7000rpcz"}},
{"type":"Feature","id":"us7000rpt9","geometry":{"type":"Point","coordinates":[-68.934,-31.539]},"properties":{"mag":4.6,"lugar":"19 km W of Villa Basilio Nievas, Argentina","tiempo":1768465814960,"prof":107.7,"url":"https://earthquake.usgs.gov/earthquakes/eventpage/us7000rpt9"}},
{"type":"Feature","id":"us7000rpvj","geometry":{"type":"Point","coordinates":[-68.738,-22.107]},"properties":{"mag":4.3,"lugar":"43 km NNE of Calama, Chile","tiempo":1768495003861,"prof":111.4,"url":"https://earthquake.usgs.gov/earthquakes/eventpage/us7000rpvj"}},
{"type":"Feature","id":"us7000rpzu","geometry":{"type":"Point","coordinates":[-70.194,-19.859]},"properties":{"mag":5,"lugar":"38 km N of Barrio Industrial, Chile","tiempo":1768529602991,"prof":73.9,"url":"https://earthquake.usgs.gov/earthquakes/eventpage/us7000rpzu"}},
{"type":"Feature","id":"us7000rq0r","geometry":{"type":"Point","coordinates":[-66.825,-24.181]},"properties":{"mag":4.3,"lugar":"51 km W of San Antonio de los Cobres, Argentina","tiempo":1768538953193,"prof":175.0,"url":"https://earthquake.usgs.gov/earthquakes/eventpage/us7000rq0r"}},
{"type":"Feature","id":"us7000rq1g","geometry":{"type":"Point","coordinates":[-70.331,-17.748]},"properties":{"mag":4.6,"lugar":"18 km ENE of Sama Grande, Peru","tiempo":1768548879805,"prof":108.8,"url":"https://earthquake.usgs.gov/earthquakes/eventpage/us7000rq1g"}},
{"type":"Feature","id":"us7000rqc8","geometry":{"type":"Point","coordinates":[-69.947,-26.584]},"properties":{"mag":4.3,"lugar":"23 km SSE of Diego de Almagro, Chile","tiempo":1768686931492,"prof":100.3,"url":"https://earthquake.usgs.gov/earthquakes/eventpage/us7000rqc8"}},
{"type":"Feature","id":"us7000rqi1","geometry":{"type":"Point","coordinates":[-69.053,-20.591]},"properties":{"mag":4,"lugar":"68 km ESE of La Tirana, Chile","tiempo":1768791388572,"prof":114.6,"url":"https://earthquake.usgs.gov/earthquakes/eventpage/us7000rqi1"}},
{"type":"Feature","id":"us7000rr1z","geometry":{"type":"Point","coordinates":[-66.52,-23.965]},"properties":{"mag":4.4,"lugar":"34 km NW of San Antonio de los Cobres, Argentina","tiempo":1768978970450,"prof":202.9,"url":"https://earthquake.usgs.gov/earthquakes/eventpage/us7000rr1z"}},
{"type":"Feature","id":"us7000rr8p","geometry":{"type":"Point","coordinates":[-68.496,-22.398]},"properties":{"mag":4.5,"lugar":"44 km E of Calama, Chile","tiempo":1769046297137,"prof":126.6,"url":"https://earthquake.usgs.gov/earthquakes/eventpage/us7000rr8p"}},
{"type":"Feature","id":"us7000rrfs","geometry":{"type":"Point","coordinates":[-68.071,-32.124]},"properties":{"mag":4.3,"lugar":"56 km SSE of Caucete, Argentina","tiempo":1769110829855,"prof":150.3,"url":"https://earthquake.usgs.gov/earthquakes/eventpage/us7000rrfs"}},
{"type":"Feature","id":"us7000rrk4","geometry":{"type":"Point","coordinates":[-69.389,-18.296]},"properties":{"mag":4.2,"lugar":"83 km SE of Palca, Peru","tiempo":1769160447116,"prof":138.2,"url":"https://earthquake.usgs.gov/earthquakes/eventpage/us7000rrk4"}},
{"type":"Feature","id":"us7000rrjy","geometry":{"type":"Point","coordinates":[-67.586,-21.874]},"properties":{"mag":4.2,"lugar":"99 km SE of Ollagüe, Chile","tiempo":1769164000374,"prof":214.4,"url":"https://earthquake.usgs.gov/earthquakes/eventpage/us7000rrjy"}},
{"type":"Feature","id":"us7000rs08","geometry":{"type":"Point","coordinates":[-71.571,-31.428]},"properties":{"mag":4.5,"lugar":"44 km WNW of Illapel, Chile","tiempo":1769369079949,"prof":40.0,"url":"https://earthquake.usgs.gov/earthquakes/eventpage/us7000rs08"}},
{"type":"Feature","id":"us7000rs11","geometry":{"type":"Point","coordinates":[-69.203,-20.532]},"properties":{"mag":4.1,"lugar":"52 km ESE of La Tirana, Chile","tiempo":1769386019602,"prof":107.5,"url":"https://earthquake.usgs.gov/earthquakes/eventpage/us7000rs11"}},
{"type":"Feature","id":"us7000rs3w","geometry":{"type":"Point","coordinates":[-67.113,-24.205]},"properties":{"mag":4.3,"lugar":"80 km W of San Antonio de los Cobres, Argentina","tiempo":1769415048017,"prof":236.3,"url":"https://earthquake.usgs.gov/earthquakes/eventpage/us7000rs3w"}},
{"type":"Feature","id":"us6000s4la","geometry":{"type":"Point","coordinates":[-69.013,-21.131]},"properties":{"mag":4.2,"lugar":"79 km W of Ollagüe, Chile","tiempo":1769465349074,"prof":115.8,"url":"https://earthquake.usgs.gov/earthquakes/eventpage/us6000s4la"}},
{"type":"Feature","id":"us6000s4lc","geometry":{"type":"Point","coordinates":[-70.155,-30.816]},"properties":{"mag":4.4,"lugar":"77 km E of Monte Patria, Chile","tiempo":1769465499375,"prof":121.5,"url":"https://earthquake.usgs.gov/earthquakes/eventpage/us6000s4lc"}},
{"type":"Feature","id":"us6000s4wa","geometry":{"type":"Point","coordinates":[-70.062,-31.049]},"properties":{"mag":4.4,"lugar":"68 km WNW of Calingasta, Argentina","tiempo":1769557795171,"prof":112.3,"url":"https://earthquake.usgs.gov/earthquakes/eventpage/us6000s4wa"}},
{"type":"Feature","id":"us6000s51j","geometry":{"type":"Point","coordinates":[-72.106,-33.879]},"properties":{"mag":4,"lugar":"55 km SW of San Antonio, Chile","tiempo":1769621745648,"prof":30.4,"url":"https://earthquake.usgs.gov/earthquakes/eventpage/us6000s51j"}},
{"type":"Feature","id":"us6000s52h","geometry":{"type":"Point","coordinates":[-66.984,-23.949]},"properties":{"mag":3.9,"lugar":"73 km WNW of San Antonio de los Cobres, Argentina","tiempo":1769624129346,"prof":183.5,"url":"https://earthquake.usgs.gov/earthquakes/eventpage/us6000s52h"}},
{"type":"Feature","id":"us6000s90i","geometry":{"type":"Point","coordinates":[-72.425,-52.752]},"properties":{"mag":4.3,"lugar":"111 km WNW of Punta Arenas, Chile","tiempo":1769793377237,"prof":10.8,"url":"https://earthquake.usgs.gov/earthquakes/eventpage/us6000s90i"}},
{"type":"Feature","id":"us6000s5pp","geometry":{"type":"Point","coordinates":[-68.816,-21.243]},"properties":{"mag":4.2,"lugar":"58 km W of Ollagüe, Chile","tiempo":1769834424220,"prof":132.8,"url":"https://earthquake.usgs.gov/earthquakes/eventpage/us6000s5pp"}},
{"type":"Feature","id":"us6000s5sp","geometry":{"type":"Point","coordinates":[-73.355,-32.895]},"properties":{"mag":4.5,"lugar":"162 km W of Valparaíso, Chile","tiempo":1769901616045,"prof":10,"url":"https://earthquake.usgs.gov/earthquakes/eventpage/us6000s5sp"}},
{"type":"Feature","id":"us6000s5sr","geometry":{"type":"Point","coordinates":[-69.995,-31.666]},"properties":{"mag":4.4,"lugar":"65 km SW of Calingasta, Argentina","tiempo":1769902090031,"prof":135.9,"url":"https://earthquake.usgs.gov/earthquakes/eventpage/us6000s5sr"}},
{"type":"Feature","id":"us6000s5v5","geometry":{"type":"Point","coordinates":[-67.267,-24.253]},"properties":{"mag":4.4,"lugar":"96 km W of San Antonio de los Cobres, Argentina","tiempo":1769960614477,"prof":203.4,"url":"https://earthquake.usgs.gov/earthquakes/eventpage/us6000s5v5"}},
{"type":"Feature","id":"us6000s5vk","geometry":{"type":"Point","coordinates":[-69.087,-20.896]},"properties":{"mag":4,"lugar":"85 km SE of La Tirana, Chile","tiempo":1769969779178,"prof":94.6,"url":"https://earthquake.usgs.gov/earthquakes/eventpage/us6000s5vk"}},
{"type":"Feature","id":"us6000s5wk","geometry":{"type":"Point","coordinates":[-66.739,-24.098]},"properties":{"mag":4,"lugar":"44 km WNW of San Antonio de los Cobres, Argentina","tiempo":1770000396996,"prof":200.0,"url":"https://earthquake.usgs.gov/earthquakes/eventpage/us6000s5wk"}},
{"type":"Feature","id":"us6000s5y1","geometry":{"type":"Point","coordinates":[-70.476,-32.725]},"properties":{"mag":4.4,"lugar":"16 km NE of Los Andes, Chile","tiempo":1770039606582,"prof":108.3,"url":"https://earthquake.usgs.gov/earthquakes/eventpage/us6000s5y1"}},
{"type":"Feature","id":"us6000s620","geometry":{"type":"Point","coordinates":[-69.231,-31.391]},"properties":{"mag":3.3,"lugar":"19 km ESE of Calingasta, Argentina","tiempo":1770075295298,"prof":123.5,"url":"https://earthquake.usgs.gov/earthquakes/eventpage/us6000s620"}},
{"type":"Feature","id":"us6000s623","geometry":{"type":"Point","coordinates":[-69.981,-20.766]},"properties":{"mag":4,"lugar":"55 km SSE of La Tirana, Chile","tiempo":1770077202321,"prof":43.8,"url":"https://earthquake.usgs.gov/earthquakes/eventpage/us6000s623"}},
{"type":"Feature","id":"us6000s65w","geometry":{"type":"Point","coordinates":[-69.347,-22.892]},"properties":{"mag":4.5,"lugar":"64 km SW of Calama, Chile","tiempo":1770136800117,"prof":77.0,"url":"https://earthquake.usgs.gov/earthquakes/eventpage/us6000s65w"}},
{"type":"Feature","id":"us6000s6ca","geometry":{"type":"Point","coordinates":[-68.956,-22.108]},"properties":{"mag":4.8,"lugar":"38 km N of Calama, Chile","tiempo":1770192113319,"prof":110.2,"url":"https://earthquake.usgs.gov/earthquakes/eventpage/us6000s6ca"}},
{"type":"Feature","id":"us6000s6ji","geometry":{"type":"Point","coordinates":[-68.575,-21.408]},"properties":{"mag":4.1,"lugar":"39 km WSW of Ollagüe, Chile","tiempo":1770260718904,"prof":129.9,"url":"https://earthquake.usgs.gov/earthquakes/eventpage/us6000s6ji"}},
{"type":"Feature","id":"us6000s6kd","geometry":{"type":"Point","coordinates":[-70.075,-21.402]},"properties":{"mag":4.3,"lugar":"77 km N of Tocopilla, Chile","tiempo":1770282103835,"prof":78.1,"url":"https://earthquake.usgs.gov/earthquakes/eventpage/us6000s6kd"}},
{"type":"Feature","id":"us6000s6lt","geometry":{"type":"Point","coordinates":[-66.933,-24.218]},"properties":{"mag":4.6,"lugar":"62 km W of San Antonio de los Cobres, Argentina","tiempo":1770310392923,"prof":204.0,"url":"https://earthquake.usgs.gov/earthquakes/eventpage/us6000s6lt"}},
{"type":"Feature","id":"us6000s6ur","geometry":{"type":"Point","coordinates":[-66.996,-23.924]},"properties":{"mag":4,"lugar":"76 km WNW of San Antonio de los Cobres, Argentina","tiempo":1770343500445,"prof":240.6,"url":"https://earthquake.usgs.gov/earthquakes/eventpage/us6000s6ur"}},
{"type":"Feature","id":"us6000s6us","geometry":{"type":"Point","coordinates":[-70.153,-20.576]},"properties":{"mag":4.6,"lugar":"32 km S of La Tirana, Chile","tiempo":1770344843647,"prof":35,"url":"https://earthquake.usgs.gov/earthquakes/eventpage/us6000s6us"}},
{"type":"Feature","id":"us6000s6uu","geometry":{"type":"Point","coordinates":[-70.074,-20.574]},"properties":{"mag":4.1,"lugar":"32 km S of La Tirana, Chile","tiempo":1770345601244,"prof":28.3,"url":"https://earthquake.usgs.gov/earthquakes/eventpage/us6000s6uu"}},
{"type":"Feature","id":"us6000s6v4","geometry":{"type":"Point","coordinates":[-68.777,-28.839]},"properties":{"mag":4.9,"lugar":"56 km W of Vinchina, Argentina","tiempo":1770349494252,"prof":110.9,"url":"https://earthquake.usgs.gov/earthquakes/eventpage/us6000s6v4"}},
{"type":"Feature","id":"us6000s6vu","geometry":{"type":"Point","coordinates":[-67.028,-24.208]},"properties":{"mag":4.1,"lugar":"72 km W of San Antonio de los Cobres, Argentina","tiempo":1770366131372,"prof":163.6,"url":"https://earthquake.usgs.gov/earthquakes/eventpage/us6000s6vu"}},
{"type":"Feature","id":"us6000s753","geometry":{"type":"Point","coordinates":[-70.433,-17.394]},"properties":{"mag":4.4,"lugar":"7 km W of Totoral, Peru","tiempo":1770467867079,"prof":126.5,"url":"https://earthquake.usgs.gov/earthquakes/eventpage/us6000s753"}},
{"type":"Feature","id":"us6000s78j","geometry":{"type":"Point","coordinates":[-68.52,-21.315]},"properties":{"mag":4.2,"lugar":"29 km WSW of Ollagüe, Chile","tiempo":1770535546128,"prof":135.7,"url":"https://earthquake.usgs.gov/earthquakes/eventpage/us6000s78j"}},
{"type":"Feature","id":"us6000s7ab","geometry":{"type":"Point","coordinates":[-68.934,-20.103]},"properties":{"mag":5.7,"lugar":"79 km ENE of La Tirana, Chile","tiempo":1770567837357,"prof":114.0,"url":"https://earthquake.usgs.gov/earthquakes/eventpage/us6000s7ab"}},
{"type":"Feature","id":"us6000s7d2","geometry":{"type":"Point","coordinates":[-68.528,-22.583]},"properties":{"mag":4.2,"lugar":"43 km ESE of Calama, Chile","tiempo":1770592642781,"prof":118.1,"url":"https://earthquake.usgs.gov/earthquakes/eventpage/us6000s7d2"}},
{"type":"Feature","id":"us6000s7kw","geometry":{"type":"Point","coordinates":[-66.96,-27.822]},"properties":{"mag":4.5,"lugar":"20 km SE of Londres, Argentina","tiempo":1770701097003,"prof":178.7,"url":"https://earthquake.usgs.gov/earthquakes/eventpage/us6000s7kw"}},
{"type":"Feature","id":"us6000s7qc","geometry":{"type":"Point","coordinates":[-68.819,-21.71]},"properties":{"mag":4.1,"lugar":"79 km SW of Ollagüe, Chile","tiempo":1770764747728,"prof":126.0,"url":"https://earthquake.usgs.gov/earthquakes/eventpage/us6000s7qc"}},
{"type":"Feature","id":"us6000s7s1","geometry":{"type":"Point","coordinates":[-66.89,-24.299]},"properties":{"mag":4.3,"lugar":"58 km W of San Antonio de los Cobres, Argentina","tiempo":1770790025416,"prof":194.3,"url":"https://earthquake.usgs.gov/earthquakes/eventpage/us6000s7s1"}},
{"type":"Feature","id":"us6000s7sd","geometry":{"type":"Point","coordinates":[-72.007,-51.447]},"properties":{"mag":4.7,"lugar":"20 km NE of 28 de Noviembre, Argentina","tiempo":1770797765625,"prof":10,"url":"https://earthquake.usgs.gov/earthquakes/eventpage/us6000s7sd"}},
{"type":"Feature","id":"us6000s7se","geometry":{"type":"Point","coordinates":[-67.086,-24.038]},"properties":{"mag":4.3,"lugar":"80 km WNW of San Antonio de los Cobres, Argentina","tiempo":1770798377701,"prof":222.1,"url":"https://earthquake.usgs.gov/earthquakes/eventpage/us6000s7se"}},
{"type":"Feature","id":"us6000s7um","geometry":{"type":"Point","coordinates":[-66.634,-23.301]},"properties":{"mag":4.6,"lugar":"98 km W of El Aguilar, Argentina","tiempo":1770821886993,"prof":205.8,"url":"https://earthquake.usgs.gov/earthquakes/eventpage/us6000s7um"}},
{"type":"Feature","id":"us6000s85r","geometry":{"type":"Point","coordinates":[-66.778,-23.814]},"properties":{"mag":4.2,"lugar":"64 km NW of San Antonio de los Cobres, Argentina","tiempo":1770851266574,"prof":207.5,"url":"https://earthquake.usgs.gov/earthquakes/eventpage/us6000s85r"}},
{"type":"Feature","id":"us6000s8f9","geometry":{"type":"Point","coordinates":[-74.215,-41.68]},"properties":{"mag":4.1,"lugar":"39 km WNW of Ancud, Chile","tiempo":1770869113622,"prof":35,"url":"https://earthquake.usgs.gov/earthquakes/eventpage/us6000s8f9"}},
{"type":"Feature","id":"us6000s8g0","geometry":{"type":"Point","coordinates":[-67.261,-23.663]},"properties":{"mag":4.3,"lugar":"113 km WNW of San Antonio de los Cobres, Argentina","tiempo":1770881485680,"prof":218.5,"url":"https://earthquake.usgs.gov/earthquakes/eventpage/us6000s8g0"}},
{"type":"Feature","id":"us6000s8gw","geometry":{"type":"Point","coordinates":[-71.423,-30.768]},"properties":{"mag":6.1,"lugar":"28 km SW of Ovalle, Chile","tiempo":1770903271172,"prof":46,"url":"https://earthquake.usgs.gov/earthquakes/eventpage/us6000s8gw"}},
{"type":"Feature","id":"us6000s8ie","geometry":{"type":"Point","coordinates":[-66.396,-23.033]},"properties":{"mag":4.4,"lugar":"76 km WNW of El Aguilar, Argentina","tiempo":1770915047325,"prof":244.3,"url":"https://earthquake.usgs.gov/earthquakes/eventpage/us6000s8ie"}},
{"type":"Feature","id":"us6000s8mh","geometry":{"type":"Point","coordinates":[-71.47,-30.735]},"properties":{"mag":4.3,"lugar":"29 km WSW of Ovalle, Chile","tiempo":1770944306101,"prof":42.8,"url":"https://earthquake.usgs.gov/earthquakes/eventpage/us6000s8mh"}},
{"type":"Feature","id":"us6000s95u","geometry":{"type":"Point","coordinates":[-67.847,-20.384]},"properties":{"mag":4.4,"lugar":"95 km W of Colchani, Bolivia","tiempo":1771041689015,"prof":171.8,"url":"https://earthquake.usgs.gov/earthquakes/eventpage/us6000s95u"}},
{"type":"Feature","id":"us6000s967","geometry":{"type":"Point","coordinates":[-66.774,-23.812]},"properties":{"mag":4.4,"lugar":"64 km NW of San Antonio de los Cobres, Argentina","tiempo":1771048473649,"prof":213.0,"url":"https://earthquake.usgs.gov/earthquakes/eventpage/us6000s967"}},
{"type":"Feature","id":"us6000s96v","geometry":{"type":"Point","coordinates":[-75.991,-48.339]},"properties":{"mag":4.7,"lugar":"283 km WSW of Cochrane, Chile","tiempo":1771057729467,"prof":10,"url":"https://earthquake.usgs.gov/earthquakes/eventpage/us6000s96v"}},
{"type":"Feature","id":"us6000s9bv","geometry":{"type":"Point","coordinates":[-68.692,-21.66]},"properties":{"mag":4.3,"lugar":"66 km SW of Ollagüe, Chile","tiempo":1771133549052,"prof":123.0,"url":"https://earthquake.usgs.gov/earthquakes/eventpage/us6000s9bv"}},
{"type":"Feature","id":"us6000s9dc","geometry":{"type":"Point","coordinates":[-69.734,-18.137]},"properties":{"mag":4.3,"lugar":"46 km SSE of Palca, Peru","tiempo":1771146890229,"prof":115.3,"url":"https://earthquake.usgs.gov/earthquakes/eventpage/us6000s9dc"}},
{"type":"Feature","id":"us6000s9dj","geometry":{"type":"Point","coordinates":[-68.88,-21.188]},"properties":{"mag":4.6,"lugar":"65 km W of Ollagüe, Chile","tiempo":1771150686643,"prof":115.6,"url":"https://earthquake.usgs.gov/earthquakes/eventpage/us6000s9dj"}},
{"type":"Feature","id":"us6000s9e4","geometry":{"type":"Point","coordinates":[-71.853,-31.269]},"properties":{"mag":4.1,"lugar":"76 km WNW of Illapel, Chile","tiempo":1771163128849,"prof":36.2,"url":"https://earthquake.usgs.gov/earthquakes/eventpage/us6000s9e4"}},
{"type":"Feature","id":"us6000s9h5","geometry":{"type":"Point","coordinates":[-71.497,-30.793]},"properties":{"mag":4.4,"lugar":"35 km SW of Ovalle, Chile","tiempo":1771233579564,"prof":46.3,"url":"https://earthquake.usgs.gov/earthquakes/eventpage/us6000s9h5"}},
{"type":"Feature","id":"us6000s9kw","geometry":{"type":"Point","coordinates":[-69.086,-22.224]},"properties":{"mag":4.8,"lugar":"30 km NNW of Calama, Chile","tiempo":1771277097361,"prof":102.3,"url":"https://earthquake.usgs.gov/earthquakes/eventpage/us6000s9kw"}},
{"type":"Feature","id":"us6000s9ly","geometry":{"type":"Point","coordinates":[-69.275,-20.355]},"properties":{"mag":4.2,"lugar":"39 km E of La Tirana, Chile","tiempo":1771281254395,"prof":111.9,"url":"https://earthquake.usgs.gov/earthquakes/eventpage/us6000s9ly"}},
{"type":"Feature","id":"us6000s9nn","geometry":{"type":"Point","coordinates":[-71.508,-30.757]},"properties":{"mag":4.1,"lugar":"34 km WSW of Ovalle, Chile","tiempo":1771291306709,"prof":44.8,"url":"https://earthquake.usgs.gov/earthquakes/eventpage/us6000s9nn"}},
{"type":"Feature","id":"us6000s9sc","geometry":{"type":"Point","coordinates":[-68.622,-21.881]},"properties":{"mag":4.6,"lugar":"70 km NNE of Calama, Chile","tiempo":1771342533025,"prof":108.0,"url":"https://earthquake.usgs.gov/earthquakes/eventpage/us6000s9sc"}},
{"type":"Feature","id":"us6000s9yr","geometry":{"type":"Point","coordinates":[-69.489,-21.218]},"properties":{"mag":4.1,"lugar":"99 km S of La Tirana, Chile","tiempo":1771420269396,"prof":101.0,"url":"https://earthquake.usgs.gov/earthquakes/eventpage/us6000s9yr"}},
{"type":"Feature","id":"us6000s9z8","geometry":{"type":"Point","coordinates":[-69.374,-23.787]},"properties":{"mag":4.2,"lugar":"105 km E of Antofagasta, Chile","tiempo":1771427944180,"prof":75.6,"url":"https://earthquake.usgs.gov/earthquakes/eventpage/us6000s9z8"}},
{"type":"Feature","id":"us6000sa0v","geometry":{"type":"Point","coordinates":[-67.73,-23.284]},"properties":{"mag":4.7,"lugar":"63 km SE of San Pedro de Atacama, Chile","tiempo":1771443134136,"prof":140.1,"url":"https://earthquake.usgs.gov/earthquakes/eventpage/us6000sa0v"}},
{"type":"Feature","id":"us6000sa5z","geometry":{"type":"Point","coordinates":[-68.925,-21.086]},"properties":{"mag":4.4,"lugar":"71 km WNW of Ollagüe, Chile","tiempo":1771504620206,"prof":111.4,"url":"https://earthquake.usgs.gov/earthquakes/eventpage/us6000sa5z"}},
{"type":"Feature","id":"us6000sad2","geometry":{"type":"Point","coordinates":[-71.715,-30.658]},"properties":{"mag":4.2,"lugar":"49 km W of Ovalle, Chile","tiempo":1771576476970,"prof":33.1,"url":"https://earthquake.usgs.gov/earthquakes/eventpage/us6000sad2"}},
{"type":"Feature","id":"us6000sale","geometry":{"type":"Point","coordinates":[-71.313,-35.802]},"properties":{"mag":4.8,"lugar":"14 km SE of Colbún, Chile","tiempo":1771660055861,"prof":98.7,"url":"https://earthquake.usgs.gov/earthquakes/eventpage/us6000sale"}},
{"type":"Feature","id":"us6000samg","geometry":{"type":"Point","coordinates":[-67.213,-24.321]},"properties":{"mag":4.3,"lugar":"91 km W of San Antonio de los Cobres, Argentina","tiempo":1771686545498,"prof":159.8,"url":"https://earthquake.usgs.gov/earthquakes/eventpage/us6000samg"}},
{"type":"Feature","id":"us6000sasd","geometry":{"type":"Point","coordinates":[-71.509,-30.768]},"properties":{"mag":4.9,"lugar":"35 km WSW of Ovalle, Chile","tiempo":1771770177338,"prof":49.5,"url":"https://earthquake.usgs.gov/earthquakes/eventpage/us6000sasd"}},
{"type":"Feature","id":"us6000sb1j","geometry":{"type":"Point","coordinates":[-67.013,-24.075]},"properties":{"mag":4.3,"lugar":"72 km WNW of San Antonio de los Cobres, Argentina","tiempo":1771856900886,"prof":177.4,"url":"https://earthquake.usgs.gov/earthquakes/eventpage/us6000sb1j"}},
{"type":"Feature","id":"us7000s0cg","geometry":{"type":"Point","coordinates":[-67.305,-21.116]},"properties":{"mag":4,"lugar":"88 km SW of Uyuni, Bolivia","tiempo":1772065260447,"prof":209.5,"url":"https://earthquake.usgs.gov/earthquakes/eventpage/us7000s0cg"}},
{"type":"Feature","id":"us7000s0ew","geometry":{"type":"Point","coordinates":[-68.63,-21.812]},"properties":{"mag":4.9,"lugar":"75 km SSW of Ollagüe, Chile","tiempo":1772096865037,"prof":110.2,"url":"https://earthquake.usgs.gov/earthquakes/eventpage/us7000s0ew"}},
{"type":"Feature","id":"us7000s0fa","geometry":{"type":"Point","coordinates":[-68.63,-21.713]},"properties":{"mag":4.3,"lugar":"66 km SW of Ollagüe, Chile","tiempo":1772101963337,"prof":109.8,"url":"https://earthquake.usgs.gov/earthquakes/eventpage/us7000s0fa"}},
{"type":"Feature","id":"us7000s0js","geometry":{"type":"Point","coordinates":[-68.782,-21.062]},"properties":{"mag":4.6,"lugar":"57 km WNW of Ollagüe, Chile","tiempo":1772131541030,"prof":118.9,"url":"https://earthquake.usgs.gov/earthquakes/eventpage/us7000s0js"}},
{"type":"Feature","id":"us7000s0nv","geometry":{"type":"Point","coordinates":[-70.079,-21.059]},"properties":{"mag":4.2,"lugar":"85 km S of La Tirana, Chile","tiempo":1772173655800,"prof":57.2,"url":"https://earthquake.usgs.gov/earthquakes/eventpage/us7000s0nv"}},
{"type":"Feature","id":"us7000s10v","geometry":{"type":"Point","coordinates":[-66.711,-23.927]},"properties":{"mag":4.3,"lugar":"51 km NW of San Antonio de los Cobres, Argentina","tiempo":1772267349174,"prof":195.2,"url":"https://earthquake.usgs.gov/earthquakes/eventpage/us7000s10v"}},
{"type":"Feature","id":"us7000s11x","geometry":{"type":"Point","coordinates":[-71.557,-29.733]},"properties":{"mag":4,"lugar":"32 km NW of Coquimbo, Chile","tiempo":1772282672629,"prof":40.6,"url":"https://earthquake.usgs.gov/earthquakes/eventpage/us7000s11x"}},
{"type":"Feature","id":"us7000s12u","geometry":{"type":"Point","coordinates":[-67.183,-24.086]},"properties":{"mag":4.3,"lugar":"88 km W of San Antonio de los Cobres, Argentina","tiempo":1772295746480,"prof":214.3,"url":"https://earthquake.usgs.gov/earthquakes/eventpage/us7000s12u"}},
{"type":"Feature","id":"us7000s14r","geometry":{"type":"Point","coordinates":[-68.798,-31.216]},"properties":{"mag":4.3,"lugar":"35 km NW of Albardón, Argentina","tiempo":1772319932048,"prof":125.7,"url":"https://earthquake.usgs.gov/earthquakes/eventpage/us7000s14r"}},
{"type":"Feature","id":"us7000s15h","geometry":{"type":"Point","coordinates":[-71.678,-32.641]},"properties":{"mag":4.6,"lugar":"44 km N of Valparaíso, Chile","tiempo":1772329026076,"prof":37.9,"url":"https://earthquake.usgs.gov/earthquakes/eventpage/us7000s15h"}},
{"type":"Feature","id":"us7000s19p","geometry":{"type":"Point","coordinates":[-69.894,-18.091]},"properties":{"mag":4.2,"lugar":"35 km ESE of Calana, Peru","tiempo":1772385549622,"prof":131.2,"url":"https://earthquake.usgs.gov/earthquakes/eventpage/us7000s19p"}},
{"type":"Feature","id":"us7000s1ak","geometry":{"type":"Point","coordinates":[-68.807,-22.08]},"properties":{"mag":5.1,"lugar":"43 km NNE of Calama, Chile","tiempo":1772395434403,"prof":107.2,"url":"https://earthquake.usgs.gov/earthquakes/eventpage/us7000s1ak"}},
{"type":"Feature","id":"us7000s1bq","geometry":{"type":"Point","coordinates":[-70.204,-31.113]},"properties":{"mag":4.5,"lugar":"78 km WNW of Calingasta, Argentina","tiempo":1772402862243,"prof":127.3,"url":"https://earthquake.usgs.gov/earthquakes/eventpage/us7000s1bq"}},
{"type":"Feature","id":"us7000s1bs","geometry":{"type":"Point","coordinates":[-69.357,-19.547]},"properties":{"mag":4.2,"lugar":"26 km SSE of Camiña, Chile","tiempo":1772403033224,"prof":98.4,"url":"https://earthquake.usgs.gov/earthquakes/eventpage/us7000s1bs"}},
{"type":"Feature","id":"us7000s1js","geometry":{"type":"Point","coordinates":[-71.75,-28.564]},"properties":{"mag":4.1,"lugar":"96 km W of Vallenar, Chile","tiempo":1772495753482,"prof":20.7,"url":"https://earthquake.usgs.gov/earthquakes/eventpage/us7000s1js"}},
{"type":"Feature","id":"us7000s1tv","geometry":{"type":"Point","coordinates":[-72.245,-32.121]},"properties":{"mag":4.2,"lugar":"102 km WNW of La Ligua, Chile","tiempo":1772573426381,"prof":13.4,"url":"https://earthquake.usgs.gov/earthquakes/eventpage/us7000s1tv"}},
{"type":"Feature","id":"us7000s1yr","geometry":{"type":"Point","coordinates":[-71.264,-29.402]},"properties":{"mag":4,"lugar":"55 km N of La Serena, Chile","tiempo":1772624914959,"prof":44.3,"url":"https://earthquake.usgs.gov/earthquakes/eventpage/us7000s1yr"}},
{"type":"Feature","id":"us7000s1yw","geometry":{"type":"Point","coordinates":[-71.514,-30.805]},"properties":{"mag":4.5,"lugar":"37 km SW of Ovalle, Chile","tiempo":1772627529081,"prof":42.8,"url":"https://earthquake.usgs.gov/earthquakes/eventpage/us7000s1yw"}},
{"type":"Feature","id":"us7000s259","geometry":{"type":"Point","coordinates":[-71.527,-29.662]},"properties":{"mag":4.8,"lugar":"37 km NNW of Coquimbo, Chile","tiempo":1772672900436,"prof":40.3,"url":"https://earthquake.usgs.gov/earthquakes/eventpage/us7000s259"}},
{"type":"Feature","id":"us7000s2fe","geometry":{"type":"Point","coordinates":[-69.018,-20.806]},"properties":{"mag":4.8,"lugar":"84 km SE of La Tirana, Chile","tiempo":1772762412790,"prof":104.3,"url":"https://earthquake.usgs.gov/earthquakes/eventpage/us7000s2fe"}},
{"type":"Feature","id":"us7000s2k6","geometry":{"type":"Point","coordinates":[-68.609,-23.331]},"properties":{"mag":4.1,"lugar":"62 km SW of San Pedro de Atacama, Chile","tiempo":1772814551147,"prof":99.7,"url":"https://earthquake.usgs.gov/earthquakes/eventpage/us7000s2k6"}},
{"type":"Feature","id":"us7000s2u7","geometry":{"type":"Point","coordinates":[-66.876,-31.564]},"properties":{"mag":5.1,"lugar":"113 km WNW of Candelaria, Argentina","tiempo":1772903605389,"prof":131.3,"url":"https://earthquake.usgs.gov/earthquakes/eventpage/us7000s2u7"}},
{"type":"Feature","id":"us7000s2vw","geometry":{"type":"Point","coordinates":[-71.522,-28.8]},"properties":{"mag":4.5,"lugar":"78 km WSW of Vallenar, Chile","tiempo":1772924126845,"prof":35.3,"url":"https://earthquake.usgs.gov/earthquakes/eventpage/us7000s2vw"}},
{"type":"Feature","id":"us7000s33f","geometry":{"type":"Point","coordinates":[-69.554,-31.434]},"properties":{"mag":5,"lugar":"16 km SW of Calingasta, Argentina","tiempo":1773036617658,"prof":120.4,"url":"https://earthquake.usgs.gov/earthquakes/eventpage/us7000s33f"}},
{"type":"Feature","id":"us7000s33y","geometry":{"type":"Point","coordinates":[-68.417,-21.397]},"properties":{"mag":4.4,"lugar":"25 km SW of Ollagüe, Chile","tiempo":1773040641675,"prof":129.7,"url":"https://earthquake.usgs.gov/earthquakes/eventpage/us7000s33y"}},
{"type":"Feature","id":"us7000s34c","geometry":{"type":"Point","coordinates":[-71.471,-31.728]},"properties":{"mag":4.2,"lugar":"30 km WSW of Illapel, Chile","tiempo":1773044369355,"prof":35,"url":"https://earthquake.usgs.gov/earthquakes/eventpage/us7000s34c"}},
{"type":"Feature","id":"us7000s36c","geometry":{"type":"Point","coordinates":[-73.52,-38.26]},"properties":{"mag":4.3,"lugar":"52 km SSW of Cañete, Chile","tiempo":1773070621579,"prof":10,"url":"https://earthquake.usgs.gov/earthquakes/eventpage/us7000s36c"}},
{"type":"Feature","id":"us7000s36g","geometry":{"type":"Point","coordinates":[-69.584,-18.377]},"properties":{"mag":4.9,"lugar":"76 km E of Arica, Chile","tiempo":1773070901270,"prof":109.3,"url":"https://earthquake.usgs.gov/earthquakes/eventpage/us7000s36g"}},
{"type":"Feature","id":"us7000s3ci","geometry":{"type":"Point","coordinates":[-66.805,-31.555]},"properties":{"mag":4.6,"lugar":"108 km WNW of Candelaria, Argentina","tiempo":1773132671166,"prof":126.8,"url":"https://earthquake.usgs.gov/earthquakes/eventpage/us7000s3ci"}},
{"type":"Feature","id":"us7000s3dq","geometry":{"type":"Point","coordinates":[-67.297,-24.309]},"properties":{"mag":4.3,"lugar":"99 km W of San Antonio de los Cobres, Argentina","tiempo":1773151536111,"prof":198.1,"url":"https://earthquake.usgs.gov/earthquakes/eventpage/us7000s3dq"}},
{"type":"Feature","id":"us7000s3dx","geometry":{"type":"Point","coordinates":[-70.814,-29.078]},"properties":{"mag":4.2,"lugar":"55 km S of Vallenar, Chile","tiempo":1773153964905,"prof":80.7,"url":"https://earthquake.usgs.gov/earthquakes/eventpage/us7000s3dx"}},
{"type":"Feature","id":"us7000s3mu","geometry":{"type":"Point","coordinates":[-69.246,-27.711]},"properties":{"mag":4.4,"lugar":"113 km ESE of Copiapó, Chile","tiempo":1773245352438,"prof":100.4,"url":"https://earthquake.usgs.gov/earthquakes/eventpage/us7000s3mu"}},
{"type":"Feature","id":"us6000sfqs","geometry":{"type":"Point","coordinates":[-71.539,-31.32]},"properties":{"mag":4.2,"lugar":"49 km NW of Illapel, Chile","tiempo":1773280244134,"prof":36.0,"url":"https://earthquake.usgs.gov/earthquakes/eventpage/us6000sfqs"}},
{"type":"Feature","id":"us6000sfvl","geometry":{"type":"Point","coordinates":[-73.671,-38.157]},"properties":{"mag":4.1,"lugar":"46 km SSW of Cañete, Chile","tiempo":1773337306147,"prof":29.9,"url":"https://earthquake.usgs.gov/earthquakes/eventpage/us6000sfvl"}},
{"type":"Feature","id":"us6000sg0y","geometry":{"type":"Point","coordinates":[-71.479,-28.693]},"properties":{"mag":6.2,"lugar":"71 km W of Vallenar, Chile","tiempo":1773409161201,"prof":24,"url":"https://earthquake.usgs.gov/earthquakes/eventpage/us6000sg0y"}},
{"type":"Feature","id":"us6000sg17","geometry":{"type":"Point","coordinates":[-67.506,-28.776]},"properties":{"mag":4.2,"lugar":"42 km N of Chilecito, Argentina","tiempo":1773413939173,"prof":122.3,"url":"https://earthquake.usgs.gov/earthquakes/eventpage/us6000sg17"}},
{"type":"Feature","id":"us6000sg47","geometry":{"type":"Point","coordinates":[-66.759,-24.163]},"properties":{"mag":4.3,"lugar":"45 km W of San Antonio de los Cobres, Argentina","tiempo":1773421176642,"prof":210.6,"url":"https://earthquake.usgs.gov/earthquakes/eventpage/us6000sg47"}},
{"type":"Feature","id":"us6000sgb8","geometry":{"type":"Point","coordinates":[-66.509,-23.074]},"properties":{"mag":4.4,"lugar":"86 km W of El Aguilar, Argentina","tiempo":1773501626181,"prof":225.4,"url":"https://earthquake.usgs.gov/earthquakes/eventpage/us6000sgb8"}},
{"type":"Feature","id":"us6000sgbr","geometry":{"type":"Point","coordinates":[-71.947,-42.45]},"properties":{"mag":4.7,"lugar":"51 km SSW of Lago Puelo, Argentina","tiempo":1773509769667,"prof":9.1,"url":"https://earthquake.usgs.gov/earthquakes/eventpage/us6000sgbr"}},
{"type":"Feature","id":"us6000sghx","geometry":{"type":"Point","coordinates":[-68.772,-21.161]},"properties":{"mag":4.1,"lugar":"54 km W of Ollagüe, Chile","tiempo":1773609920689,"prof":121.6,"url":"https://earthquake.usgs.gov/earthquakes/eventpage/us6000sghx"}},
{"type":"Feature","id":"us6000sgjb","geometry":{"type":"Point","coordinates":[-71.608,-28.779]},"properties":{"mag":4,"lugar":"85 km WSW of Vallenar, Chile","tiempo":1773638638762,"prof":26.9,"url":"https://earthquake.usgs.gov/earthquakes/eventpage/us6000sgjb"}},
{"type":"Feature","id":"us6000sgjq","geometry":{"type":"Point","coordinates":[-70.992,-35.292]},"properties":{"mag":4.7,"lugar":"33 km SE of Molina, Chile","tiempo":1773644353855,"prof":102.2,"url":"https://earthquake.usgs.gov/earthquakes/eventpage/us6000sgjq"}},
{"type":"Feature","id":"us6000sgmy","geometry":{"type":"Point","coordinates":[-68.737,-31.832]},"properties":{"mag":3.9,"lugar":"22 km SW of Pocito, Argentina","tiempo":1773684731678,"prof":10,"url":"https://earthquake.usgs.gov/earthquakes/eventpage/us6000sgmy"}},
{"type":"Feature","id":"us6000sgsr","geometry":{"type":"Point","coordinates":[-70.855,-20.35]},"properties":{"mag":4.4,"lugar":"74 km WSW of Puerto, Chile","tiempo":1773733413679,"prof":10,"url":"https://earthquake.usgs.gov/earthquakes/eventpage/us6000sgsr"}},
{"type":"Feature","id":"us6000sh5v","geometry":{"type":"Point","coordinates":[-69.58,-18.682]},"properties":{"mag":4.1,"lugar":"71 km NNW of Camiña, Chile","tiempo":1773841911330,"prof":120.3,"url":"https://earthquake.usgs.gov/earthquakes/eventpage/us6000sh5v"}},
{"type":"Feature","id":"us6000shr1","geometry":{"type":"Point","coordinates":[-69.849,-26.141]},"properties":{"mag":4.5,"lugar":"33 km NE of Diego de Almagro, Chile","tiempo":1773991951108,"prof":111.5,"url":"https://earthquake.usgs.gov/earthquakes/eventpage/us6000shr1"}},
{"type":"Feature","id":"us6000shs9","geometry":{"type":"Point","coordinates":[-68.98,-21.133]},"properties":{"mag":4.2,"lugar":"76 km W of Ollagüe, Chile","tiempo":1774001826270,"prof":130.1,"url":"https://earthquake.usgs.gov/earthquakes/eventpage/us6000shs9"}},
{"type":"Feature","id":"us6000shsg","geometry":{"type":"Point","coordinates":[-68.975,-21.067]},"properties":{"mag":4.2,"lugar":"76 km WNW of Ollagüe, Chile","tiempo":1774002596820,"prof":120.0,"url":"https://earthquake.usgs.gov/earthquakes/eventpage/us6000shsg"}},
{"type":"Feature","id":"us6000shtc","geometry":{"type":"Point","coordinates":[-66.82,-24.577]},"properties":{"mag":4.6,"lugar":"64 km SW of San Antonio de los Cobres, Argentina","tiempo":1774012409792,"prof":210.5,"url":"https://earthquake.usgs.gov/earthquakes/eventpage/us6000shtc"}},
{"type":"Feature","id":"us6000shvi","geometry":{"type":"Point","coordinates":[-71.709,-32.198]},"properties":{"mag":4.7,"lugar":"53 km WNW of La Ligua, Chile","tiempo":1774020645182,"prof":54.4,"url":"https://earthquake.usgs.gov/earthquakes/eventpage/us6000shvi"}},
{"type":"Feature","id":"us6000shxy","geometry":{"type":"Point","coordinates":[-70.958,-19.985]},"properties":{"mag":4.8,"lugar":"87 km WNW of Puerto, Chile","tiempo":1774037214072,"prof":16.4,"url":"https://earthquake.usgs.gov/earthquakes/eventpage/us6000shxy"}},
{"type":"Feature","id":"us6000shy8","geometry":{"type":"Point","coordinates":[-70.805,-20.016]},"properties":{"mag":4.1,"lugar":"71 km WNW of Puerto, Chile","tiempo":1774039132407,"prof":29.1,"url":"https://earthquake.usgs.gov/earthquakes/eventpage/us6000shy8"}},
{"type":"Feature","id":"us6000si4j","geometry":{"type":"Point","coordinates":[-67.106,-24.024]},"properties":{"mag":5.6,"lugar":"82 km WNW of San Antonio de los Cobres, Argentina","tiempo":1774087238214,"prof":196.0,"url":"https://earthquake.usgs.gov/earthquakes/eventpage/us6000si4j"}},
{"type":"Feature","id":"us6000si9i","geometry":{"type":"Point","coordinates":[-66.649,-21.331]},"properties":{"mag":4.5,"lugar":"62 km SW of Atocha, Bolivia","tiempo":1774122429482,"prof":228.2,"url":"https://earthquake.usgs.gov/earthquakes/eventpage/us6000si9i"}},
{"type":"Feature","id":"us6000sieg","geometry":{"type":"Point","coordinates":[-69.579,-17.735]},"properties":{"mag":4.8,"lugar":"40 km E of Palca, Peru","tiempo":1774166574327,"prof":138.6,"url":"https://earthquake.usgs.gov/earthquakes/eventpage/us6000sieg"}},
{"type":"Feature","id":"us6000sini","geometry":{"type":"Point","coordinates":[-69.52,-22.761]},"properties":{"mag":4.2,"lugar":"48 km SSE of María Elena, Chile","tiempo":1774226262796,"prof":88.0,"url":"https://earthquake.usgs.gov/earthquakes/eventpage/us6000sini"}},
{"type":"Feature","id":"us6000sirm","geometry":{"type":"Point","coordinates":[-72.783,-36.98]},"properties":{"mag":4.4,"lugar":"22 km ESE of Chiguayante, Chile","tiempo":1774241054155,"prof":27.1,"url":"https://earthquake.usgs.gov/earthquakes/eventpage/us6000sirm"}},
{"type":"Feature","id":"us6000siry","geometry":{"type":"Point","coordinates":[-72.214,-36.065]},"properties":{"mag":4,"lugar":"14 km SE of Cauquenes, Chile","tiempo":1774243738736,"prof":64.7,"url":"https://earthquake.usgs.gov/earthquakes/eventpage/us6000siry"}},
{"type":"Feature","id":"us7000s755","geometry":{"type":"Point","coordinates":[-69.909,-28.157]},"properties":{"mag":4,"lugar":"95 km ENE of Vallenar, Chile","tiempo":1774292970313,"prof":130.3,"url":"https://earthquake.usgs.gov/earthquakes/eventpage/us7000s755"}},
{"type":"Feature","id":"us7000s76i","geometry":{"type":"Point","coordinates":[-71.012,-20.031]},"properties":{"mag":4.6,"lugar":"92 km WNW of Puerto, Chile","tiempo":1774304359431,"prof":12.1,"url":"https://earthquake.usgs.gov/earthquakes/eventpage/us7000s76i"}},
{"type":"Feature","id":"us7000s9gd","geometry":{"type":"Point","coordinates":[-71.1,-20.014]},"properties":{"mag":4.4,"lugar":"101 km WNW of Puerto, Chile","tiempo":1774304412600,"prof":10,"url":"https://earthquake.usgs.gov/earthquakes/eventpage/us7000s9gd"}},
{"type":"Feature","id":"us7000s76q","geometry":{"type":"Point","coordinates":[-70.916,-19.991]},"properties":{"mag":4.9,"lugar":"83 km WNW of Puerto, Chile","tiempo":1774306337090,"prof":16.4,"url":"https://earthquake.usgs.gov/earthquakes/eventpage/us7000s76q"}},
{"type":"Feature","id":"us7000s76u","geometry":{"type":"Point","coordinates":[-70.967,-20.015]},"properties":{"mag":4.3,"lugar":"87 km WNW of Puerto, Chile","tiempo":1774306999200,"prof":14.4,"url":"https://earthquake.usgs.gov/earthquakes/eventpage/us7000s76u"}},
{"type":"Feature","id":"us7000s77m","geometry":{"type":"Point","coordinates":[-66.734,-19.585]},"properties":{"mag":4.2,"lugar":"75 km S of Challapata, Bolivia","tiempo":1774317790944,"prof":258.1,"url":"https://earthquake.usgs.gov/earthquakes/eventpage/us7000s77m"}},
{"type":"Feature","id":"us7000s7a9","geometry":{"type":"Point","coordinates":[-70.966,-20.003]},"properties":{"mag":4.6,"lugar":"88 km WNW of Puerto, Chile","tiempo":1774343239267,"prof":21.1,"url":"https://earthquake.usgs.gov/earthquakes/eventpage/us7000s7a9"}},
{"type":"Feature","id":"us7000s7ei","geometry":{"type":"Point","coordinates":[-68.185,-20.528]},"properties":{"mag":4,"lugar":"77 km N of Ollagüe, Chile","tiempo":1774386924038,"prof":186.5,"url":"https://earthquake.usgs.gov/earthquakes/eventpage/us7000s7ei"}},
{"type":"Feature","id":"us7000s7g4","geometry":{"type":"Point","coordinates":[-68.624,-21.212]},"properties":{"mag":4.2,"lugar":"38 km W of Ollagüe, Chile","tiempo":1774411042268,"prof":152.5,"url":"https://earthquake.usgs.gov/earthquakes/eventpage/us7000s7g4"}},
{"type":"Feature","id":"us7000s7gz","geometry":{"type":"Point","coordinates":[-73.578,-35.703]},"properties":{"mag":4.2,"lugar":"113 km NW of Quirihue, Chile","tiempo":1774428821977,"prof":24.0,"url":"https://earthquake.usgs.gov/earthquakes/eventpage/us7000s7gz"}},
{"type":"Feature","id":"us7000s7nl","geometry":{"type":"Point","coordinates":[-67.159,-24.051]},"properties":{"mag":4.2,"lugar":"87 km WNW of San Antonio de los Cobres, Argentina","tiempo":1774479854199,"prof":192.3,"url":"https://earthquake.usgs.gov/earthquakes/eventpage/us7000s7nl"}},
{"type":"Feature","id":"us7000s7q5","geometry":{"type":"Point","coordinates":[-73.399,-37.774]},"properties":{"mag":4.2,"lugar":"3 km N of Cañete, Chile","tiempo":1774499195013,"prof":35,"url":"https://earthquake.usgs.gov/earthquakes/eventpage/us7000s7q5"}},
{"type":"Feature","id":"us7000s7rb","geometry":{"type":"Point","coordinates":[-71.819,-32.483]},"properties":{"mag":4.1,"lugar":"55 km W of La Ligua, Chile","tiempo":1774515329167,"prof":10,"url":"https://earthquake.usgs.gov/earthquakes/eventpage/us7000s7rb"}},
{"type":"Feature","id":"us7000s7uk","geometry":{"type":"Point","coordinates":[-74.624,-36.021]},"properties":{"mag":4.5,"lugar":"156 km WNW of Talcahuano, Chile","tiempo":1774540462063,"prof":10,"url":"https://earthquake.usgs.gov/earthquakes/eventpage/us7000s7uk"}},
{"type":"Feature","id":"us7000s7ut","geometry":{"type":"Point","coordinates":[-73.424,-35.76]},"properties":{"mag":4.5,"lugar":"98 km NW of Quirihue, Chile","tiempo":1774541474005,"prof":10,"url":"https://earthquake.usgs.gov/earthquakes/eventpage/us7000s7ut"}},
{"type":"Feature","id":"us7000s7uz","geometry":{"type":"Point","coordinates":[-73.487,-35.756]},"properties":{"mag":4.3,"lugar":"103 km NW of Quirihue, Chile","tiempo":1774544618552,"prof":10,"url":"https://earthquake.usgs.gov/earthquakes/eventpage/us7000s7uz"}},
{"type":"Feature","id":"us7000s822","geometry":{"type":"Point","coordinates":[-68.093,-23.388]},"properties":{"mag":4.2,"lugar":"53 km SSE of San Pedro de Atacama, Chile","tiempo":1774596985633,"prof":134.2,"url":"https://earthquake.usgs.gov/earthquakes/eventpage/us7000s822"}},
{"type":"Feature","id":"us7000s87l","geometry":{"type":"Point","coordinates":[-69.64,-17.559]},"properties":{"mag":4.3,"lugar":"40 km E of Estique, Peru","tiempo":1774637703475,"prof":167.0,"url":"https://earthquake.usgs.gov/earthquakes/eventpage/us7000s87l"}},
{"type":"Feature","id":"us7000s8br","geometry":{"type":"Point","coordinates":[-66.863,-27.917]},"properties":{"mag":4.2,"lugar":"34 km SE of Londres, Argentina","tiempo":1774676787009,"prof":182.6,"url":"https://earthquake.usgs.gov/earthquakes/eventpage/us7000s8br"}},
{"type":"Feature","id":"us7000s8bu","geometry":{"type":"Point","coordinates":[-72.366,-29.776]},"properties":{"mag":4,"lugar":"101 km WNW of Coquimbo, Chile","tiempo":1774677933872,"prof":10,"url":"https://earthquake.usgs.gov/earthquakes/eventpage/us7000s8bu"}},
{"type":"Feature","id":"us7000s8fj","geometry":{"type":"Point","coordinates":[-71.811,-32.55]},"properties":{"mag":4.2,"lugar":"55 km W of La Ligua, Chile","tiempo":1774727543514,"prof":31.1,"url":"https://earthquake.usgs.gov/earthquakes/eventpage/us7000s8fj"}},
{"type":"Feature","id":"us7000s8ks","geometry":{"type":"Point","coordinates":[-73.922,-36.361]},"properties":{"mag":4.3,"lugar":"82 km WNW of Talcahuano, Chile","tiempo":1774806959700,"prof":10,"url":"https://earthquake.usgs.gov/earthquakes/eventpage/us7000s8ks"}},
{"type":"Feature","id":"us7000s8m4","geometry":{"type":"Point","coordinates":[-71.884,-29.392]},"properties":{"mag":4.3,"lugar":"81 km NW of Coquimbo, Chile","tiempo":1774825123657,"prof":33.9,"url":"https://earthquake.usgs.gov/earthquakes/eventpage/us7000s8m4"}},
{"type":"Feature","id":"us7000s8py","geometry":{"type":"Point","coordinates":[-70.895,-20.012]},"properties":{"mag":4.1,"lugar":"80 km WNW of Puerto, Chile","tiempo":1774859140468,"prof":20.0,"url":"https://earthquake.usgs.gov/earthquakes/eventpage/us7000s8py"}},
{"type":"Feature","id":"us7000s8u9","geometry":{"type":"Point","coordinates":[-66.582,-23.258]},"properties":{"mag":4.5,"lugar":"92 km W of El Aguilar, Argentina","tiempo":1774880790204,"prof":200.4,"url":"https://earthquake.usgs.gov/earthquakes/eventpage/us7000s8u9"}},
{"type":"Feature","id":"us7000s8wu","geometry":{"type":"Point","coordinates":[-69.977,-24.301]},"properties":{"mag":4.2,"lugar":"83 km SSE of Antofagasta, Chile","tiempo":1774900091881,"prof":52.5,"url":"https://earthquake.usgs.gov/earthquakes/eventpage/us7000s8wu"}},
{"type":"Feature","id":"us6000slrh","geometry":{"type":"Point","coordinates":[-68.58,-21.905]},"properties":{"mag":4.4,"lugar":"70 km NNE of Calama, Chile","tiempo":1775070341531,"prof":125.5,"url":"https://earthquake.usgs.gov/earthquakes/eventpage/us6000slrh"}},
{"type":"Feature","id":"us6000slsj","geometry":{"type":"Point","coordinates":[-66.288,-22.453]},"properties":{"mag":4.5,"lugar":"67 km WNW of Abra Pampa, Argentina","tiempo":1775077787762,"prof":281.4,"url":"https://earthquake.usgs.gov/earthquakes/eventpage/us6000slsj"}},
{"type":"Feature","id":"us6000sm6d","geometry":{"type":"Point","coordinates":[-68.769,-22.127]},"properties":{"mag":4.3,"lugar":"39 km NNE of Calama, Chile","tiempo":1775155731827,"prof":107.0,"url":"https://earthquake.usgs.gov/earthquakes/eventpage/us6000sm6d"}},
{"type":"Feature","id":"us6000smfh","geometry":{"type":"Point","coordinates":[-66.843,-24.026]},"properties":{"mag":4.2,"lugar":"57 km WNW of San Antonio de los Cobres, Argentina","tiempo":1775249704693,"prof":196.1,"url":"https://earthquake.usgs.gov/earthquakes/eventpage/us6000smfh"}},
{"type":"Feature","id":"us6000smik","geometry":{"type":"Point","coordinates":[-70.414,-19.061]},"properties":{"mag":4.4,"lugar":"27 km WNW of Cuya, Chile","tiempo":1775294555615,"prof":59.0,"url":"https://earthquake.usgs.gov/earthquakes/eventpage/us6000smik"}},
{"type":"Feature","id":"us6000smlh","geometry":{"type":"Point","coordinates":[-68.579,-21.839]},"properties":{"mag":4.5,"lugar":"75 km SSW of Ollagüe, Chile","tiempo":1775317717317,"prof":115.1,"url":"https://earthquake.usgs.gov/earthquakes/eventpage/us6000smlh"}},
{"type":"Feature","id":"us6000smq1","geometry":{"type":"Point","coordinates":[-71.996,-33.855]},"properties":{"mag":4,"lugar":"46 km SW of San Antonio, Chile","tiempo":1775354327407,"prof":33.7,"url":"https://earthquake.usgs.gov/earthquakes/eventpage/us6000smq1"}},
{"type":"Feature","id":"us6000smqa","geometry":{"type":"Point","coordinates":[-71.99,-33.88]},"properties":{"mag":3.8,"lugar":"47 km SW of San Antonio, Chile","tiempo":1775356379527,"prof":29.0,"url":"https://earthquake.usgs.gov/earthquakes/eventpage/us6000smqa"}},
{"type":"Feature","id":"us6000smr8","geometry":{"type":"Point","coordinates":[-69.507,-19.068]},"properties":{"mag":4.1,"lugar":"28 km NNW of Camiña, Chile","tiempo":1775364690722,"prof":102.5,"url":"https://earthquake.usgs.gov/earthquakes/eventpage/us6000smr8"}},
{"type":"Feature","id":"us6000smy1","geometry":{"type":"Point","coordinates":[-66.439,-22.87]},"properties":{"mag":4.5,"lugar":"77 km WSW of Abra Pampa, Argentina","tiempo":1775429767149,"prof":249.8,"url":"https://earthquake.usgs.gov/earthquakes/eventpage/us6000smy1"}},
{"type":"Feature","id":"us6000sn4x","geometry":{"type":"Point","coordinates":[-72.15,-31.84]},"properties":{"mag":3.9,"lugar":"95 km WSW of Illapel, Chile","tiempo":1775523065784,"prof":10,"url":"https://earthquake.usgs.gov/earthquakes/eventpage/us6000sn4x"}},
{"type":"Feature","id":"us6000snmj","geometry":{"type":"Point","coordinates":[-68.992,-24.137]},"properties":{"mag":4.3,"lugar":"152 km ESE of Antofagasta, Chile","tiempo":1775715219693,"prof":98.8,"url":"https://earthquake.usgs.gov/earthquakes/eventpage/us6000snmj"}},
{"type":"Feature","id":"us6000snmz","geometry":{"type":"Point","coordinates":[-71.996,-29.642]},"properties":{"mag":4,"lugar":"72 km WNW of Coquimbo, Chile","tiempo":1775720509466,"prof":12.2,"url":"https://earthquake.usgs.gov/earthquakes/eventpage/us6000snmz"}},
{"type":"Feature","id":"us6000snun","geometry":{"type":"Point","coordinates":[-68.121,-29.508]},"properties":{"mag":4,"lugar":"71 km WSW of Chilecito, Argentina","tiempo":1775786952079,"prof":35,"url":"https://earthquake.usgs.gov/earthquakes/eventpage/us6000snun"}},
{"type":"Feature","id":"us6000snx4","geometry":{"type":"Point","coordinates":[-67.542,-22.203]},"properties":{"mag":4.4,"lugar":"103 km NE of San Pedro de Atacama, Chile","tiempo":1775821778862,"prof":195.9,"url":"https://earthquake.usgs.gov/earthquakes/eventpage/us6000snx4"}},
{"type":"Feature","id":"us6000srue","geometry":{"type":"Point","coordinates":[-73.05,-47.473]},"properties":{"mag":4.5,"lugar":"43 km WSW of Cochrane, Chile","tiempo":1775867609665,"prof":10,"url":"https://earthquake.usgs.gov/earthquakes/eventpage/us6000srue"}},
{"type":"Feature","id":"us6000spdl","geometry":{"type":"Point","coordinates":[-74.246,-41.779]},"properties":{"mag":4.3,"lugar":"37 km WNW of Ancud, Chile","tiempo":1775947267922,"prof":25.7,"url":"https://earthquake.usgs.gov/earthquakes/eventpage/us6000spdl"}},
{"type":"Feature","id":"us6000spgd","geometry":{"type":"Point","coordinates":[-72.124,-33.739]},"properties":{"mag":4.1,"lugar":"50 km WSW of San Antonio, Chile","tiempo":1775985141679,"prof":27.0,"url":"https://earthquake.usgs.gov/earthquakes/eventpage/us6000spgd"}},
{"type":"Feature","id":"us6000splv","geometry":{"type":"Point","coordinates":[-66.81,-24.132]},"properties":{"mag":4.2,"lugar":"50 km W of San Antonio de los Cobres, Argentina","tiempo":1776071056876,"prof":194.3,"url":"https://earthquake.usgs.gov/earthquakes/eventpage/us6000splv"}},
{"type":"Feature","id":"us6000spry","geometry":{"type":"Point","coordinates":[-68.525,-21.2]},"properties":{"mag":4,"lugar":"28 km W of Ollagüe, Chile","tiempo":1776111247162,"prof":137.4,"url":"https://earthquake.usgs.gov/earthquakes/eventpage/us6000spry"}},
{"type":"Feature","id":"us6000spsa","geometry":{"type":"Point","coordinates":[-70.553,-17.76]},"properties":{"mag":4.3,"lugar":"6 km WNW of Sama Grande, Peru","tiempo":1776112969938,"prof":94.0,"url":"https://earthquake.usgs.gov/earthquakes/eventpage/us6000spsa"}},
{"type":"Feature","id":"us6000spsw","geometry":{"type":"Point","coordinates":[-69.263,-20.225]},"properties":{"mag":4,"lugar":"42 km ENE of La Tirana, Chile","tiempo":1776120314313,"prof":91.2,"url":"https://earthquake.usgs.gov/earthquakes/eventpage/us6000spsw"}},
{"type":"Feature","id":"us6000sptk","geometry":{"type":"Point","coordinates":[-66.109,-22.769]},"properties":{"mag":4.2,"lugar":"42 km W of Abra Pampa, Argentina","tiempo":1776127098410,"prof":255.8,"url":"https://earthquake.usgs.gov/earthquakes/eventpage/us6000sptk"}},
{"type":"Feature","id":"us6000sq1r","geometry":{"type":"Point","coordinates":[-66.856,-19.18]},"properties":{"mag":4.3,"lugar":"32 km SSW of Challapata, Bolivia","tiempo":1776193151605,"prof":268.0,"url":"https://earthquake.usgs.gov/earthquakes/eventpage/us6000sq1r"}},
{"type":"Feature","id":"us6000sq2b","geometry":{"type":"Point","coordinates":[-66.597,-27.998]},"properties":{"mag":4.2,"lugar":"53 km SSW of Andalgalá, Argentina","tiempo":1776197178685,"prof":158.1,"url":"https://earthquake.usgs.gov/earthquakes/eventpage/us6000sq2b"}},
{"type":"Feature","id":"us6000sq4t","geometry":{"type":"Point","coordinates":[-75.039,-51.698]},"properties":{"mag":4.8,"lugar":"175 km W of Puerto Natales, Chile","tiempo":1776220707579,"prof":47.6,"url":"https://earthquake.usgs.gov/earthquakes/eventpage/us6000sq4t"}},
{"type":"Feature","id":"us6000sq5q","geometry":{"type":"Point","coordinates":[-72.141,-31.865]},"properties":{"mag":4.2,"lugar":"95 km WSW of Illapel, Chile","tiempo":1776232683657,"prof":19.4,"url":"https://earthquake.usgs.gov/earthquakes/eventpage/us6000sq5q"}},
{"type":"Feature","id":"us6000ssdu","geometry":{"type":"Point","coordinates":[-74.344,-40.94]},"properties":{"mag":4.3,"lugar":"99 km W of Purranque, Chile","tiempo":1776242802693,"prof":23.0,"url":"https://earthquake.usgs.gov/earthquakes/eventpage/us6000ssdu"}},
{"type":"Feature","id":"us6000sqid","geometry":{"type":"Point","coordinates":[-67.189,-24.183]},"properties":{"mag":4.6,"lugar":"88 km W of San Antonio de los Cobres, Argentina","tiempo":1776329479275,"prof":163.4,"url":"https://earthquake.usgs.gov/earthquakes/eventpage/us6000sqid"}},
{"type":"Feature","id":"us6000sqjl","geometry":{"type":"Point","coordinates":[-72.171,-31.829]},"properties":{"mag":4,"lugar":"97 km WSW of Illapel, Chile","tiempo":1776351291719,"prof":10,"url":"https://earthquake.usgs.gov/earthquakes/eventpage/us6000sqjl"}},
{"type":"Feature","id":"us6000sqk6","geometry":{"type":"Point","coordinates":[-75.894,-45.772]},"properties":{"mag":5.2,"lugar":"242 km W of Puerto Chacabuco, Chile","tiempo":1776358314640,"prof":10,"url":"https://earthquake.usgs.gov/earthquakes/eventpage/us6000sqk6"}},
{"type":"Feature","id":"us6000sqpv","geometry":{"type":"Point","coordinates":[-66.802,-31.544]},"properties":{"mag":4.5,"lugar":"108 km WNW of Candelaria, Argentina","tiempo":1776393514244,"prof":122.6,"url":"https://earthquake.usgs.gov/earthquakes/eventpage/us6000sqpv"}},
{"type":"Feature","id":"us6000sqq2","geometry":{"type":"Point","coordinates":[-71.304,-18.403]},"properties":{"mag":4.1,"lugar":"83 km S of Pacocha, Peru","tiempo":1776398067912,"prof":30.9,"url":"https://earthquake.usgs.gov/earthquakes/eventpage/us6000sqq2"}},
{"type":"Feature","id":"us6000sqqg","geometry":{"type":"Point","coordinates":[-69.316,-31.447]},"properties":{"mag":4.8,"lugar":"16 km SE of Calingasta, Argentina","tiempo":1776406788509,"prof":120.4,"url":"https://earthquake.usgs.gov/earthquakes/eventpage/us6000sqqg"}},
{"type":"Feature","id":"us6000sqrh","geometry":{"type":"Point","coordinates":[-67.07,-24.144]},"properties":{"mag":4.3,"lugar":"76 km W of San Antonio de los Cobres, Argentina","tiempo":1776423846835,"prof":210.5,"url":"https://earthquake.usgs.gov/earthquakes/eventpage/us6000sqrh"}},
{"type":"Feature","id":"us6000sqyu","geometry":{"type":"Point","coordinates":[-68.745,-20.413]},"properties":{"mag":4.3,"lugar":"95 km E of La Tirana, Chile","tiempo":1776460071501,"prof":97.9,"url":"https://earthquake.usgs.gov/earthquakes/eventpage/us6000sqyu"}},
{"type":"Feature","id":"us6000sqzj","geometry":{"type":"Point","coordinates":[-68.21,-24.915]},"properties":{"mag":4.1,"lugar":"150 km NNW of Antofagasta de la Sierra, Argentina","tiempo":1776467705069,"prof":126.3,"url":"https://earthquake.usgs.gov/earthquakes/eventpage/us6000sqzj"}},
{"type":"Feature","id":"us6000sr12","geometry":{"type":"Point","coordinates":[-68.259,-20.959]},"properties":{"mag":4.5,"lugar":"29 km N of Ollagüe, Chile","tiempo":1776478088346,"prof":121.2,"url":"https://earthquake.usgs.gov/earthquakes/eventpage/us6000sr12"}},
{"type":"Feature","id":"us6000sr8a","geometry":{"type":"Point","coordinates":[-70.169,-33.491]},"properties":{"mag":4.2,"lugar":"38 km E of Villa Presidente Frei, Chile","tiempo":1776564548506,"prof":109.8,"url":"https://earthquake.usgs.gov/earthquakes/eventpage/us6000sr8a"}},
{"type":"Feature","id":"us6000srel","geometry":{"type":"Point","coordinates":[-69.796,-17.969]},"properties":{"mag":4.4,"lugar":"27 km SE of Palca, Peru","tiempo":1776622800574,"prof":133.7,"url":"https://earthquake.usgs.gov/earthquakes/eventpage/us6000srel"}},
{"type":"Feature","id":"us6000srxi","geometry":{"type":"Point","coordinates":[-70.995,-20.306]},"properties":{"mag":4.3,"lugar":"88 km W of Puerto, Chile","tiempo":1776808831003,"prof":12.3,"url":"https://earthquake.usgs.gov/earthquakes/eventpage/us6000srxi"}},
{"type":"Feature","id":"us7000sha7","geometry":{"type":"Point","coordinates":[-67.412,-22.249]},"properties":{"mag":4.3,"lugar":"109 km NE of San Pedro de Atacama, Chile","tiempo":1776954942280,"prof":183.2,"url":"https://earthquake.usgs.gov/earthquakes/eventpage/us7000sha7"}},
{"type":"Feature","id":"us6000ssh6","geometry":{"type":"Point","coordinates":[-70.92,-33.611]},"properties":{"mag":3.1,"lugar":"4 km W of Peñaflor, Chile","tiempo":1776998750954,"prof":66.6,"url":"https://earthquake.usgs.gov/earthquakes/eventpage/us6000ssh6"}},
{"type":"Feature","id":"us6000ssh9","geometry":{"type":"Point","coordinates":[-68.937,-19.788]},"properties":{"mag":4.2,"lugar":"64 km SSW of Colchane, Chile","tiempo":1776998900285,"prof":108.9,"url":"https://earthquake.usgs.gov/earthquakes/eventpage/us6000ssh9"}},
{"type":"Feature","id":"us6000ssjg","geometry":{"type":"Point","coordinates":[-70.867,-27.892]},"properties":{"mag":4.7,"lugar":"76 km N of Vallenar, Chile","tiempo":1777038581719,"prof":57.0,"url":"https://earthquake.usgs.gov/earthquakes/eventpage/us6000ssjg"}},
{"type":"Feature","id":"us6000ssr1","geometry":{"type":"Point","coordinates":[-66.571,-27.886]},"properties":{"mag":4.5,"lugar":"42 km SW of Andalgalá, Argentina","tiempo":1777085789095,"prof":157.1,"url":"https://earthquake.usgs.gov/earthquakes/eventpage/us6000ssr1"}},
{"type":"Feature","id":"us6000sszi","geometry":{"type":"Point","coordinates":[-66.064,-22.077]},"properties":{"mag":4.3,"lugar":"48 km W of Villazón, Bolivia","tiempo":1777199775864,"prof":264.7,"url":"https://earthquake.usgs.gov/earthquakes/eventpage/us6000sszi"}},
{"type":"Feature","id":"us6000st1i","geometry":{"type":"Point","coordinates":[-71.399,-28.777]},"properties":{"mag":4.1,"lugar":"66 km WSW of Vallenar, Chile","tiempo":1777234086028,"prof":35,"url":"https://earthquake.usgs.gov/earthquakes/eventpage/us6000st1i"}},
{"type":"Feature","id":"us6000st3h","geometry":{"type":"Point","coordinates":[-70.976,-25.653]},"properties":{"mag":4.3,"lugar":"56 km WSW of Taltal, Chile","tiempo":1777270184239,"prof":25.4,"url":"https://earthquake.usgs.gov/earthquakes/eventpage/us6000st3h"}},
{"type":"Feature","id":"us6000st4g","geometry":{"type":"Point","coordinates":[-69.161,-21.139]},"properties":{"mag":4.3,"lugar":"94 km W of Ollagüe, Chile","tiempo":1777289860930,"prof":108.5,"url":"https://earthquake.usgs.gov/earthquakes/eventpage/us6000st4g"}},
{"type":"Feature","id":"us7000sgmn","geometry":{"type":"Point","coordinates":[-72.168,-33.98]},"properties":{"mag":4.2,"lugar":"67 km SW of San Antonio, Chile","tiempo":1777370660251,"prof":21.7,"url":"https://earthquake.usgs.gov/earthquakes/eventpage/us7000sgmn"}},
{"type":"Feature","id":"us7000sgmp","geometry":{"type":"Point","coordinates":[-72.161,-34.019]},"properties":{"mag":4.1,"lugar":"69 km SW of San Antonio, Chile","tiempo":1777370782640,"prof":22,"url":"https://earthquake.usgs.gov/earthquakes/eventpage/us7000sgmp"}},
{"type":"Feature","id":"us7000sgn7","geometry":{"type":"Point","coordinates":[-72.212,-33.969]},"properties":{"mag":4,"lugar":"69 km SW of San Antonio, Chile","tiempo":1777380885829,"prof":24.4,"url":"https://earthquake.usgs.gov/earthquakes/eventpage/us7000sgn7"}},
{"type":"Feature","id":"us7000sgnz","geometry":{"type":"Point","coordinates":[-72.253,-33.944]},"properties":{"mag":4.4,"lugar":"71 km WSW of San Antonio, Chile","tiempo":1777388123656,"prof":24.0,"url":"https://earthquake.usgs.gov/earthquakes/eventpage/us7000sgnz"}},
{"type":"Feature","id":"us7000sgtm","geometry":{"type":"Point","coordinates":[-71.758,-29.236]},"properties":{"mag":4.1,"lugar":"88 km NNW of La Serena, Chile","tiempo":1777419336499,"prof":27.5,"url":"https://earthquake.usgs.gov/earthquakes/eventpage/us7000sgtm"}},
{"type":"Feature","id":"us7000sguk","geometry":{"type":"Point","coordinates":[-71.195,-19.931]},"properties":{"mag":3.8,"lugar":"113 km WNW of Puerto, Chile","tiempo":1777429364183,"prof":10,"url":"https://earthquake.usgs.gov/earthquakes/eventpage/us7000sguk"}},
{"type":"Feature","id":"us7000sgwj","geometry":{"type":"Point","coordinates":[-71.112,-19.965]},"properties":{"mag":4.7,"lugar":"103 km WNW of Puerto, Chile","tiempo":1777452141419,"prof":10,"url":"https://earthquake.usgs.gov/earthquakes/eventpage/us7000sgwj"}},
{"type":"Feature","id":"us7000sh8s","geometry":{"type":"Point","coordinates":[-66.509,-21.666]},"properties":{"mag":4.2,"lugar":"85 km WSW of Tupiza, Bolivia","tiempo":1777556531245,"prof":250.9,"url":"https://earthquake.usgs.gov/earthquakes/eventpage/us7000sh8s"}},
{"type":"Feature","id":"us7000shhc","geometry":{"type":"Point","coordinates":[-68.616,-21.409]},"properties":{"mag":4.1,"lugar":"42 km WSW of Ollagüe, Chile","tiempo":1777609933849,"prof":138.3,"url":"https://earthquake.usgs.gov/earthquakes/eventpage/us7000shhc"}},
{"type":"Feature","id":"us7000shpb","geometry":{"type":"Point","coordinates":[-67.226,-24.358]},"properties":{"mag":4.4,"lugar":"93 km W of San Antonio de los Cobres, Argentina","tiempo":1777694220513,"prof":173.5,"url":"https://earthquake.usgs.gov/earthquakes/eventpage/us7000shpb"}},
{"type":"Feature","id":"us7000shps","geometry":{"type":"Point","coordinates":[-66.465,-30.072]},"properties":{"mag":4.2,"lugar":"35 km NNW of Chamical, Argentina","tiempo":1777698298592,"prof":27.1,"url":"https://earthquake.usgs.gov/earthquakes/eventpage/us7000shps"}},
{"type":"Feature","id":"us7000shqp","geometry":{"type":"Point","coordinates":[-68.689,-21.738]},"properties":{"mag":4.6,"lugar":"72 km SW of Ollagüe, Chile","tiempo":1777702963265,"prof":114.8,"url":"https://earthquake.usgs.gov/earthquakes/eventpage/us7000shqp"}},
{"type":"Feature","id":"us7000shxa","geometry":{"type":"Point","coordinates":[-72.097,-31.686]},"properties":{"mag":4.4,"lugar":"88 km W of Illapel, Chile","tiempo":1777790291164,"prof":11.8,"url":"https://earthquake.usgs.gov/earthquakes/eventpage/us7000shxa"}},
{"type":"Feature","id":"us7000si3t","geometry":{"type":"Point","coordinates":[-71.288,-26.999]},"properties":{"mag":4.7,"lugar":"103 km WNW of Copiapó, Chile","tiempo":1777882921592,"prof":17.4,"url":"https://earthquake.usgs.gov/earthquakes/eventpage/us7000si3t"}},
{"type":"Feature","id":"us7000si40","geometry":{"type":"Point","coordinates":[-68.027,-29.472]},"properties":{"mag":4.6,"lugar":"61 km WSW of Chilecito, Argentina","tiempo":1777885580389,"prof":10,"url":"https://earthquake.usgs.gov/earthquakes/eventpage/us7000si40"}},
{"type":"Feature","id":"us7000si88","geometry":{"type":"Point","coordinates":[-71.022,-27.062]},"properties":{"mag":4,"lugar":"76 km WNW of Copiapó, Chile","tiempo":1777923929183,"prof":30.4,"url":"https://earthquake.usgs.gov/earthquakes/eventpage/us7000si88"}},
{"type":"Feature","id":"us7000si9v","geometry":{"type":"Point","coordinates":[-67.104,-21.706]},"properties":{"mag":4.4,"lugar":"125 km SW of Atocha, Bolivia","tiempo":1777939691341,"prof":248.1,"url":"https://earthquake.usgs.gov/earthquakes/eventpage/us7000si9v"}},
{"type":"Feature","id":"us7000siew","geometry":{"type":"Point","coordinates":[-69.179,-18.455]},"properties":{"mag":4.2,"lugar":"98 km NNE of Camiña, Chile","tiempo":1777987454310,"prof":124.5,"url":"https://earthquake.usgs.gov/earthquakes/eventpage/us7000siew"}},
{"type":"Feature","id":"us6000svkt","geometry":{"type":"Point","coordinates":[-72.072,-30.171]},"properties":{"mag":4.6,"lugar":"74 km WSW of Coquimbo, Chile","tiempo":1778055571412,"prof":10,"url":"https://earthquake.usgs.gov/earthquakes/eventpage/us6000svkt"}},
{"type":"Feature","id":"us6000svmp","geometry":{"type":"Point","coordinates":[-69.539,-31.557]},"properties":{"mag":4.2,"lugar":"27 km SSW of Calingasta, Argentina","tiempo":1778066159175,"prof":124.2,"url":"https://earthquake.usgs.gov/earthquakes/eventpage/us6000svmp"}},
{"type":"Feature","id":"us6000svmt","geometry":{"type":"Point","coordinates":[-69.401,-19.367]},"properties":{"mag":4.3,"lugar":"6 km SSE of Camiña, Chile","tiempo":1778066751808,"prof":108.3,"url":"https://earthquake.usgs.gov/earthquakes/eventpage/us6000svmt"}},
{"type":"Feature","id":"us6000svmu","geometry":{"type":"Point","coordinates":[-72.16,-30.171]},"properties":{"mag":4.7,"lugar":"82 km WSW of Coquimbo, Chile","tiempo":1778067104078,"prof":10,"url":"https://earthquake.usgs.gov/earthquakes/eventpage/us6000svmu"}},
{"type":"Feature","id":"us6000svti","geometry":{"type":"Point","coordinates":[-68.925,-21.168]},"properties":{"mag":4.3,"lugar":"70 km W of Ollagüe, Chile","tiempo":1778108541867,"prof":116.9,"url":"https://earthquake.usgs.gov/earthquakes/eventpage/us6000svti"}},
{"type":"Feature","id":"us6000svwx","geometry":{"type":"Point","coordinates":[-66.828,-24.017]},"properties":{"mag":4.3,"lugar":"56 km WNW of San Antonio de los Cobres, Argentina","tiempo":1778158258723,"prof":191.6,"url":"https://earthquake.usgs.gov/earthquakes/eventpage/us6000svwx"}},
{"type":"Feature","id":"us6000svx6","geometry":{"type":"Point","coordinates":[-67.311,-24.287]},"properties":{"mag":4,"lugar":"101 km W of San Antonio de los Cobres, Argentina","tiempo":1778161554915,"prof":196.0,"url":"https://earthquake.usgs.gov/earthquakes/eventpage/us6000svx6"}},
{"type":"Feature","id":"us6000sw3f","geometry":{"type":"Point","coordinates":[-66.498,-23.753]},"properties":{"mag":4.8,"lugar":"54 km NNW of San Antonio de los Cobres, Argentina","tiempo":1778203758066,"prof":198.2,"url":"https://earthquake.usgs.gov/earthquakes/eventpage/us6000sw3f"}},
{"type":"Feature","id":"us6000swbt","geometry":{"type":"Point","coordinates":[-74.499,-36.022]},"properties":{"mag":4.4,"lugar":"146 km WNW of Talcahuano, Chile","tiempo":1778270692258,"prof":10,"url":"https://earthquake.usgs.gov/earthquakes/eventpage/us6000swbt"}},
{"type":"Feature","id":"us6000swce","geometry":{"type":"Point","coordinates":[-70.447,-22.723]},"properties":{"mag":4.4,"lugar":"41 km N of Mejillones, Chile","tiempo":1778275174903,"prof":38.7,"url":"https://earthquake.usgs.gov/earthquakes/eventpage/us6000swce"}},
{"type":"Feature","id":"us6000swva","geometry":{"type":"Point","coordinates":[-69.87,-19.798]},"properties":{"mag":4.1,"lugar":"24 km NNW of Huara, Chile","tiempo":1778308152866,"prof":75.4,"url":"https://earthquake.usgs.gov/earthquakes/eventpage/us6000swva"}},
{"type":"Feature","id":"us6000swk0","geometry":{"type":"Point","coordinates":[-73.184,-37.738]},"properties":{"mag":5.5,"lugar":"19 km ENE of Cañete, Chile","tiempo":1778380447091,"prof":35,"url":"https://earthquake.usgs.gov/earthquakes/eventpage/us6000swk0"}},
{"type":"Feature","id":"us6000swni","geometry":{"type":"Point","coordinates":[-73.276,-37.725]},"properties":{"mag":4.2,"lugar":"13 km NE of Cañete, Chile","tiempo":1778400237282,"prof":28.1,"url":"https://earthquake.usgs.gov/earthquakes/eventpage/us6000swni"}},
{"type":"Feature","id":"us6000swq2","geometry":{"type":"Point","coordinates":[-67.096,-24.004]},"properties":{"mag":4.2,"lugar":"82 km WNW of San Antonio de los Cobres, Argentina","tiempo":1778414365231,"prof":214.0,"url":"https://earthquake.usgs.gov/earthquakes/eventpage/us6000swq2"}},
{"type":"Feature","id":"us6000swsy","geometry":{"type":"Point","coordinates":[-71.133,-19.976]},"properties":{"mag":4,"lugar":"105 km WNW of Puerto, Chile","tiempo":1778450102630,"prof":10,"url":"https://earthquake.usgs.gov/earthquakes/eventpage/us6000swsy"}},
{"type":"Feature","id":"us6000swuu","geometry":{"type":"Point","coordinates":[-68.628,-23.06]},"properties":{"mag":4.6,"lugar":"46 km WSW of San Pedro de Atacama, Chile","tiempo":1778477752101,"prof":113.6,"url":"https://earthquake.usgs.gov/earthquakes/eventpage/us6000swuu"}},
{"type":"Feature","id":"us6000swyj","geometry":{"type":"Point","coordinates":[-70.487,-31.702]},"properties":{"mag":4.4,"lugar":"46 km E of Salamanca, Chile","tiempo":1778519683805,"prof":3.1,"url":"https://earthquake.usgs.gov/earthquakes/eventpage/us6000swyj"}},
{"type":"Feature","id":"us6000sx1u","geometry":{"type":"Point","coordinates":[-71.377,-25.617]},"properties":{"mag":4.4,"lugar":"92 km WSW of Taltal, Chile","tiempo":1778541395534,"prof":10,"url":"https://earthquake.usgs.gov/earthquakes/eventpage/us6000sx1u"}},
{"type":"Feature","id":"us6000sx4c","geometry":{"type":"Point","coordinates":[-68.674,-23.117]},"properties":{"mag":4.3,"lugar":"53 km WSW of San Pedro de Atacama, Chile","tiempo":1778582406796,"prof":112.5,"url":"https://earthquake.usgs.gov/earthquakes/eventpage/us6000sx4c"}},
{"type":"Feature","id":"us6000sx4x","geometry":{"type":"Point","coordinates":[-67.134,-31.644]},"properties":{"mag":4.1,"lugar":"108 km E of Caucete, Argentina","tiempo":1778590214250,"prof":144.2,"url":"https://earthquake.usgs.gov/earthquakes/eventpage/us6000sx4x"}},
{"type":"Feature","id":"us6000sxe8","geometry":{"type":"Point","coordinates":[-69.718,-29.276]},"properties":{"mag":4.5,"lugar":"127 km SE of Vallenar, Chile","tiempo":1778667522795,"prof":112.4,"url":"https://earthquake.usgs.gov/earthquakes/eventpage/us6000sxe8"}},
{"type":"Feature","id":"us6000sxfd","geometry":{"type":"Point","coordinates":[-68.851,-20.351]},"properties":{"mag":4.2,"lugar":"84 km E of La Tirana, Chile","tiempo":1778680523452,"prof":110.2,"url":"https://earthquake.usgs.gov/earthquakes/eventpage/us6000sxfd"}},
{"type":"Feature","id":"us6000sxkm","geometry":{"type":"Point","coordinates":[-66.96,-24.233]},"properties":{"mag":4.6,"lugar":"65 km W of San Antonio de los Cobres, Argentina","tiempo":1778726798231,"prof":178.3,"url":"https://earthquake.usgs.gov/earthquakes/eventpage/us6000sxkm"}},
{"type":"Feature","id":"us6000sxt8","geometry":{"type":"Point","coordinates":[-71.079,-20.095]},"properties":{"mag":4.2,"lugar":"97 km W of Puerto, Chile","tiempo":1778796387164,"prof":10,"url":"https://earthquake.usgs.gov/earthquakes/eventpage/us6000sxt8"}},
{"type":"Feature","id":"us6000sxz1","geometry":{"type":"Point","coordinates":[-70.041,-17.685]},"properties":{"mag":4.9,"lugar":"13 km NW of Palca, Peru","tiempo":1778859918684,"prof":133.0,"url":"https://earthquake.usgs.gov/earthquakes/eventpage/us6000sxz1"}},
{"type":"Feature","id":"us6000sy4q","geometry":{"type":"Point","coordinates":[-66.957,-21.431]},"properties":{"mag":4.3,"lugar":"94 km SW of Atocha, Bolivia","tiempo":1778891759030,"prof":234.1,"url":"https://earthquake.usgs.gov/earthquakes/eventpage/us6000sy4q"}},
{"type":"Feature","id":"us6000sy50","geometry":{"type":"Point","coordinates":[-68.404,-21.839]},"properties":{"mag":4.7,"lugar":"69 km SSW of Ollagüe, Chile","tiempo":1778896783644,"prof":127.5,"url":"https://earthquake.usgs.gov/earthquakes/eventpage/us6000sy50"}},
{"type":"Feature","id":"us6000sy54","geometry":{"type":"Point","coordinates":[-67.138,-24.154]},"properties":{"mag":4,"lugar":"83 km W of San Antonio de los Cobres, Argentina","tiempo":1778900629519,"prof":205.3,"url":"https://earthquake.usgs.gov/earthquakes/eventpage/us6000sy54"}},
{"type":"Feature","id":"us6000sy5u","geometry":{"type":"Point","coordinates":[-66.874,-24.135]},"properties":{"mag":4.3,"lugar":"57 km W of San Antonio de los Cobres, Argentina","tiempo":1778914175493,"prof":190.0,"url":"https://earthquake.usgs.gov/earthquakes/eventpage/us6000sy5u"}},
{"type":"Feature","id":"us6000sy5y","geometry":{"type":"Point","coordinates":[-66.778,-17.74]},"properties":{"mag":4.3,"lugar":"47 km S of Colchani, Bolivia","tiempo":1778915999590,"prof":316.1,"url":"https://earthquake.usgs.gov/earthquakes/eventpage/us6000sy5y"}},
{"type":"Feature","id":"us6000sy6v","geometry":{"type":"Point","coordinates":[-67.399,-24.214]},"properties":{"mag":4.2,"lugar":"109 km W of San Antonio de los Cobres, Argentina","tiempo":1778928594288,"prof":187.0,"url":"https://earthquake.usgs.gov/earthquakes/eventpage/us6000sy6v"}},
{"type":"Feature","id":"us6000sy6x","geometry":{"type":"Point","coordinates":[-66.249,-22.897]},"properties":{"mag":4.7,"lugar":"59 km WSW of Abra Pampa, Argentina","tiempo":1778929187163,"prof":242.8,"url":"https://earthquake.usgs.gov/earthquakes/eventpage/us6000sy6x"}},
{"type":"Feature","id":"us6000sy9c","geometry":{"type":"Point","coordinates":[-70.284,-22.525]},"properties":{"mag":4.4,"lugar":"48 km S of Tocopilla, Chile","tiempo":1778954340096,"prof":39.2,"url":"https://earthquake.usgs.gov/earthquakes/eventpage/us6000sy9c"}},
{"type":"Feature","id":"us6000syb1","geometry":{"type":"Point","coordinates":[-67.824,-23.686]},"properties":{"mag":4.4,"lugar":"94 km SSE of San Pedro de Atacama, Chile","tiempo":1778981733223,"prof":144.3,"url":"https://earthquake.usgs.gov/earthquakes/eventpage/us6000syb1"}},
{"type":"Feature","id":"us6000syb7","geometry":{"type":"Point","coordinates":[-71.508,-31.672]},"properties":{"mag":4.2,"lugar":"32 km W of Illapel, Chile","tiempo":1778985701089,"prof":47.2,"url":"https://earthquake.usgs.gov/earthquakes/eventpage/us6000syb7"}},
{"type":"Feature","id":"us6000syd0","geometry":{"type":"Point","coordinates":[-68.585,-21.156]},"properties":{"mag":4.2,"lugar":"35 km WNW of Ollagüe, Chile","tiempo":1779010618342,"prof":136.4,"url":"https://earthquake.usgs.gov/earthquakes/eventpage/us6000syd0"}},
{"type":"Feature","id":"us6000sydk","geometry":{"type":"Point","coordinates":[-66.679,-23.357]},"properties":{"mag":4.5,"lugar":"102 km NNW of San Antonio de los Cobres, Argentina","tiempo":1779024505625,"prof":200.9,"url":"https://earthquake.usgs.gov/earthquakes/eventpage/us6000sydk"}},
{"type":"Feature","id":"us6000sye2","geometry":{"type":"Point","coordinates":[-69.453,-19.464]},"properties":{"mag":4.1,"lugar":"16 km S of Camiña, Chile","tiempo":1779034236513,"prof":101.5,"url":"https://earthquake.usgs.gov/earthquakes/eventpage/us6000sye2"}},
{"type":"Feature","id":"us6000syfr","geometry":{"type":"Point","coordinates":[-66.244,-22.484]},"properties":{"mag":4.5,"lugar":"62 km WNW of Abra Pampa, Argentina","tiempo":1779061110777,"prof":255.6,"url":"https://earthquake.usgs.gov/earthquakes/eventpage/us6000syfr"}},
{"type":"Feature","id":"us6000syhg","geometry":{"type":"Point","coordinates":[-70.205,-20.463]},"properties":{"mag":4.7,"lugar":"21 km SSW of La Tirana, Chile","tiempo":1779094086299,"prof":86.5,"url":"https://earthquake.usgs.gov/earthquakes/eventpage/us6000syhg"}},
{"type":"Feature","id":"us6000sypp","geometry":{"type":"Point","coordinates":[-74.244,-37.583]},"properties":{"mag":4.1,"lugar":"52 km W of Lebu, Chile","tiempo":1779175892398,"prof":19.2,"url":"https://earthquake.usgs.gov/earthquakes/eventpage/us6000sypp"}},
{"type":"Feature","id":"us6000syuh","geometry":{"type":"Point","coordinates":[-69.953,-28.529]},"properties":{"mag":4.1,"lugar":"79 km E of Vallenar, Chile","tiempo":1779226199252,"prof":108.4,"url":"https://earthquake.usgs.gov/earthquakes/eventpage/us6000syuh"}},
{"type":"Feature","id":"us6000syvz","geometry":{"type":"Point","coordinates":[-66.109,-28.275]},"properties":{"mag":4.5,"lugar":"6 km NNE of Mutquín, Argentina","tiempo":1779244446114,"prof":10,"url":"https://earthquake.usgs.gov/earthquakes/eventpage/us6000syvz"}},
{"type":"Feature","id":"us6000szbu","geometry":{"type":"Point","coordinates":[-68.897,-21.387]},"properties":{"mag":4.4,"lugar":"69 km WSW of Ollagüe, Chile","tiempo":1779389062554,"prof":118.3,"url":"https://earthquake.usgs.gov/earthquakes/eventpage/us6000szbu"}},
{"type":"Feature","id":"us6000szek","geometry":{"type":"Point","coordinates":[-67.525,-22.619]},"properties":{"mag":4.3,"lugar":"76 km ENE of San Pedro de Atacama, Chile","tiempo":1779419712816,"prof":165.5,"url":"https://earthquake.usgs.gov/earthquakes/eventpage/us6000szek"}},
{"type":"Feature","id":"us6000szm4","geometry":{"type":"Point","coordinates":[-66.533,-23.019]},"properties":{"mag":4.2,"lugar":"90 km WNW of El Aguilar, Argentina","tiempo":1779500539765,"prof":249.3,"url":"https://earthquake.usgs.gov/earthquakes/eventpage/us6000szm4"}},
{"type":"Feature","id":"us6000szmm","geometry":{"type":"Point","coordinates":[-70.832,-27.336]},"properties":{"mag":4.2,"lugar":"49 km W of Copiapó, Chile","tiempo":1779511990547,"prof":35.8,"url":"https://earthquake.usgs.gov/earthquakes/eventpage/us6000szmm"}},
{"type":"Feature","id":"us6000sztk","geometry":{"type":"Point","coordinates":[-68.755,-22.675]},"properties":{"mag":4.3,"lugar":"29 km SE of Calama, Chile","tiempo":1779574551786,"prof":107.6,"url":"https://earthquake.usgs.gov/earthquakes/eventpage/us6000sztk"}},
{"type":"Feature","id":"us6000szvg","geometry":{"type":"Point","coordinates":[-74.05,-39.599]},"properties":{"mag":4.1,"lugar":"61 km WNW of Corral, Chile","tiempo":1779596096282,"prof":25.3,"url":"https://earthquake.usgs.gov/earthquakes/eventpage/us6000szvg"}},
{"type":"Feature","id":"us6000szzc","geometry":{"type":"Point","coordinates":[-71.758,-30.633]},"properties":{"mag":4.1,"lugar":"53 km W of Ovalle, Chile","tiempo":1779665117405,"prof":27.8,"url":"https://earthquake.usgs.gov/earthquakes/eventpage/us6000szzc"}},
{"type":"Feature","id":"us6000t00s","geometry":{"type":"Point","coordinates":[-69.992,-21.427]},"properties":{"mag":4.1,"lugar":"76 km NNE of Tocopilla, Chile","tiempo":1779693160984,"prof":33.1,"url":"https://earthquake.usgs.gov/earthquakes/eventpage/us6000t00s"}},
{"type":"Feature","id":"us6000t01i","geometry":{"type":"Point","coordinates":[-69.211,-20.684]},"properties":{"mag":4.2,"lugar":"60 km SE of La Tirana, Chile","tiempo":1779707756396,"prof":110.3,"url":"https://earthquake.usgs.gov/earthquakes/eventpage/us6000t01i"}},
{"type":"Feature","id":"us6000t04s","geometry":{"type":"Point","coordinates":[-68.601,-22.367]},"properties":{"mag":6.9,"lugar":"34 km ENE of Calama, Chile","tiempo":1779745940140,"prof":109,"url":"https://earthquake.usgs.gov/earthquakes/eventpage/us6000t04s"}},
{"type":"Feature","id":"us6000t04w","geometry":{"type":"Point","coordinates":[-68.823,-22.472]},"properties":{"mag":4.7,"lugar":"10 km E of Calama, Chile","tiempo":1779746602711,"prof":114.8,"url":"https://earthquake.usgs.gov/earthquakes/eventpage/us6000t04w"}},
{"type":"Feature","id":"us6000t04v","geometry":{"type":"Point","coordinates":[-68.712,-22.246]},"properties":{"mag":4.2,"lugar":"31 km NE of Calama, Chile","tiempo":1779746925276,"prof":112.1,"url":"https://earthquake.usgs.gov/earthquakes/eventpage/us6000t04v"}},
{"type":"Feature","id":"us6000t04x","geometry":{"type":"Point","coordinates":[-68.826,-22.413]},"properties":{"mag":4.4,"lugar":"11 km ENE of Calama, Chile","tiempo":1779747101223,"prof":120.1,"url":"https://earthquake.usgs.gov/earthquakes/eventpage/us6000t04x"}},
{"type":"Feature","id":"us6000t058","geometry":{"type":"Point","coordinates":[-68.691,-22.265]},"properties":{"mag":4.3,"lugar":"32 km NE of Calama, Chile","tiempo":1779752426826,"prof":115.2,"url":"https://earthquake.usgs.gov/earthquakes/eventpage/us6000t058"}},
{"type":"Feature","id":"us6000t05h","geometry":{"type":"Point","coordinates":[-68.779,-22.324]},"properties":{"mag":4.2,"lugar":"20 km NE of Calama, Chile","tiempo":1779754857974,"prof":116.6,"url":"https://earthquake.usgs.gov/earthquakes/eventpage/us6000t05h"}},
{"type":"Feature","id":"us6000t05r","geometry":{"type":"Point","coordinates":[-68.88,-22.256]},"properties":{"mag":4.2,"lugar":"22 km NNE of Calama, Chile","tiempo":1779762360817,"prof":116.5,"url":"https://earthquake.usgs.gov/earthquakes/eventpage/us6000t05r"}},
{"type":"Feature","id":"us6000t05t","geometry":{"type":"Point","coordinates":[-68.856,-22.227]},"properties":{"mag":4.3,"lugar":"26 km NNE of Calama, Chile","tiempo":1779763620894,"prof":115.9,"url":"https://earthquake.usgs.gov/earthquakes/eventpage/us6000t05t"}},
{"type":"Feature","id":"us6000t05w","geometry":{"type":"Point","coordinates":[-68.713,-22.271]},"properties":{"mag":4.1,"lugar":"29 km NE of Calama, Chile","tiempo":1779765059917,"prof":116.0,"url":"https://earthquake.usgs.gov/earthquakes/eventpage/us6000t05w"}},
{"type":"Feature","id":"us7000snm2","geometry":{"type":"Point","coordinates":[-68.915,-22.366]},"properties":{"mag":4,"lugar":"10 km N of Calama, Chile","tiempo":1779811433265,"prof":113.9,"url":"https://earthquake.usgs.gov/earthquakes/eventpage/us7000snm2"}},
{"type":"Feature","id":"us7000snnm","geometry":{"type":"Point","coordinates":[-69.186,-19.969]},"properties":{"mag":4.6,"lugar":"61 km E of Huara, Chile","tiempo":1779813761695,"prof":108.4,"url":"https://earthquake.usgs.gov/earthquakes/eventpage/us7000snnm"}},
{"type":"Feature","id":"us7000snrd","geometry":{"type":"Point","coordinates":[-69.212,-23.308]},"properties":{"mag":4.7,"lugar":"98 km SSW of Calama, Chile","tiempo":1779842511678,"prof":97.3,"url":"https://earthquake.usgs.gov/earthquakes/eventpage/us7000snrd"}},
{"type":"Feature","id":"us7000snst","geometry":{"type":"Point","coordinates":[-71.871,-30.641]},"properties":{"mag":4.6,"lugar":"64 km W of Ovalle, Chile","tiempo":1779855443308,"prof":24.0,"url":"https://earthquake.usgs.gov/earthquakes/eventpage/us7000snst"}},
{"type":"Feature","id":"us7000snt8","geometry":{"type":"Point","coordinates":[-68.755,-22.267]},"properties":{"mag":5.1,"lugar":"27 km NE of Calama, Chile","tiempo":1779859410612,"prof":102.7,"url":"https://earthquake.usgs.gov/earthquakes/eventpage/us7000snt8"}},
{"type":"Feature","id":"us7000snv3","geometry":{"type":"Point","coordinates":[-71.189,-17.823]},"properties":{"mag":4.4,"lugar":"23 km SSE of El Algarrobal, Peru","tiempo":1779880446544,"prof":60.5,"url":"https://earthquake.usgs.gov/earthquakes/eventpage/us7000snv3"}},
{"type":"Feature","id":"us7000snvc","geometry":{"type":"Point","coordinates":[-68.622,-21.267]},"properties":{"mag":4.4,"lugar":"38 km W of Ollagüe, Chile","tiempo":1779884618595,"prof":118.7,"url":"https://earthquake.usgs.gov/earthquakes/eventpage/us7000snvc"}},
{"type":"Feature","id":"us7000snwe","geometry":{"type":"Point","coordinates":[-67.125,-24.303]},"properties":{"mag":4.1,"lugar":"82 km W of San Antonio de los Cobres, Argentina","tiempo":1779898659424,"prof":159.4,"url":"https://earthquake.usgs.gov/earthquakes/eventpage/us7000snwe"}},
{"type":"Feature","id":"us7000snzj","geometry":{"type":"Point","coordinates":[-68.761,-22.472]},"properties":{"mag":4.1,"lugar":"16 km E of Calama, Chile","tiempo":1779930038346,"prof":110.5,"url":"https://earthquake.usgs.gov/earthquakes/eventpage/us7000snzj"}},
{"type":"Feature","id":"us7000sp03","geometry":{"type":"Point","coordinates":[-68.772,-33.255]},"properties":{"mag":4.4,"lugar":"34 km SW of San Martín, Argentina","tiempo":1779938150001,"prof":10,"url":"https://earthquake.usgs.gov/earthquakes/eventpage/us7000sp03"}},
{"type":"Feature","id":"us7000sp22","geometry":{"type":"Point","coordinates":[-70.187,-20.305]},"properties":{"mag":3.7,"lugar":"6 km WSW of La Tirana, Chile","tiempo":1779968147346,"prof":76.9,"url":"https://earthquake.usgs.gov/earthquakes/eventpage/us7000sp22"}},
{"type":"Feature","id":"us7000sp3w","geometry":{"type":"Point","coordinates":[-71.613,-30.778]},"properties":{"mag":4.3,"lugar":"44 km WSW of Ovalle, Chile","tiempo":1779982217654,"prof":24.4,"url":"https://earthquake.usgs.gov/earthquakes/eventpage/us7000sp3w"}},
{"type":"Feature","id":"us7000sp7m","geometry":{"type":"Point","coordinates":[-66.253,-22.617]},"properties":{"mag":4.4,"lugar":"58 km WNW of Abra Pampa, Argentina","tiempo":1780030550794,"prof":249.4,"url":"https://earthquake.usgs.gov/earthquakes/eventpage/us7000sp7m"}},
{"type":"Feature","id":"us7000sp7p","geometry":{"type":"Point","coordinates":[-71.337,-18.387]},"properties":{"mag":4.9,"lugar":"81 km S of Pacocha, Peru","tiempo":1780032763272,"prof":35,"url":"https://earthquake.usgs.gov/earthquakes/eventpage/us7000sp7p"}},
{"type":"Feature","id":"us7000spgl","geometry":{"type":"Point","coordinates":[-68.692,-22.031]},"properties":{"mag":4.2,"lugar":"52 km NNE of Calama, Chile","tiempo":1780105725001,"prof":111.7,"url":"https://earthquake.usgs.gov/earthquakes/eventpage/us7000spgl"}},
{"type":"Feature","id":"us7000sph0","geometry":{"type":"Point","coordinates":[-71.646,-18.102]},"properties":{"mag":4.4,"lugar":"59 km SSW of Pacocha, Peru","tiempo":1780114155409,"prof":35,"url":"https://earthquake.usgs.gov/earthquakes/eventpage/us7000sph0"}},
{"type":"Feature","id":"us7000spha","geometry":{"type":"Point","coordinates":[-70.024,-21.571]},"properties":{"mag":4.3,"lugar":"60 km NNE of Tocopilla, Chile","tiempo":1780120127982,"prof":49.1,"url":"https://earthquake.usgs.gov/earthquakes/eventpage/us7000spha"}},
{"type":"Feature","id":"us7000spmq","geometry":{"type":"Point","coordinates":[-69.388,-31.679]},"properties":{"mag":4.3,"lugar":"38 km S of Calingasta, Argentina","tiempo":1780213259500,"prof":108.9,"url":"https://earthquake.usgs.gov/earthquakes/eventpage/us7000spmq"}},
{"type":"Feature","id":"us7000spnj","geometry":{"type":"Point","coordinates":[-66.624,-21.349]},"properties":{"mag":4.5,"lugar":"62 km SW of Atocha, Bolivia","tiempo":1780231032074,"prof":222.8,"url":"https://earthquake.usgs.gov/earthquakes/eventpage/us7000spnj"}},
{"type":"Feature","id":"us7000sppj","geometry":{"type":"Point","coordinates":[-67.52,-21.794]},"properties":{"mag":4.3,"lugar":"98 km SE of Ollagüe, Chile","tiempo":1780249427553,"prof":196.6,"url":"https://earthquake.usgs.gov/earthquakes/eventpage/us7000sppj"}},
{"type":"Feature","id":"us7000spqc","geometry":{"type":"Point","coordinates":[-71.89,-32.829]},"properties":{"mag":6,"lugar":"33 km NW of Valparaíso, Chile","tiempo":1780263257953,"prof":25,"url":"https://earthquake.usgs.gov/earthquakes/eventpage/us7000spqc"}},
{"type":"Feature","id":"us7000spqg","geometry":{"type":"Point","coordinates":[-71.933,-32.692]},"properties":{"mag":4.9,"lugar":"47 km NW of Valparaíso, Chile","tiempo":1780264014460,"prof":10,"url":"https://earthquake.usgs.gov/earthquakes/eventpage/us7000spqg"}},
{"type":"Feature","id":"us7000spqh","geometry":{"type":"Point","coordinates":[-71.816,-32.793]},"properties":{"mag":4.8,"lugar":"32 km NNW of Valparaíso, Chile","tiempo":1780264331176,"prof":23.7,"url":"https://earthquake.usgs.gov/earthquakes/eventpage/us7000spqh"}},
{"type":"Feature","id":"us7000spql","geometry":{"type":"Point","coordinates":[-71.792,-32.745]},"properties":{"mag":4.3,"lugar":"35 km NNW of Valparaíso, Chile","tiempo":1780265398129,"prof":10,"url":"https://earthquake.usgs.gov/earthquakes/eventpage/us7000spql"}},
{"type":"Feature","id":"us7000spqp","geometry":{"type":"Point","coordinates":[-68.402,-31.231]},"properties":{"mag":4.3,"lugar":"23 km NNE of San Martín, Argentina","tiempo":1780265914405,"prof":114.5,"url":"https://earthquake.usgs.gov/earthquakes/eventpage/us7000spqp"}},
{"type":"Feature","id":"us7000sq0g","geometry":{"type":"Point","coordinates":[-70.906,-29.356]},"properties":{"mag":4.5,"lugar":"69 km NNE of La Serena, Chile","tiempo":1780380822439,"prof":71.4,"url":"https://earthquake.usgs.gov/earthquakes/eventpage/us7000sq0g"}},
{"type":"Feature","id":"us7000sq1d","geometry":{"type":"Point","coordinates":[-72.008,-31.809]},"properties":{"mag":4.2,"lugar":"81 km WSW of Illapel, Chile","tiempo":1780394025429,"prof":12.3,"url":"https://earthquake.usgs.gov/earthquakes/eventpage/us7000sq1d"}},
{"type":"Feature","id":"us7000sqa0","geometry":{"type":"Point","coordinates":[-68.464,-21.554]},"properties":{"mag":4.1,"lugar":"42 km SSW of Ollagüe, Chile","tiempo":1780495833318,"prof":135.0,"url":"https://earthquake.usgs.gov/earthquakes/eventpage/us7000sqa0"}},
{"type":"Feature","id":"us7000sqfa","geometry":{"type":"Point","coordinates":[-72.137,-33.842]},"properties":{"mag":4.1,"lugar":"56 km WSW of San Antonio, Chile","tiempo":1780526166803,"prof":25.5,"url":"https://earthquake.usgs.gov/earthquakes/eventpage/us7000sqfa"}},
{"type":"Feature","id":"us7000sqr2","geometry":{"type":"Point","coordinates":[-68.885,-20.646]},"properties":{"mag":4.1,"lugar":"87 km ESE of La Tirana, Chile","tiempo":1780610365232,"prof":97.2,"url":"https://earthquake.usgs.gov/earthquakes/eventpage/us7000sqr2"}},
{"type":"Feature","id":"us7000sqtb","geometry":{"type":"Point","coordinates":[-66.963,-31.844]},"properties":{"mag":5,"lugar":"103 km NNW of Villa General Roca, Argentina","tiempo":1780642488871,"prof":131.2,"url":"https://earthquake.usgs.gov/earthquakes/eventpage/us7000sqtb"}},
{"type":"Feature","id":"us7000sr2n","geometry":{"type":"Point","coordinates":[-67.338,-24.357]},"properties":{"mag":4.2,"lugar":"104 km W of San Antonio de los Cobres, Argentina","tiempo":1780732556284,"prof":172.8,"url":"https://earthquake.usgs.gov/earthquakes/eventpage/us7000sr2n"}},
{"type":"Feature","id":"us7000sr8k","geometry":{"type":"Point","coordinates":[-67.098,-24.21]},"properties":{"mag":4.6,"lugar":"79 km W of San Antonio de los Cobres, Argentina","tiempo":1780840637428,"prof":171.9,"url":"https://earthquake.usgs.gov/earthquakes/eventpage/us7000sr8k"}},
{"type":"Feature","id":"us7000sra0","geometry":{"type":"Point","coordinates":[-71.151,-25.934]},"properties":{"mag":4.3,"lugar":"88 km SW of Taltal, Chile","tiempo":1780861258758,"prof":25.4,"url":"https://earthquake.usgs.gov/earthquakes/eventpage/us7000sra0"}},
{"type":"Feature","id":"us7000srb0","geometry":{"type":"Point","coordinates":[-66.799,-24.116]},"properties":{"mag":4,"lugar":"50 km WNW of San Antonio de los Cobres, Argentina","tiempo":1780874897195,"prof":205.2,"url":"https://earthquake.usgs.gov/earthquakes/eventpage/us7000srb0"}},
{"type":"Feature","id":"us7000srea","geometry":{"type":"Point","coordinates":[-71.79,-32.254]},"properties":{"mag":4.2,"lugar":"57 km WNW of La Ligua, Chile","tiempo":1780899232835,"prof":26.7,"url":"https://earthquake.usgs.gov/earthquakes/eventpage/us7000srea"}},
{"type":"Feature","id":"us7000srna","geometry":{"type":"Point","coordinates":[-67.316,-24.26]},"properties":{"mag":4.1,"lugar":"101 km W of San Antonio de los Cobres, Argentina","tiempo":1780968643413,"prof":191.6,"url":"https://earthquake.usgs.gov/earthquakes/eventpage/us7000srna"}},
{"type":"Feature","id":"us7000srtz","geometry":{"type":"Point","coordinates":[-68.695,-21.92]},"properties":{"mag":4,"lugar":"63 km NNE of Calama, Chile","tiempo":1781023381713,"prof":127.9,"url":"https://earthquake.usgs.gov/earthquakes/eventpage/us7000srtz"}},
{"type":"Feature","id":"us7000srwj","geometry":{"type":"Point","coordinates":[-71.909,-32.808]},"properties":{"mag":4.2,"lugar":"36 km NW of Valparaíso, Chile","tiempo":1781039170033,"prof":35.2,"url":"https://earthquake.usgs.gov/earthquakes/eventpage/us7000srwj"}},
{"type":"Feature","id":"us7000srwm","geometry":{"type":"Point","coordinates":[-71.417,-30.687]},"properties":{"mag":4.5,"lugar":"22 km WSW of Ovalle, Chile","tiempo":1781040013089,"prof":48.5,"url":"https://earthquake.usgs.gov/earthquakes/eventpage/us7000srwm"}},
{"type":"Feature","id":"us7000ss4b","geometry":{"type":"Point","coordinates":[-66.875,-23.972]},"properties":{"mag":4.4,"lugar":"62 km WNW of San Antonio de los Cobres, Argentina","tiempo":1781125696717,"prof":195.7,"url":"https://earthquake.usgs.gov/earthquakes/eventpage/us7000ss4b"}},
{"type":"Feature","id":"us7000ss5y","geometry":{"type":"Point","coordinates":[-71.625,-27.837]},"properties":{"mag":5.2,"lugar":"118 km NW of Vallenar, Chile","tiempo":1781155184524,"prof":10.0,"url":"https://earthquake.usgs.gov/earthquakes/eventpage/us7000ss5y"}},
{"type":"Feature","id":"us7000ss61","geometry":{"type":"Point","coordinates":[-71.662,-27.837]},"properties":{"mag":4.3,"lugar":"120 km NW of Vallenar, Chile","tiempo":1781157946620,"prof":10,"url":"https://earthquake.usgs.gov/earthquakes/eventpage/us7000ss61"}},
{"type":"Feature","id":"us7000ss7w","geometry":{"type":"Point","coordinates":[-71.781,-27.729]},"properties":{"mag":4.1,"lugar":"137 km NW of Vallenar, Chile","tiempo":1781179321304,"prof":24.5,"url":"https://earthquake.usgs.gov/earthquakes/eventpage/us7000ss7w"}},
{"type":"Feature","id":"us7000ss7x","geometry":{"type":"Point","coordinates":[-71.644,-27.825]},"properties":{"mag":5.1,"lugar":"120 km NW of Vallenar, Chile","tiempo":1781179588993,"prof":10,"url":"https://earthquake.usgs.gov/earthquakes/eventpage/us7000ss7x"}},
{"type":"Feature","id":"us7000ss82","geometry":{"type":"Point","coordinates":[-71.67,-27.796]},"properties":{"mag":5.5,"lugar":"124 km NW of Vallenar, Chile","tiempo":1781180526893,"prof":9,"url":"https://earthquake.usgs.gov/earthquakes/eventpage/us7000ss82"}},
{"type":"Feature","id":"us7000ssai","geometry":{"type":"Point","coordinates":[-71.497,-27.838]},"properties":{"mag":4.4,"lugar":"109 km NW of Vallenar, Chile","tiempo":1781201275415,"prof":18.9,"url":"https://earthquake.usgs.gov/earthquakes/eventpage/us7000ssai"}},
{"type":"Feature","id":"us7000sseb","geometry":{"type":"Point","coordinates":[-69.335,-19.226]},"properties":{"mag":4.1,"lugar":"13 km NE of Camiña, Chile","tiempo":1781236245852,"prof":106.0,"url":"https://earthquake.usgs.gov/earthquakes/eventpage/us7000sseb"}},
{"type":"Feature","id":"us7000ssef","geometry":{"type":"Point","coordinates":[-71.46,-27.875]},"properties":{"mag":4.2,"lugar":"103 km NW of Vallenar, Chile","tiempo":1781238207416,"prof":18.2,"url":"https://earthquake.usgs.gov/earthquakes/eventpage/us7000ssef"}},
{"type":"Feature","id":"us7000ssir","geometry":{"type":"Point","coordinates":[-66.783,-23.061]},"properties":{"mag":4.9,"lugar":"114 km W of El Aguilar, Argentina","tiempo":1781286869188,"prof":201.6,"url":"https://earthquake.usgs.gov/earthquakes/eventpage/us7000ssir"}},
{"type":"Feature","id":"us7000ssnm","geometry":{"type":"Point","coordinates":[-70.648,-31.817]},"properties":{"mag":4.4,"lugar":"30 km E of Salamanca, Chile","tiempo":1781344591963,"prof":108.3,"url":"https://earthquake.usgs.gov/earthquakes/eventpage/us7000ssnm"}},
{"type":"Feature","id":"us7000ssnp","geometry":{"type":"Point","coordinates":[-69.35,-19.888]},"properties":{"mag":4.1,"lugar":"45 km ENE of Huara, Chile","tiempo":1781344691477,"prof":113.8,"url":"https://earthquake.usgs.gov/earthquakes/eventpage/us7000ssnp"}},
{"type":"Feature","id":"us7000ssp1","geometry":{"type":"Point","coordinates":[-71.457,-30.658]},"properties":{"mag":4.6,"lugar":"25 km WSW of Ovalle, Chile","tiempo":1781352254403,"prof":59.6,"url":"https://earthquake.usgs.gov/earthquakes/eventpage/us7000ssp1"}},
{"type":"Feature","id":"us7000ssre","geometry":{"type":"Point","coordinates":[-71.857,-34.659]},"properties":{"mag":4.6,"lugar":"45 km W of Santa Cruz, Chile","tiempo":1781389751311,"prof":40.8,"url":"https://earthquake.usgs.gov/earthquakes/eventpage/us7000ssre"}},
{"type":"Feature","id":"us7000ssy4","geometry":{"type":"Point","coordinates":[-71.734,-32.735]},"properties":{"mag":4.1,"lugar":"34 km NNW of Valparaíso, Chile","tiempo":1781477646081,"prof":33.2,"url":"https://earthquake.usgs.gov/earthquakes/eventpage/us7000ssy4"}},
{"type":"Feature","id":"us7000st08","geometry":{"type":"Point","coordinates":[-67.338,-22.029]},"properties":{"mag":4.5,"lugar":"130 km SE of Ollagüe, Chile","tiempo":1781501091095,"prof":185.5,"url":"https://earthquake.usgs.gov/earthquakes/eventpage/us7000st08"}},
{"type":"Feature","id":"us7000st3p","geometry":{"type":"Point","coordinates":[-68.552,-22.221]},"properties":{"mag":4.4,"lugar":"46 km NE of Calama, Chile","tiempo":1781528621869,"prof":125.9,"url":"https://earthquake.usgs.gov/earthquakes/eventpage/us7000st3p"}},
{"type":"Feature","id":"us7000st8e","geometry":{"type":"Point","coordinates":[-68.45,-21.437]},"properties":{"mag":4.2,"lugar":"31 km SW of Ollagüe, Chile","tiempo":1781568025869,"prof":133.8,"url":"https://earthquake.usgs.gov/earthquakes/eventpage/us7000st8e"}},
{"type":"Feature","id":"us7000stl9","geometry":{"type":"Point","coordinates":[-71.509,-30.744]},"properties":{"mag":3.9,"lugar":"33 km WSW of Ovalle, Chile","tiempo":1781689895186,"prof":39.9,"url":"https://earthquake.usgs.gov/earthquakes/eventpage/us7000stl9"}},
{"type":"Feature","id":"us7000stpf","geometry":{"type":"Point","coordinates":[-70.678,-25.478]},"properties":{"mag":4.1,"lugar":"20 km WSW of Taltal, Chile","tiempo":1781713921801,"prof":33.7,"url":"https://earthquake.usgs.gov/earthquakes/eventpage/us7000stpf"}},
{"type":"Feature","id":"us7000suh7","geometry":{"type":"Point","coordinates":[-67.32,-24.304]},"properties":{"mag":4,"lugar":"102 km W of San Antonio de los Cobres, Argentina","tiempo":1781834267770,"prof":185.0,"url":"https://earthquake.usgs.gov/earthquakes/eventpage/us7000suh7"}},
{"type":"Feature","id":"us7000suhz","geometry":{"type":"Point","coordinates":[-70.143,-19.376]},"properties":{"mag":4.3,"lugar":"24 km S of Cuya, Chile","tiempo":1781849587028,"prof":91.5,"url":"https://earthquake.usgs.gov/earthquakes/eventpage/us7000suhz"}},
{"type":"Feature","id":"us7000sunf","geometry":{"type":"Point","coordinates":[-68.672,-22.256]},"properties":{"mag":4.3,"lugar":"34 km NE of Calama, Chile","tiempo":1781891378002,"prof":106.3,"url":"https://earthquake.usgs.gov/earthquakes/eventpage/us7000sunf"}},
{"type":"Feature","id":"us7000suq2","geometry":{"type":"Point","coordinates":[-68.979,-21.11]},"properties":{"mag":4.5,"lugar":"76 km W of Ollagüe, Chile","tiempo":1781899811280,"prof":114.7,"url":"https://earthquake.usgs.gov/earthquakes/eventpage/us7000suq2"}},
{"type":"Feature","id":"us7000suru","geometry":{"type":"Point","coordinates":[-66.206,-22.478]},"properties":{"mag":4.8,"lugar":"58 km WNW of Abra Pampa, Argentina","tiempo":1781918541972,"prof":251.3,"url":"https://earthquake.usgs.gov/earthquakes/eventpage/us7000suru"}},
{"type":"Feature","id":"us7000surw","geometry":{"type":"Point","coordinates":[-70.893,-32.959]},"properties":{"mag":4,"lugar":"14 km SSE of Llaillay, Chile","tiempo":1781919127699,"prof":87.6,"url":"https://earthquake.usgs.gov/earthquakes/eventpage/us7000surw"}},
{"type":"Feature","id":"us7000suvv","geometry":{"type":"Point","coordinates":[-71.242,-35.148]},"properties":{"mag":4.3,"lugar":"5 km SE of Molina, Chile","tiempo":1781984725114,"prof":94.4,"url":"https://earthquake.usgs.gov/earthquakes/eventpage/us7000suvv"}},
{"type":"Feature","id":"us7000suyj","geometry":{"type":"Point","coordinates":[-70.647,-17.091]},"properties":{"mag":4.7,"lugar":"20 km E of Torata, Peru","tiempo":1782031814342,"prof":123.6,"url":"https://earthquake.usgs.gov/earthquakes/eventpage/us7000suyj"}},
{"type":"Feature","id":"us7000sv3m","geometry":{"type":"Point","coordinates":[-68.778,-21.682]},"properties":{"mag":4.4,"lugar":"74 km SW of Ollagüe, Chile","tiempo":1782106243298,"prof":102.8,"url":"https://earthquake.usgs.gov/earthquakes/eventpage/us7000sv3m"}},
{"type":"Feature","id":"us7000sv7a","geometry":{"type":"Point","coordinates":[-70.323,-22.399]},"properties":{"mag":4.1,"lugar":"36 km SSW of Tocopilla, Chile","tiempo":1782134322519,"prof":35.4,"url":"https://earthquake.usgs.gov/earthquakes/eventpage/us7000sv7a"}},
{"type":"Feature","id":"us6000t7q6","geometry":{"type":"Point","coordinates":[-68.773,-22.351]},"properties":{"mag":4,"lugar":"19 km NE of Calama, Chile","tiempo":1782249143258,"prof":121.7,"url":"https://earthquake.usgs.gov/earthquakes/eventpage/us6000t7q6"}},
{"type":"Feature","id":"us6000t7qd","geometry":{"type":"Point","coordinates":[-69.055,-21.211]},"properties":{"mag":4.3,"lugar":"83 km W of Ollagüe, Chile","tiempo":1782250005607,"prof":97.5,"url":"https://earthquake.usgs.gov/earthquakes/eventpage/us6000t7qd"}},
{"type":"Feature","id":"us6000t7tx","geometry":{"type":"Point","coordinates":[-71.171,-29.814]},"properties":{"mag":4.5,"lugar":"12 km NE of La Serena, Chile","tiempo":1782297394125,"prof":57.2,"url":"https://earthquake.usgs.gov/earthquakes/eventpage/us6000t7tx"}},
{"type":"Feature","id":"us6000t80r","geometry":{"type":"Point","coordinates":[-68.871,-22.17]},"properties":{"mag":4.4,"lugar":"32 km N of Calama, Chile","tiempo":1782353825267,"prof":116.1,"url":"https://earthquake.usgs.gov/earthquakes/eventpage/us6000t80r"}},
{"type":"Feature","id":"us6000t836","geometry":{"type":"Point","coordinates":[-68.65,-22.234]},"properties":{"mag":4.3,"lugar":"37 km NE of Calama, Chile","tiempo":1782385998135,"prof":109.9,"url":"https://earthquake.usgs.gov/earthquakes/eventpage/us6000t836"}},
{"type":"Feature","id":"us6000t83h","geometry":{"type":"Point","coordinates":[-70.917,-27.82]},"properties":{"mag":4.4,"lugar":"76 km SW of Copiapó, Chile","tiempo":1782386020638,"prof":62.2,"url":"https://earthquake.usgs.gov/earthquakes/eventpage/us6000t83h"}},
{"type":"Feature","id":"us6000t8fa","geometry":{"type":"Point","coordinates":[-67.006,-24.54]},"properties":{"mag":4.5,"lugar":"78 km WSW of San Antonio de los Cobres, Argentina","tiempo":1782479059340,"prof":165.1,"url":"https://earthquake.usgs.gov/earthquakes/eventpage/us6000t8fa"}},
{"type":"Feature","id":"us6000t8kp","geometry":{"type":"Point","coordinates":[-68.747,-22.291]},"properties":{"mag":4.3,"lugar":"25 km NE of Calama, Chile","tiempo":1782520549644,"prof":114.2,"url":"https://earthquake.usgs.gov/earthquakes/eventpage/us6000t8kp"}},
{"type":"Feature","id":"us6000t8m6","geometry":{"type":"Point","coordinates":[-68.66,-22.036]},"properties":{"mag":4.4,"lugar":"53 km NNE of Calama, Chile","tiempo":1782542187122,"prof":120.2,"url":"https://earthquake.usgs.gov/earthquakes/eventpage/us6000t8m6"}},
{"type":"Feature","id":"us6000t8p0","geometry":{"type":"Point","coordinates":[-68.701,-21.381]},"properties":{"mag":4.3,"lugar":"49 km WSW of Ollagüe, Chile","tiempo":1782560384873,"prof":126.1,"url":"https://earthquake.usgs.gov/earthquakes/eventpage/us6000t8p0"}},
{"type":"Feature","id":"us6000t8p4","geometry":{"type":"Point","coordinates":[-69.068,-22.755]},"properties":{"mag":4.3,"lugar":"36 km SSW of Calama, Chile","tiempo":1782564652725,"prof":108.9,"url":"https://earthquake.usgs.gov/earthquakes/eventpage/us6000t8p4"}},
{"type":"Feature","id":"us6000t8s8","geometry":{"type":"Point","coordinates":[-67.978,-31.53]},"properties":{"mag":4.4,"lugar":"31 km ENE of Caucete, Argentina","tiempo":1782616326458,"prof":114.5,"url":"https://earthquake.usgs.gov/earthquakes/eventpage/us6000t8s8"}},
{"type":"Feature","id":"us6000t8t9","geometry":{"type":"Point","coordinates":[-66.889,-24.052]},"properties":{"mag":4.2,"lugar":"60 km WNW of San Antonio de los Cobres, Argentina","tiempo":1782645985647,"prof":206.8,"url":"https://earthquake.usgs.gov/earthquakes/eventpage/us6000t8t9"}},
{"type":"Feature","id":"us6000t8ua","geometry":{"type":"Point","coordinates":[-66.245,-22.796]},"properties":{"mag":4.5,"lugar":"56 km W of Abra Pampa, Argentina","tiempo":1782668057055,"prof":252.4,"url":"https://earthquake.usgs.gov/earthquakes/eventpage/us6000t8ua"}},
{"type":"Feature","id":"us6000t8vn","geometry":{"type":"Point","coordinates":[-68.414,-21.626]},"properties":{"mag":4.3,"lugar":"47 km SSW of Ollagüe, Chile","tiempo":1782683607454,"prof":127.1,"url":"https://earthquake.usgs.gov/earthquakes/eventpage/us6000t8vn"}},
{"type":"Feature","id":"us6000t960","geometry":{"type":"Point","coordinates":[-71.694,-28.803]},"properties":{"mag":4.5,"lugar":"94 km WSW of Vallenar, Chile","tiempo":1782807976574,"prof":10,"url":"https://earthquake.usgs.gov/earthquakes/eventpage/us6000t960"}},
{"type":"Feature","id":"us6000t9d9","geometry":{"type":"Point","coordinates":[-67.961,-20.547]},"properties":{"mag":4.5,"lugar":"80 km NNE of Ollagüe, Chile","tiempo":1782892850671,"prof":172.6,"url":"https://earthquake.usgs.gov/earthquakes/eventpage/us6000t9d9"}},
{"type":"Feature","id":"us6000t9h4","geometry":{"type":"Point","coordinates":[-72.783,-36.516]},"properties":{"mag":4.4,"lugar":"19 km NE of Tomé, Chile","tiempo":1782935522263,"prof":45.2,"url":"https://earthquake.usgs.gov/earthquakes/eventpage/us6000t9h4"}},
{"type":"Feature","id":"us6000t9j7","geometry":{"type":"Point","coordinates":[-75.183,-38.127]},"properties":{"mag":4.5,"lugar":"146 km WSW of Lebu, Chile","tiempo":1782951919887,"prof":10,"url":"https://earthquake.usgs.gov/earthquakes/eventpage/us6000t9j7"}},
{"type":"Feature","id":"us6000t9nj","geometry":{"type":"Point","coordinates":[-74.221,-41.386]},"properties":{"mag":4.2,"lugar":"63 km NNW of Ancud, Chile","tiempo":1783010109382,"prof":50.3,"url":"https://earthquake.usgs.gov/earthquakes/eventpage/us6000t9nj"}},
{"type":"Feature","id":"us6000t9qu","geometry":{"type":"Point","coordinates":[-67.31,-20.684]},"properties":{"mag":4,"lugar":"56 km WSW of Uyuni, Bolivia","tiempo":1783041463587,"prof":215.0,"url":"https://earthquake.usgs.gov/earthquakes/eventpage/us6000t9qu"}},
{"type":"Feature","id":"us6000t9uw","geometry":{"type":"Point","coordinates":[-69.043,-28.246]},"properties":{"mag":4.5,"lugar":"99 km NW of Vinchina, Argentina","tiempo":1783094632289,"prof":95.3,"url":"https://earthquake.usgs.gov/earthquakes/eventpage/us6000t9uw"}},
{"type":"Feature","id":"us6000ta18","geometry":{"type":"Point","coordinates":[-71.359,-30.928]},"properties":{"mag":5,"lugar":"39 km SSW of Ovalle, Chile","tiempo":1783134573400,"prof":51.8,"url":"https://earthquake.usgs.gov/earthquakes/eventpage/us6000ta18"}},
{"type":"Feature","id":"us6000ta6g","geometry":{"type":"Point","coordinates":[-74.398,-36.491]},"properties":{"mag":4.4,"lugar":"117 km WNW of Talcahuano, Chile","tiempo":1783203235104,"prof":10,"url":"https://earthquake.usgs.gov/earthquakes/eventpage/us6000ta6g"}},
{"type":"Feature","id":"us6000ta8s","geometry":{"type":"Point","coordinates":[-69.536,-26.318]},"properties":{"mag":4.4,"lugar":"51 km E of Diego de Almagro, Chile","tiempo":1783246259804,"prof":10,"url":"https://earthquake.usgs.gov/earthquakes/eventpage/us6000ta8s"}},
{"type":"Feature","id":"us6000ta95","geometry":{"type":"Point","coordinates":[-71.894,-30.675]},"properties":{"mag":4.3,"lugar":"67 km W of Ovalle, Chile","tiempo":1783252648310,"prof":24.0,"url":"https://earthquake.usgs.gov/earthquakes/eventpage/us6000ta95"}},
{"type":"Feature","id":"us6000ta9n","geometry":{"type":"Point","coordinates":[-71.968,-29.222]},"properties":{"mag":4.8,"lugar":"101 km NW of Coquimbo, Chile","tiempo":1783262523806,"prof":6.4,"url":"https://earthquake.usgs.gov/earthquakes/eventpage/us6000ta9n"}},
{"type":"Feature","id":"us6000taab","geometry":{"type":"Point","coordinates":[-71.989,-29.237]},"properties":{"mag":5,"lugar":"101 km NW of Coquimbo, Chile","tiempo":1783266813242,"prof":5.3,"url":"https://earthquake.usgs.gov/earthquakes/eventpage/us6000taab"}},
{"type":"Feature","id":"us6000taai","geometry":{"type":"Point","coordinates":[-71.73,-29.281]},"properties":{"mag":4.3,"lugar":"83 km NW of La Serena, Chile","tiempo":1783269983087,"prof":30.9,"url":"https://earthquake.usgs.gov/earthquakes/eventpage/us6000taai"}},
{"type":"Feature","id":"us6000tafp","geometry":{"type":"Point","coordinates":[-70.187,-19.693]},"properties":{"mag":3.4,"lugar":"54 km NW of Huara, Chile","tiempo":1783322990668,"prof":58.9,"url":"https://earthquake.usgs.gov/earthquakes/eventpage/us6000tafp"}},
{"type":"Feature","id":"us6000tadd","geometry":{"type":"Point","coordinates":[-67.204,-23.787]},"properties":{"mag":4.1,"lugar":"101 km WNW of San Antonio de los Cobres, Argentina","tiempo":1783325620769,"prof":218.6,"url":"https://earthquake.usgs.gov/earthquakes/eventpage/us6000tadd"}},
{"type":"Feature","id":"us6000tadk","geometry":{"type":"Point","coordinates":[-68.259,-31.806]},"properties":{"mag":4.1,"lugar":"17 km S of Caucete, Argentina","tiempo":1783328161774,"prof":116.8,"url":"https://earthquake.usgs.gov/earthquakes/eventpage/us6000tadk"}},
{"type":"Feature","id":"us6000taff","geometry":{"type":"Point","coordinates":[-73.708,-36.897]},"properties":{"mag":4.5,"lugar":"52 km NW of Arauco, Chile","tiempo":1783341794290,"prof":10,"url":"https://earthquake.usgs.gov/earthquakes/eventpage/us6000taff"}},
{"type":"Feature","id":"us6000tahc","geometry":{"type":"Point","coordinates":[-71.796,-32.566]},"properties":{"mag":5,"lugar":"54 km NNW of Valparaíso, Chile","tiempo":1783354552144,"prof":22.0,"url":"https://earthquake.usgs.gov/earthquakes/eventpage/us6000tahc"}},
{"type":"Feature","id":"us6000taht","geometry":{"type":"Point","coordinates":[-71.776,-32.632]},"properties":{"mag":4.9,"lugar":"46 km NNW of Valparaíso, Chile","tiempo":1783354690644,"prof":26.3,"url":"https://earthquake.usgs.gov/earthquakes/eventpage/us6000taht"}},
{"type":"Feature","id":"us7000sze8","geometry":{"type":"Point","coordinates":[-72.129,-40.425]},"properties":{"mag":4.1,"lugar":"47 km ENE of Puyehue, Chile","tiempo":1783673359047,"prof":113.9,"url":"https://earthquake.usgs.gov/earthquakes/eventpage/us7000sze8"}},
{"type":"Feature","id":"us7000szxw","geometry":{"type":"Point","coordinates":[-68.743,-21.277]},"properties":{"mag":4.1,"lugar":"51 km W of Ollagüe, Chile","tiempo":1783894543426,"prof":128.8,"url":"https://earthquake.usgs.gov/earthquakes/eventpage/us7000szxw"}},
{"type":"Feature","id":"us7000szyu","geometry":{"type":"Point","coordinates":[-66.787,-23.975]},"properties":{"mag":4.5,"lugar":"54 km WNW of San Antonio de los Cobres, Argentina","tiempo":1783905126994,"prof":192.4,"url":"https://earthquake.usgs.gov/earthquakes/eventpage/us7000szyu"}},
{"type":"Feature","id":"us7000t0it","geometry":{"type":"Point","coordinates":[-71.851,-32.605]},"properties":{"mag":5.1,"lugar":"52 km NNW of Valparaíso, Chile","tiempo":1784077760496,"prof":23.7,"url":"https://earthquake.usgs.gov/earthquakes/eventpage/us7000t0it"}},
{"type":"Feature","id":"us7000t0jk","geometry":{"type":"Point","coordinates":[-71.887,-32.563]},"properties":{"mag":4,"lugar":"57 km NNW of Valparaíso, Chile","tiempo":1784080119476,"prof":31.2,"url":"https://earthquake.usgs.gov/earthquakes/eventpage/us7000t0jk"}},
{"type":"Feature","id":"us7000t0kl","geometry":{"type":"Point","coordinates":[-71.89,-32.589]},"properties":{"mag":4.2,"lugar":"55 km NNW of Valparaíso, Chile","tiempo":1784089088075,"prof":34.5,"url":"https://earthquake.usgs.gov/earthquakes/eventpage/us7000t0kl"}},
{"type":"Feature","id":"us7000t0mj","geometry":{"type":"Point","coordinates":[-68.264,-20.464]},"properties":{"mag":4.2,"lugar":"84 km N of Ollagüe, Chile","tiempo":1784116455276,"prof":142.4,"url":"https://earthquake.usgs.gov/earthquakes/eventpage/us7000t0mj"}},
{"type":"Feature","id":"us7000t0v3","geometry":{"type":"Point","coordinates":[-69.172,-22.868]},"properties":{"mag":4.3,"lugar":"52 km SSW of Calama, Chile","tiempo":1784167791965,"prof":97.7,"url":"https://earthquake.usgs.gov/earthquakes/eventpage/us7000t0v3"}},
{"type":"Feature","id":"us7000t0xw","geometry":{"type":"Point","coordinates":[-71.287,-30.197]},"properties":{"mag":4.8,"lugar":"27 km S of Coquimbo, Chile","tiempo":1784198288854,"prof":64.5,"url":"https://earthquake.usgs.gov/earthquakes/eventpage/us7000t0xw"}},
{"type":"Feature","id":"us7000t12z","geometry":{"type":"Point","coordinates":[-67.474,-22.06]},"properties":{"mag":4.4,"lugar":"120 km NE of San Pedro de Atacama, Chile","tiempo":1784225460971,"prof":170.1,"url":"https://earthquake.usgs.gov/earthquakes/eventpage/us7000t12z"}},
{"type":"Feature","id":"us7000t1hg","geometry":{"type":"Point","coordinates":[-66.877,-24.163]},"properties":{"mag":4.5,"lugar":"57 km W of San Antonio de los Cobres, Argentina","tiempo":1784327727907,"prof":191.5,"url":"https://earthquake.usgs.gov/earthquakes/eventpage/us7000t1hg"}},
{"type":"Feature","id":"us7000t1hp","geometry":{"type":"Point","coordinates":[-67.292,-21.749]},"properties":{"mag":4.5,"lugar":"115 km ESE of Ollagüe, Chile","tiempo":1784329151433,"prof":200.0,"url":"https://earthquake.usgs.gov/earthquakes/eventpage/us7000t1hp"}},
{"type":"Feature","id":"us7000t1lq","geometry":{"type":"Point","coordinates":[-66.815,-20.437]},"properties":{"mag":4.4,"lugar":"2 km NNE of Uyuni, Bolivia","tiempo":1784376134277,"prof":221.1,"url":"https://earthquake.usgs.gov/earthquakes/eventpage/us7000t1lq"}},
{"type":"Feature","id":"us7000t1sv","geometry":{"type":"Point","coordinates":[-73.432,-33.922]},"properties":{"mag":4.6,"lugar":"172 km WSW of San Antonio, Chile","tiempo":1784471106674,"prof":10,"url":"https://earthquake.usgs.gov/earthquakes/eventpage/us7000t1sv"}},
{"type":"Feature","id":"us7000t1sz","geometry":{"type":"Point","coordinates":[-72.428,-32.428]},"properties":{"mag":4.2,"lugar":"100 km NW of Valparaíso, Chile","tiempo":1784472326500,"prof":10,"url":"https://earthquake.usgs.gov/earthquakes/eventpage/us7000t1sz"}},
{"type":"Feature","id":"us7000t1uw","geometry":{"type":"Point","coordinates":[-67.1,-24.096]},"properties":{"mag":4.3,"lugar":"80 km W of San Antonio de los Cobres, Argentina","tiempo":1784502509284,"prof":206.2,"url":"https://earthquake.usgs.gov/earthquakes/eventpage/us7000t1uw"}},
{"type":"Feature","id":"us7000t1wd","geometry":{"type":"Point","coordinates":[-72.206,-32.465]},"properties":{"mag":4.1,"lugar":"83 km NW of Valparaíso, Chile","tiempo":1784536145127,"prof":10,"url":"https://earthquake.usgs.gov/earthquakes/eventpage/us7000t1wd"}},
{"type":"Feature","id":"us7000t24a","geometry":{"type":"Point","coordinates":[-72.156,-33.298]},"properties":{"mag":4.2,"lugar":"57 km WSW of Valparaíso, Chile","tiempo":1784608108936,"prof":19.8,"url":"https://earthquake.usgs.gov/earthquakes/eventpage/us7000t24a"}},
{"type":"Feature","id":"us7000t26m","geometry":{"type":"Point","coordinates":[-67.51,-27.517]},"properties":{"mag":4.3,"lugar":"20 km NNE of Fiambalá, Argentina","tiempo":1784645726180,"prof":167.8,"url":"https://earthquake.usgs.gov/earthquakes/eventpage/us7000t26m"}},
{"type":"Feature","id":"us7000t28f","geometry":{"type":"Point","coordinates":[-69.044,-21.332]},"properties":{"mag":4.1,"lugar":"82 km W of Ollagüe, Chile","tiempo":1784653794416,"prof":114.2,"url":"https://earthquake.usgs.gov/earthquakes/eventpage/us7000t28f"}},
{"type":"Feature","id":"us7000t2dd","geometry":{"type":"Point","coordinates":[-70.753,-23.469]},"properties":{"mag":4.1,"lugar":"41 km WNW of Antofagasta, Chile","tiempo":1784684925843,"prof":35,"url":"https://earthquake.usgs.gov/earthquakes/eventpage/us7000t2dd"}},
{"type":"Feature","id":"us7000t2dg","geometry":{"type":"Point","coordinates":[-70.039,-19.224]},"properties":{"mag":4.7,"lugar":"16 km ESE of Cuya, Chile","tiempo":1784685830484,"prof":61.5,"url":"https://earthquake.usgs.gov/earthquakes/eventpage/us7000t2dg"}},
{"type":"Feature","id":"us7000t2fd","geometry":{"type":"Point","coordinates":[-71.618,-27.796]},"properties":{"mag":4.9,"lugar":"120 km NW of Vallenar, Chile","tiempo":1784712862824,"prof":10,"url":"https://earthquake.usgs.gov/earthquakes/eventpage/us7000t2fd"}},
{"type":"Feature","id":"us7000t2fx","geometry":{"type":"Point","coordinates":[-68.587,-22.176]},"properties":{"mag":4.3,"lugar":"46 km NE of Calama, Chile","tiempo":1784718771772,"prof":118.3,"url":"https://earthquake.usgs.gov/earthquakes/eventpage/us7000t2fx"}},
{"type":"Feature","id":"us7000t2g0","geometry":{"type":"Point","coordinates":[-68.351,-23.739]},"properties":{"mag":4.6,"lugar":"92 km S of San Pedro de Atacama, Chile","tiempo":1784720239629,"prof":123.3,"url":"https://earthquake.usgs.gov/earthquakes/eventpage/us7000t2g0"}},
{"type":"Feature","id":"us7000t2h9","geometry":{"type":"Point","coordinates":[-68.487,-23.312]},"properties":{"mag":4.8,"lugar":"53 km SSW of San Pedro de Atacama, Chile","tiempo":1784741677239,"prof":111.5,"url":"https://earthquake.usgs.gov/earthquakes/eventpage/us7000t2h9"}},
{"type":"Feature","id":"us7000t2kg","geometry":{"type":"Point","coordinates":[-68.97,-23.117]},"properties":{"mag":4.4,"lugar":"73 km S of Calama, Chile","tiempo":1784771761071,"prof":100.4,"url":"https://earthquake.usgs.gov/earthquakes/eventpage/us7000t2kg"}},
{"type":"Feature","id":"us7000t2mq","geometry":{"type":"Point","coordinates":[-71.717,-32.636]},"properties":{"mag":4.2,"lugar":"45 km N of Valparaíso, Chile","tiempo":1784792933197,"prof":36.5,"url":"https://earthquake.usgs.gov/earthquakes/eventpage/us7000t2mq"}},
{"type":"Feature","id":"us7000t2p3","geometry":{"type":"Point","coordinates":[-72.853,-30.71]},"properties":{"mag":4.7,"lugar":"158 km W of Ovalle, Chile","tiempo":1784810875550,"prof":10,"url":"https://earthquake.usgs.gov/earthquakes/eventpage/us7000t2p3"}},
{"type":"Feature","id":"us7000t2xk","geometry":{"type":"Point","coordinates":[-69.688,-17.62]},"properties":{"mag":4.3,"lugar":"33 km ENE of Palca, Peru","tiempo":1784878901641,"prof":145.1,"url":"https://earthquake.usgs.gov/earthquakes/eventpage/us7000t2xk"}},
{"type":"Feature","id":"us7000t33w","geometry":{"type":"Point","coordinates":[-67.815,-27.294]},"properties":{"mag":4.8,"lugar":"46 km NNW of Fiambalá, Argentina","tiempo":1784907272319,"prof":10,"url":"https://earthquake.usgs.gov/earthquakes/eventpage/us7000t33w"}},
{"type":"Feature","id":"us7000t36n","geometry":{"type":"Point","coordinates":[-66.644,-23.962]},"properties":{"mag":5.3,"lugar":"43 km NW of San Antonio de los Cobres, Argentina","tiempo":1784921921905,"prof":189.7,"url":"https://earthquake.usgs.gov/earthquakes/eventpage/us7000t36n"}},
{"type":"Feature","id":"us7000t3h2","geometry":{"type":"Point","coordinates":[-66.732,-23.805]},"properties":{"mag":4.4,"lugar":"62 km NW of San Antonio de los Cobres, Argentina","tiempo":1785072977454,"prof":198.7,"url":"https://earthquake.usgs.gov/earthquakes/eventpage/us7000t3h2"}},
{"type":"Feature","id":"us7000t3ia","geometry":{"type":"Point","coordinates":[-66.68,-27.995]},"properties":{"mag":4.6,"lugar":"54 km SE of Londres, Argentina","tiempo":1785086953610,"prof":156.1,"url":"https://earthquake.usgs.gov/earthquakes/eventpage/us7000t3ia"}},
{"type":"Feature","id":"us7000t3ji","geometry":{"type":"Point","coordinates":[-67.359,-24.402]},"properties":{"mag":4.3,"lugar":"107 km W of San Antonio de los Cobres, Argentina","tiempo":1785102248200,"prof":175.1,"url":"https://earthquake.usgs.gov/earthquakes/eventpage/us7000t3ji"}},
{"type":"Feature","id":"us7000t3l4","geometry":{"type":"Point","coordinates":[-69.534,-28.702]},"properties":{"mag":4.4,"lugar":"120 km E of Vallenar, Chile","tiempo":1785123844662,"prof":114.8,"url":"https://earthquake.usgs.gov/earthquakes/eventpage/us7000t3l4"}},
{"type":"Feature","id":"us7000t3m7","geometry":{"type":"Point","coordinates":[-68.658,-23.485]},"properties":{"mag":5.1,"lugar":"78 km SW of San Pedro de Atacama, Chile","tiempo":1785142664884,"prof":104.3,"url":"https://earthquake.usgs.gov/earthquakes/eventpage/us7000t3m7"}},
{"type":"Feature","id":"us7000t3mh","geometry":{"type":"Point","coordinates":[-69.115,-20.267]},"properties":{"mag":4.6,"lugar":"57 km E of La Tirana, Chile","tiempo":1785147892954,"prof":101.7,"url":"https://earthquake.usgs.gov/earthquakes/eventpage/us7000t3mh"}},
{"type":"Feature","id":"us6000tg56","geometry":{"type":"Point","coordinates":[-71.429,-32.962]},"properties":{"mag":4.1,"lugar":"9 km N of Quilpué, Chile","tiempo":1785172776712,"prof":53.9,"url":"https://earthquake.usgs.gov/earthquakes/eventpage/us6000tg56"}},
{"type":"Feature","id":"us6000tg9q","geometry":{"type":"Point","coordinates":[-68.806,-33.209]},"properties":{"mag":4,"lugar":"34 km WSW of San Martín, Argentina","tiempo":1785202662195,"prof":35,"url":"https://earthquake.usgs.gov/earthquakes/eventpage/us6000tg9q"}},
{"type":"Feature","id":"us6000tgav","geometry":{"type":"Point","coordinates":[-71.64,-34.779]},"properties":{"mag":4.8,"lugar":"29 km WSW of Santa Cruz, Chile","tiempo":1785217123729,"prof":48.1,"url":"https://earthquake.usgs.gov/earthquakes/eventpage/us6000tgav"}},
{"type":"Feature","id":"us6000tgcw","geometry":{"type":"Point","coordinates":[-70.066,-20.387]},"properties":{"mag":3.2,"lugar":"13 km SSE of La Tirana, Chile","tiempo":1785218752213,"prof":71.8,"url":"https://earthquake.usgs.gov/earthquakes/eventpage/us6000tgcw"}},
{"type":"Feature","id":"us6000tglq","geometry":{"type":"Point","coordinates":[-67.616,-22.365]},"properties":{"mag":4.1,"lugar":"85 km NE of San Pedro de Atacama, Chile","tiempo":1785313272968,"prof":192.5,"url":"https://earthquake.usgs.gov/earthquakes/eventpage/us6000tglq"}},
{"type":"Feature","id":"us6000tgpj","geometry":{"type":"Point","coordinates":[-72.165,-33.298]},"properties":{"mag":4.4,"lugar":"57 km WSW of Valparaíso, Chile","tiempo":1785335812176,"prof":17.6,"url":"https://earthquake.usgs.gov/earthquakes/eventpage/us6000tgpj"}},
{"type":"Feature","id":"us6000tgw3","geometry":{"type":"Point","coordinates":[-69.147,-20.024]},"properties":{"mag":4.5,"lugar":"63 km ENE of La Tirana, Chile","tiempo":1785391461063,"prof":98.4,"url":"https://earthquake.usgs.gov/earthquakes/eventpage/us6000tgw3"}},
{"type":"Feature","id":"us6000tgwy","geometry":{"type":"Point","coordinates":[-72.193,-29.851]},"properties":{"mag":4.4,"lugar":"83 km W of Coquimbo, Chile","tiempo":1785402093742,"prof":10,"url":"https://earthquake.usgs.gov/earthquakes/eventpage/us6000tgwy"}},
{"type":"Feature","id":"us6000tgzi","geometry":{"type":"Point","coordinates":[-66.888,-24.171]},"properties":{"mag":4.1,"lugar":"58 km W of San Antonio de los Cobres, Argentina","tiempo":1785426591764,"prof":199.1,"url":"https://earthquake.usgs.gov/earthquakes/eventpage/us6000tgzi"}},
{"type":"Feature","id":"us6000tgzq","geometry":{"type":"Point","coordinates":[-67.872,-23.256]},"properties":{"mag":4.2,"lugar":"50 km SE of San Pedro de Atacama, Chile","tiempo":1785428274570,"prof":137.7,"url":"https://earthquake.usgs.gov/earthquakes/eventpage/us6000tgzq"}},
{"type":"Feature","id":"us6000th36","geometry":{"type":"Point","coordinates":[-67.213,-24.253]},"properties":{"mag":3.9,"lugar":"90 km W of San Antonio de los Cobres, Argentina","tiempo":1785444518442,"prof":168.4,"url":"https://earthquake.usgs.gov/earthquakes/eventpage/us6000th36"}},
{"type":"Feature","id":"us6000th82","geometry":{"type":"Point","coordinates":[-70.487,-32.55]},"properties":{"mag":4.2,"lugar":"31 km NE of San Felipe, Chile","tiempo":1785506667939,"prof":100.0,"url":"https://earthquake.usgs.gov/earthquakes/eventpage/us6000th82"}},
{"type":"Feature","id":"us6000th96","geometry":{"type":"Point","coordinates":[-72.12,-29.867]},"properties":{"mag":5,"lugar":"76 km W of Coquimbo, Chile","tiempo":1785520025666,"prof":11.9,"url":"https://earthquake.usgs.gov/earthquakes/eventpage/us6000th96"}},
{"type":"Feature","id":"us6000thf5","geometry":{"type":"Point","coordinates":[-68.482,-21.448]},"properties":{"mag":4.4,"lugar":"34 km SW of Ollagüe, Chile","tiempo":1785570645823,"prof":140.1,"url":"https://earthquake.usgs.gov/earthquakes/eventpage/us6000thf5"}},
{"type":"Feature","id":"us6000thjs","geometry":{"type":"Point","coordinates":[-71.998,-33.53]},"properties":{"mag":4.4,"lugar":"36 km W of Cartagena, Chile","tiempo":1785633698828,"prof":23.6,"url":"https://earthquake.usgs.gov/earthquakes/eventpage/us6000thjs"}},
{"type":"Feature","id":"us6000thl6","geometry":{"type":"Point","coordinates":[-67.105,-24.287]},"properties":{"mag":4.5,"lugar":"80 km W of San Antonio de los Cobres, Argentina","tiempo":1785660592218,"prof":167.7,"url":"https://earthquake.usgs.gov/earthquakes/eventpage/us6000thl6"}},
{"type":"Feature","id":"us6000thng","geometry":{"type":"Point","coordinates":[-67.658,-27.734]},"properties":{"mag":4.3,"lugar":"7 km SSW of Fiambalá, Argentina","tiempo":1785704010262,"prof":140.4,"url":"https://earthquake.usgs.gov/earthquakes/eventpage/us6000thng"}},
{"type":"Feature","id":"us6000thnw","geometry":{"type":"Point","coordinates":[-69.241,-31.358]},"properties":{"mag":4.1,"lugar":"17 km E of Calingasta, Argentina","tiempo":1785708425204,"prof":116.9,"url":"https://earthquake.usgs.gov/earthquakes/eventpage/us6000thnw"}},
{"type":"Feature","id":"us6000thqm","geometry":{"type":"Point","coordinates":[-69.093,-20.254]},"properties":{"mag":4,"lugar":"59 km E of La Tirana, Chile","tiempo":1785740195537,"prof":90.4,"url":"https://earthquake.usgs.gov/earthquakes/eventpage/us6000thqm"}},
{"type":"Feature","id":"us6000thrb","geometry":{"type":"Point","coordinates":[-67.091,-24.439]},"properties":{"mag":4.4,"lugar":"82 km WSW of San Antonio de los Cobres, Argentina","tiempo":1785754535834,"prof":163.5,"url":"https://earthquake.usgs.gov/earthquakes/eventpage/us6000thrb"}},
{"type":"Feature","id":"us6000thva","geometry":{"type":"Point","coordinates":[-70.367,-28.739]},"properties":{"mag":4.4,"lugar":"42 km ESE of Vallenar, Chile","tiempo":1785790028038,"prof":93.8,"url":"https://earthquake.usgs.gov/earthquakes/eventpage/us6000thva"}},
{"type":"Feature","id":"us6000tihr","geometry":{"type":"Point","coordinates":[-67.197,-24.18]},"properties":{"mag":4.1,"lugar":"89 km W of San Antonio de los Cobres, Argentina","tiempo":1785990227200,"prof":194.6,"url":"https://earthquake.usgs.gov/earthquakes/eventpage/us6000tihr"}},
{"type":"Feature","id":"us6000tits","geometry":{"type":"Point","coordinates":[-68.841,-33.152]},"properties":{"mag":4.5,"lugar":"28 km S of Mendoza, Argentina","tiempo":1786060838691,"prof":10,"url":"https://earthquake.usgs.gov/earthquakes/eventpage/us6000tits"}},
{"type":"Feature","id":"us6000tiwd","geometry":{"type":"Point","coordinates":[-68.746,-22.226]},"properties":{"mag":4.2,"lugar":"31 km NE of Calama, Chile","tiempo":1786087346711,"prof":109.0,"url":"https://earthquake.usgs.gov/earthquakes/eventpage/us6000tiwd"}},
{"type":"Feature","id":"us6000tizf","geometry":{"type":"Point","coordinates":[-69.692,-18.822]},"properties":{"mag":4.4,"lugar":"61 km NNW of Camiña, Chile","tiempo":1786117344939,"prof":93.5,"url":"https://earthquake.usgs.gov/earthquakes/eventpage/us6000tizf"}},
{"type":"Feature","id":"us6000tj73","geometry":{"type":"Point","coordinates":[-67.493,-24.3]},"properties":{"mag":4.4,"lugar":"119 km W of San Antonio de los Cobres, Argentina","tiempo":1786169202603,"prof":190.5,"url":"https://earthquake.usgs.gov/earthquakes/eventpage/us6000tj73"}},
{"type":"Feature","id":"us6000tj96","geometry":{"type":"Point","coordinates":[-67.061,-24.344]},"properties":{"mag":4.5,"lugar":"76 km W of San Antonio de los Cobres, Argentina","tiempo":1786193062813,"prof":165.5,"url":"https://earthquake.usgs.gov/earthquakes/eventpage/us6000tj96"}},
{"type":"Feature","id":"us6000tj9c","geometry":{"type":"Point","coordinates":[-67.576,-22.334]},"properties":{"mag":4.3,"lugar":"90 km NE of San Pedro de Atacama, Chile","tiempo":1786198850942,"prof":198.6,"url":"https://earthquake.usgs.gov/earthquakes/eventpage/us6000tj9c"}},
{"type":"Feature","id":"us6000tj9m","geometry":{"type":"Point","coordinates":[-69.268,-18.898]},"properties":{"mag":4.4,"lugar":"48 km NNE of Camiña, Chile","tiempo":1786202127800,"prof":125.8,"url":"https://earthquake.usgs.gov/earthquakes/eventpage/us6000tj9m"}},
{"type":"Feature","id":"us6000tj9z","geometry":{"type":"Point","coordinates":[-68.877,-21.046]},"properties":{"mag":4.2,"lugar":"67 km WNW of Ollagüe, Chile","tiempo":1786206893078,"prof":106.4,"url":"https://earthquake.usgs.gov/earthquakes/eventpage/us6000tj9z"}},
{"type":"Feature","id":"us6000tk1j","geometry":{"type":"Point","coordinates":[-67.261,-21.612]},"properties":{"mag":4.2,"lugar":"111 km ESE of Ollagüe, Chile","tiempo":1786477047786,"prof":219.9,"url":"https://earthquake.usgs.gov/earthquakes/eventpage/us6000tk1j"}},
{"type":"Feature","id":"us6000tk5y","geometry":{"type":"Point","coordinates":[-69.521,-18.279]},"properties":{"mag":4.6,"lugar":"72 km SE of Palca, Peru","tiempo":1786518225484,"prof":10,"url":"https://earthquake.usgs.gov/earthquakes/eventpage/us6000tk5y"}},
{"type":"Feature","id":"us6000tk9l","geometry":{"type":"Point","coordinates":[-69.72,-17.352]},"properties":{"mag":4.2,"lugar":"35 km ESE of Chuquitira, Peru","tiempo":1786559310755,"prof":158.3,"url":"https://earthquake.usgs.gov/earthquakes/eventpage/us6000tk9l"}},
{"type":"Feature","id":"us6000tkcw","geometry":{"type":"Point","coordinates":[-71.092,-32.101]},"properties":{"mag":4.2,"lugar":"37 km SSW of Salamanca, Chile","tiempo":1786584714863,"prof":88.6,"url":"https://earthquake.usgs.gov/earthquakes/eventpage/us6000tkcw"}},
{"type":"Feature","id":"us6000tl09","geometry":{"type":"Point","coordinates":[-68.731,-21.458]},"properties":{"mag":4.3,"lugar":"55 km WSW of Ollagüe, Chile","tiempo":1786793621312,"prof":115.9,"url":"https://earthquake.usgs.gov/earthquakes/eventpage/us6000tl09"}},
{"type":"Feature","id":"us6000tl3c","geometry":{"type":"Point","coordinates":[-70.875,-28.207]},"properties":{"mag":4.3,"lugar":"42 km NNW of Vallenar, Chile","tiempo":1786823871587,"prof":73.9,"url":"https://earthquake.usgs.gov/earthquakes/eventpage/us6000tl3c"}},
{"type":"Feature","id":"usd0015e8r","geometry":{"type":"Point","coordinates":[-72.042,-32.732]},"properties":{"mag":4.4,"lugar":"51 km NW of Valparaíso, Chile","tiempo":1786897972791,"prof":17.2,"url":"https://earthquake.usgs.gov/earthquakes/eventpage/usd0015e8r"}},
{"type":"Feature","id":"usd0015e8s","geometry":{"type":"Point","coordinates":[-66.623,-23.879]},"properties":{"mag":4.6,"lugar":"48 km NW of San Antonio de los Cobres, Argentina","tiempo":1786898437881,"prof":200.5,"url":"https://earthquake.usgs.gov/earthquakes/eventpage/usd0015e8s"}},
{"type":"Feature","id":"usd0015e90","geometry":{"type":"Point","coordinates":[-72.039,-32.733]},"properties":{"mag":4.5,"lugar":"50 km NW of Valparaíso, Chile","tiempo":1786899452438,"prof":10,"url":"https://earthquake.usgs.gov/earthquakes/eventpage/usd0015e90"}},
{"type":"Feature","id":"usd0015ea6","geometry":{"type":"Point","coordinates":[-67.284,-24.352]},"properties":{"mag":4.5,"lugar":"99 km W of San Antonio de los Cobres, Argentina","tiempo":1786914367026,"prof":174.6,"url":"https://earthquake.usgs.gov/earthquakes/eventpage/usd0015ea6"}},
{"type":"Feature","id":"usd0015eba","geometry":{"type":"Point","coordinates":[-68.458,-31.203]},"properties":{"mag":4.4,"lugar":"25 km N of San Martín, Argentina","tiempo":1786933283639,"prof":107.8,"url":"https://earthquake.usgs.gov/earthquakes/eventpage/usd0015eba"}},
{"type":"Feature","id":"usd0015ecm","geometry":{"type":"Point","coordinates":[-66.938,-21.426]},"properties":{"mag":4.4,"lugar":"92 km SW of Atocha, Bolivia","tiempo":1786953551133,"prof":243.2,"url":"https://earthquake.usgs.gov/earthquakes/eventpage/usd0015ecm"}},
{"type":"Feature","id":"us6000tltg","geometry":{"type":"Point","coordinates":[-68.55,-21.084]},"properties":{"mag":4.6,"lugar":"34 km WNW of Ollagüe, Chile","tiempo":1787115107474,"prof":124.2,"url":"https://earthquake.usgs.gov/earthquakes/eventpage/us6000tltg"}},
{"type":"Feature","id":"us6000tm1m","geometry":{"type":"Point","coordinates":[-67.112,-24.32]},"properties":{"mag":4.7,"lugar":"81 km W of San Antonio de los Cobres, Argentina","tiempo":1787195346589,"prof":163.4,"url":"https://earthquake.usgs.gov/earthquakes/eventpage/us6000tm1m"}},
{"type":"Feature","id":"us6000tm25","geometry":{"type":"Point","coordinates":[-70.384,-24.379]},"properties":{"mag":4.7,"lugar":"80 km S of Antofagasta, Chile","tiempo":1787201572913,"prof":46.1,"url":"https://earthquake.usgs.gov/earthquakes/eventpage/us6000tm25"}},
{"type":"Feature","id":"us6000tm2i","geometry":{"type":"Point","coordinates":[-68.856,-21.27]},"properties":{"mag":4.2,"lugar":"62 km W of Ollagüe, Chile","tiempo":1787212095352,"prof":125.0,"url":"https://earthquake.usgs.gov/earthquakes/eventpage/us6000tm2i"}},
{"type":"Feature","id":"us6000tma1","geometry":{"type":"Point","coordinates":[-67.075,-24.26]},"properties":{"mag":4.1,"lugar":"76 km W of San Antonio de los Cobres, Argentina","tiempo":1787258100235,"prof":152.5,"url":"https://earthquake.usgs.gov/earthquakes/eventpage/us6000tma1"}},
{"type":"Feature","id":"us6000tmdj","geometry":{"type":"Point","coordinates":[-72.312,-30.09]},"properties":{"mag":4.2,"lugar":"95 km W of Coquimbo, Chile","tiempo":1787288680213,"prof":10,"url":"https://earthquake.usgs.gov/earthquakes/eventpage/us6000tmdj"}},
{"type":"Feature","id":"us6000tmnz","geometry":{"type":"Point","coordinates":[-68.885,-25.56]},"properties":{"mag":4.7,"lugar":"148 km NE of Diego de Almagro, Chile","tiempo":1787351163341,"prof":105.5,"url":"https://earthquake.usgs.gov/earthquakes/eventpage/us6000tmnz"}},
{"type":"Feature","id":"us6000tmpu","geometry":{"type":"Point","coordinates":[-66.319,-22.564]},"properties":{"mag":4.4,"lugar":"66 km WNW of Abra Pampa, Argentina","tiempo":1787357020736,"prof":249.3,"url":"https://earthquake.usgs.gov/earthquakes/eventpage/us6000tmpu"}},
{"type":"Feature","id":"us6000tmtm","geometry":{"type":"Point","coordinates":[-68.815,-22.209]},"properties":{"mag":4.6,"lugar":"29 km NNE of Calama, Chile","tiempo":1787424387783,"prof":105.5,"url":"https://earthquake.usgs.gov/earthquakes/eventpage/us6000tmtm"}},
{"type":"Feature","id":"us6000tmzy","geometry":{"type":"Point","coordinates":[-66.417,-23.07]},"properties":{"mag":4.5,"lugar":"77 km WNW of El Aguilar, Argentina","tiempo":1787507790362,"prof":223.2,"url":"https://earthquake.usgs.gov/earthquakes/eventpage/us6000tmzy"}},
{"type":"Feature","id":"us6000tn0n","geometry":{"type":"Point","coordinates":[-71.589,-36.742]},"properties":{"mag":4.5,"lugar":"25 km ESE of Coihueco, Chile","tiempo":1787517495056,"prof":100.1,"url":"https://earthquake.usgs.gov/earthquakes/eventpage/us6000tn0n"}},
{"type":"Feature","id":"us6000tn15","geometry":{"type":"Point","coordinates":[-66.794,-24.088]},"properties":{"mag":4.1,"lugar":"50 km WNW of San Antonio de los Cobres, Argentina","tiempo":1787525887371,"prof":174.3,"url":"https://earthquake.usgs.gov/earthquakes/eventpage/us6000tn15"}},
{"type":"Feature","id":"us6000tn29","geometry":{"type":"Point","coordinates":[-67.154,-28.173]},"properties":{"mag":4.6,"lugar":"42 km ESE of Tinogasta, Argentina","tiempo":1787547843782,"prof":125.9,"url":"https://earthquake.usgs.gov/earthquakes/eventpage/us6000tn29"}},
{"type":"Feature","id":"us7000tbw0","geometry":{"type":"Point","coordinates":[-70.986,-25.486]},"properties":{"mag":4.2,"lugar":"51 km W of Taltal, Chile","tiempo":1787708221175,"prof":36.1,"url":"https://earthquake.usgs.gov/earthquakes/eventpage/us7000tbw0"}},
{"type":"Feature","id":"us7000tbyb","geometry":{"type":"Point","coordinates":[-69.448,-26.123]},"properties":{"mag":4.4,"lugar":"66 km ENE of Diego de Almagro, Chile","tiempo":1787741943711,"prof":103.6,"url":"https://earthquake.usgs.gov/earthquakes/eventpage/us7000tbyb"}},
{"type":"Feature","id":"us7000tc3j","geometry":{"type":"Point","coordinates":[-71.456,-35.313]},"properties":{"mag":4.2,"lugar":"22 km NE of Talca, Chile","tiempo":1787782992555,"prof":78.8,"url":"https://earthquake.usgs.gov/earthquakes/eventpage/us7000tc3j"}},
{"type":"Feature","id":"us7000tc43","geometry":{"type":"Point","coordinates":[-68.698,-21.331]},"properties":{"mag":4.7,"lugar":"47 km WSW of Ollagüe, Chile","tiempo":1787786402625,"prof":122.2,"url":"https://earthquake.usgs.gov/earthquakes/eventpage/us7000tc43"}},
{"type":"Feature","id":"us7000tc7m","geometry":{"type":"Point","coordinates":[-66.1,-22.806]},"properties":{"mag":4.3,"lugar":"42 km WSW of Abra Pampa, Argentina","tiempo":1787809993102,"prof":259.4,"url":"https://earthquake.usgs.gov/earthquakes/eventpage/us7000tc7m"}},
{"type":"Feature","id":"us7000tcc3","geometry":{"type":"Point","coordinates":[-69.441,-17.571]},"properties":{"mag":4.5,"lugar":"59 km ENE of Palca, Peru","tiempo":1787852441842,"prof":144.0,"url":"https://earthquake.usgs.gov/earthquakes/eventpage/us7000tcc3"}},
{"type":"Feature","id":"us7000tcjv","geometry":{"type":"Point","coordinates":[-68.437,-21.186]},"properties":{"mag":4.5,"lugar":"19 km WNW of Ollagüe, Chile","tiempo":1787926314174,"prof":121.5,"url":"https://earthquake.usgs.gov/earthquakes/eventpage/us7000tcjv"}},
{"type":"Feature","id":"us7000tcpf","geometry":{"type":"Point","coordinates":[-69.975,-18.874]},"properties":{"mag":4.4,"lugar":"38 km NE of Cuya, Chile","tiempo":1787949876572,"prof":84.8,"url":"https://earthquake.usgs.gov/earthquakes/eventpage/us7000tcpf"}},
{"type":"Feature","id":"us7000tcqp","geometry":{"type":"Point","coordinates":[-69.391,-23.951]},"properties":{"mag":4.3,"lugar":"107 km ESE of Antofagasta, Chile","tiempo":1787960883716,"prof":78.7,"url":"https://earthquake.usgs.gov/earthquakes/eventpage/us7000tcqp"}},
{"type":"Feature","id":"us7000tcvp","geometry":{"type":"Point","coordinates":[-67.583,-22.674]},"properties":{"mag":4.5,"lugar":"68 km ENE of San Pedro de Atacama, Chile","tiempo":1788045977492,"prof":160.1,"url":"https://earthquake.usgs.gov/earthquakes/eventpage/us7000tcvp"}},
{"type":"Feature","id":"us7000tcwp","geometry":{"type":"Point","coordinates":[-70.438,-22.195]},"properties":{"mag":4.7,"lugar":"27 km WSW of Tocopilla, Chile","tiempo":1788067190926,"prof":50.1,"url":"https://earthquake.usgs.gov/earthquakes/eventpage/us7000tcwp"}},
{"type":"Feature","id":"us7000tczt","geometry":{"type":"Point","coordinates":[-69.653,-18.206]},"properties":{"mag":4.7,"lugar":"57 km SE of Palca, Peru","tiempo":1788105848735,"prof":113.1,"url":"https://earthquake.usgs.gov/earthquakes/eventpage/us7000tczt"}},
{"type":"Feature","id":"us7000td7k","geometry":{"type":"Point","coordinates":[-70.839,-25.751]},"properties":{"mag":4.3,"lugar":"52 km SW of Taltal, Chile","tiempo":1788211816491,"prof":28.6,"url":"https://earthquake.usgs.gov/earthquakes/eventpage/us7000td7k"}},
{"type":"Feature","id":"us7000tdbi","geometry":{"type":"Point","coordinates":[-71.902,-29.34]},"properties":{"mag":4.6,"lugar":"87 km NW of Coquimbo, Chile","tiempo":1788264950103,"prof":10,"url":"https://earthquake.usgs.gov/earthquakes/eventpage/us7000tdbi"}},
{"type":"Feature","id":"us7000tdia","geometry":{"type":"Point","coordinates":[-69.129,-20.907]},"properties":{"mag":4.1,"lugar":"83 km SE of La Tirana, Chile","tiempo":1788318085923,"prof":109.7,"url":"https://earthquake.usgs.gov/earthquakes/eventpage/us7000tdia"}},
{"type":"Feature","id":"us7000tdua","geometry":{"type":"Point","coordinates":[-68.311,-23.083]},"properties":{"mag":4.4,"lugar":"22 km SSW of San Pedro de Atacama, Chile","tiempo":1788414736344,"prof":139.4,"url":"https://earthquake.usgs.gov/earthquakes/eventpage/us7000tdua"}},
{"type":"Feature","id":"us7000tduc","geometry":{"type":"Point","coordinates":[-71.508,-29.762]},"properties":{"mag":5.1,"lugar":"26 km NW of Coquimbo, Chile","tiempo":1788415443130,"prof":59.4,"url":"https://earthquake.usgs.gov/earthquakes/eventpage/us7000tduc"}},
{"type":"Feature","id":"us7000te5e","geometry":{"type":"Point","coordinates":[-71.242,-31.876]},"properties":{"mag":4.8,"lugar":"27 km SSW of Illapel, Chile","tiempo":1788470301480,"prof":84.4,"url":"https://earthquake.usgs.gov/earthquakes/eventpage/us7000te5e"}},
{"type":"Feature","id":"us7000te8p","geometry":{"type":"Point","coordinates":[-68.564,-21.339]},"properties":{"mag":4.5,"lugar":"34 km WSW of Ollagüe, Chile","tiempo":1788504486909,"prof":125.4,"url":"https://earthquake.usgs.gov/earthquakes/eventpage/us7000te8p"}},
{"type":"Feature","id":"us7000tehv","geometry":{"type":"Point","coordinates":[-66.537,-26.088]},"properties":{"mag":4.6,"lugar":"56 km W of Cafayate, Argentina","tiempo":1788591299988,"prof":10,"url":"https://earthquake.usgs.gov/earthquakes/eventpage/us7000tehv"}},
{"type":"Feature","id":"us7000tei1","geometry":{"type":"Point","coordinates":[-68.931,-20.49]},"properties":{"mag":4.4,"lugar":"77 km ESE of La Tirana, Chile","tiempo":1788593303913,"prof":109.4,"url":"https://earthquake.usgs.gov/earthquakes/eventpage/us7000tei1"}},
{"type":"Feature","id":"us7000tei5","geometry":{"type":"Point","coordinates":[-67.719,-21.273]},"properties":{"mag":4.3,"lugar":"55 km E of Ollagüe, Chile","tiempo":1788595981712,"prof":217.3,"url":"https://earthquake.usgs.gov/earthquakes/eventpage/us7000tei5"}},
{"type":"Feature","id":"us7000tej2","geometry":{"type":"Point","coordinates":[-66.718,-26.108]},"properties":{"mag":5.1,"lugar":"69 km E of Antofagasta de la Sierra, Argentina","tiempo":1788608232553,"prof":10,"url":"https://earthquake.usgs.gov/earthquakes/eventpage/us7000tej2"}},
{"type":"Feature","id":"us7000telw","geometry":{"type":"Point","coordinates":[-69.935,-20.621]},"properties":{"mag":3.5,"lugar":"42 km SSE of La Tirana, Chile","tiempo":1788658045731,"prof":50.0,"url":"https://earthquake.usgs.gov/earthquakes/eventpage/us7000telw"}},
{"type":"Feature","id":"us7000ten3","geometry":{"type":"Point","coordinates":[-72.525,-38.6]},"properties":{"mag":4.3,"lugar":"10 km SW of Lautaro, Chile","tiempo":1788674947086,"prof":64.6,"url":"https://earthquake.usgs.gov/earthquakes/eventpage/us7000ten3"}},
{"type":"Feature","id":"us7000tenr","geometry":{"type":"Point","coordinates":[-72.765,-17.21]},"properties":{"mag":4.2,"lugar":"65 km S of Camaná, Peru","tiempo":1788686066925,"prof":35,"url":"https://earthquake.usgs.gov/earthquakes/eventpage/us7000tenr"}},
{"type":"Feature","id":"us7000tent","geometry":{"type":"Point","coordinates":[-66.576,-26.196]},"properties":{"mag":4.6,"lugar":"61 km WSW of Cafayate, Argentina","tiempo":1788686677230,"prof":10,"url":"https://earthquake.usgs.gov/earthquakes/eventpage/us7000tent"}},
{"type":"Feature","id":"us7000tep0","geometry":{"type":"Point","coordinates":[-68.704,-22.234]},"properties":{"mag":4.8,"lugar":"33 km NE of Calama, Chile","tiempo":1788691172174,"prof":115.5,"url":"https://earthquake.usgs.gov/earthquakes/eventpage/us7000tep0"}},
{"type":"Feature","id":"us7000teqp","geometry":{"type":"Point","coordinates":[-68.518,-21.612]},"properties":{"mag":4.2,"lugar":"50 km SSW of Ollagüe, Chile","tiempo":1788707269982,"prof":121.6,"url":"https://earthquake.usgs.gov/earthquakes/eventpage/us7000teqp"}},
{"type":"Feature","id":"us7000tez1","geometry":{"type":"Point","coordinates":[-69.238,-25.032]},"properties":{"mag":4.5,"lugar":"132 km ENE of Taltal, Chile","tiempo":1788818078726,"prof":89.9,"url":"https://earthquake.usgs.gov/earthquakes/eventpage/us7000tez1"}},
{"type":"Feature","id":"us7000tez5","geometry":{"type":"Point","coordinates":[-71.335,-35.545]},"properties":{"mag":4.3,"lugar":"13 km E of San Clemente, Chile","tiempo":1788819936802,"prof":108.3,"url":"https://earthquake.usgs.gov/earthquakes/eventpage/us7000tez5"}},
{"type":"Feature","id":"us7000tfqh","geometry":{"type":"Point","coordinates":[-67.187,-24.144]},"properties":{"mag":4.3,"lugar":"88 km W of San Antonio de los Cobres, Argentina","tiempo":1788830655300,"prof":167.7,"url":"https://earthquake.usgs.gov/earthquakes/eventpage/us7000tfqh"}},
{"type":"Feature","id":"us7000tft4","geometry":{"type":"Point","coordinates":[-68.886,-23.388]},"properties":{"mag":4.2,"lugar":"87 km SW of San Pedro de Atacama, Chile","tiempo":1788863619128,"prof":99.6,"url":"https://earthquake.usgs.gov/earthquakes/eventpage/us7000tft4"}},
{"type":"Feature","id":"us7000tfty","geometry":{"type":"Point","coordinates":[-68.824,-21.407]},"properties":{"mag":4.7,"lugar":"62 km WSW of Ollagüe, Chile","tiempo":1788874928931,"prof":110.7,"url":"https://earthquake.usgs.gov/earthquakes/eventpage/us7000tfty"}},
{"type":"Feature","id":"us7000tfzh","geometry":{"type":"Point","coordinates":[-68.72,-22.424]},"properties":{"mag":4.2,"lugar":"21 km E of Calama, Chile","tiempo":1788927454860,"prof":120.2,"url":"https://earthquake.usgs.gov/earthquakes/eventpage/us7000tfzh"}},
{"type":"Feature","id":"us7000tg12","geometry":{"type":"Point","coordinates":[-66.505,-26.139]},"properties":{"mag":5,"lugar":"53 km W of Cafayate, Argentina","tiempo":1788948417170,"prof":10,"url":"https://earthquake.usgs.gov/earthquakes/eventpage/us7000tg12"}},
{"type":"Feature","id":"us7000tg1k","geometry":{"type":"Point","coordinates":[-70.567,-20.633]},"properties":{"mag":4.3,"lugar":"60 km SW of La Tirana, Chile","tiempo":1788954361632,"prof":30.6,"url":"https://earthquake.usgs.gov/earthquakes/eventpage/us7000tg1k"}},
{"type":"Feature","id":"us7000tg7v","geometry":{"type":"Point","coordinates":[-69.251,-21.004]},"properties":{"mag":4.3,"lugar":"85 km SSE of La Tirana, Chile","tiempo":1789005456234,"prof":123.0,"url":"https://earthquake.usgs.gov/earthquakes/eventpage/us7000tg7v"}},
{"type":"Feature","id":"us7000tgjw","geometry":{"type":"Point","coordinates":[-69.391,-19.686]},"properties":{"mag":4,"lugar":"41 km S of Camiña, Chile","tiempo":1789110294348,"prof":100.9,"url":"https://earthquake.usgs.gov/earthquakes/eventpage/us7000tgjw"}},
{"type":"Feature","id":"us7000tguq","geometry":{"type":"Point","coordinates":[-75.815,-45.718]},"properties":{"mag":4.9,"lugar":"235 km W of Puerto Chacabuco, Chile","tiempo":1789165943645,"prof":10,"url":"https://earthquake.usgs.gov/earthquakes/eventpage/us7000tguq"}},
{"type":"Feature","id":"us7000th0g","geometry":{"type":"Point","coordinates":[-70.368,-17.266]},"properties":{"mag":4.3,"lugar":"1 km E of Camilaca, Peru","tiempo":1789229076167,"prof":122.7,"url":"https://earthquake.usgs.gov/earthquakes/eventpage/us7000th0g"}},
{"type":"Feature","id":"us7000th65","geometry":{"type":"Point","coordinates":[-72.547,-33.331]},"properties":{"mag":3.9,"lugar":"90 km WNW of Cartagena, Chile","tiempo":1789302974144,"prof":10,"url":"https://earthquake.usgs.gov/earthquakes/eventpage/us7000th65"}},
{"type":"Feature","id":"us7000th7y","geometry":{"type":"Point","coordinates":[-66.612,-26.151]},"properties":{"mag":4.7,"lugar":"64 km W of Cafayate, Argentina","tiempo":1789328425496,"prof":10,"url":"https://earthquake.usgs.gov/earthquakes/eventpage/us7000th7y"}},
{"type":"Feature","id":"us7000than","geometry":{"type":"Point","coordinates":[-66.999,-24.131]},"properties":{"mag":4.4,"lugar":"69 km W of San Antonio de los Cobres, Argentina","tiempo":1789362192877,"prof":189.0,"url":"https://earthquake.usgs.gov/earthquakes/eventpage/us7000than"}},
{"type":"Feature","id":"us7000thlk","geometry":{"type":"Point","coordinates":[-66.052,-18.101]},"properties":{"mag":4.2,"lugar":"48 km SSE of Irpa Irpa, Bolivia","tiempo":1789480221979,"prof":363.5,"url":"https://earthquake.usgs.gov/earthquakes/eventpage/us7000thlk"}},
{"type":"Feature","id":"us7000thni","geometry":{"type":"Point","coordinates":[-66.465,-25.427]},"properties":{"mag":4.4,"lugar":"45 km SW of Cachí, Argentina","tiempo":1789494085931,"prof":191.0,"url":"https://earthquake.usgs.gov/earthquakes/eventpage/us7000thni"}},
{"type":"Feature","id":"us7000ti3n","geometry":{"type":"Point","coordinates":[-73.437,-40.635]},"properties":{"mag":4.6,"lugar":"26 km WSW of Osorno, Chile","tiempo":1789660278117,"prof":59.7,"url":"https://earthquake.usgs.gov/earthquakes/eventpage/us7000ti3n"}},
{"type":"Feature","id":"us7000ti67","geometry":{"type":"Point","coordinates":[-69.266,-21.955]},"properties":{"mag":4.2,"lugar":"59 km NE of María Elena, Chile","tiempo":1789683101970,"prof":82.7,"url":"https://earthquake.usgs.gov/earthquakes/eventpage/us7000ti67"}},
{"type":"Feature","id":"us7000tib9","geometry":{"type":"Point","coordinates":[-69.394,-18.147]},"properties":{"mag":4.1,"lugar":"72 km SE of Palca, Peru","tiempo":1789742559134,"prof":152.1,"url":"https://earthquake.usgs.gov/earthquakes/eventpage/us7000tib9"}},
{"type":"Feature","id":"us7000tid4","geometry":{"type":"Point","coordinates":[-70.317,-33.322]},"properties":{"mag":4.8,"lugar":"28 km ENE of Villa Presidente Frei, Chile","tiempo":1789750327849,"prof":100.1,"url":"https://earthquake.usgs.gov/earthquakes/eventpage/us7000tid4"}},
{"type":"Feature","id":"us7000tijq","geometry":{"type":"Point","coordinates":[-71.575,-29.723]},"properties":{"mag":4.4,"lugar":"34 km NW of Coquimbo, Chile","tiempo":1789824303351,"prof":39.0,"url":"https://earthquake.usgs.gov/earthquakes/eventpage/us7000tijq"}},
{"type":"Feature","id":"us7000tiq2","geometry":{"type":"Point","coordinates":[-66.612,-25.987]},"properties":{"mag":5.3,"lugar":"64 km W of Cafayate, Argentina","tiempo":1789894074457,"prof":10,"url":"https://earthquake.usgs.gov/earthquakes/eventpage/us7000tiq2"}},
{"type":"Feature","id":"us7000tirs","geometry":{"type":"Point","coordinates":[-68.57,-22.963]},"properties":{"mag":4.6,"lugar":"38 km W of San Pedro de Atacama, Chile","tiempo":1789912515584,"prof":110.7,"url":"https://earthquake.usgs.gov/earthquakes/eventpage/us7000tirs"}},
{"type":"Feature","id":"us7000tixc","geometry":{"type":"Point","coordinates":[-71.868,-22.364]},"properties":{"mag":5.2,"lugar":"167 km WNW of Mejillones, Chile","tiempo":1789991308996,"prof":10,"url":"https://earthquake.usgs.gov/earthquakes/eventpage/us7000tixc"}},
{"type":"Feature","id":"us7000tixg","geometry":{"type":"Point","coordinates":[-68.989,-21.264]},"properties":{"mag":4.7,"lugar":"76 km W of Ollagüe, Chile","tiempo":1789993025292,"prof":121.2,"url":"https://earthquake.usgs.gov/earthquakes/eventpage/us7000tixg"}},
{"type":"Feature","id":"us7000tizh","geometry":{"type":"Point","coordinates":[-67.539,-22.043]},"properties":{"mag":4.5,"lugar":"116 km SE of Ollagüe, Chile","tiempo":1790012322560,"prof":193.2,"url":"https://earthquake.usgs.gov/earthquakes/eventpage/us7000tizh"}},
{"type":"Feature","id":"us7000tj4l","geometry":{"type":"Point","coordinates":[-68.659,-21.985]},"properties":{"mag":4.3,"lugar":"58 km NNE of Calama, Chile","tiempo":1790069710144,"prof":111.0,"url":"https://earthquake.usgs.gov/earthquakes/eventpage/us7000tj4l"}},
{"type":"Feature","id":"us6000tx0f","geometry":{"type":"Point","coordinates":[-71.376,-29.619]},"properties":{"mag":4.2,"lugar":"33 km NNW of La Serena, Chile","tiempo":1790132828275,"prof":62.4,"url":"https://earthquake.usgs.gov/earthquakes/eventpage/us6000tx0f"}},
{"type":"Feature","id":"us6000tx29","geometry":{"type":"Point","coordinates":[-67.291,-28.73]},"properties":{"mag":5.3,"lugar":"51 km WSW of Arauco, Argentina","tiempo":1790155274600,"prof":121.5,"url":"https://earthquake.usgs.gov/earthquakes/eventpage/us6000tx29"}},
{"type":"Feature","id":"us6000tx4w","geometry":{"type":"Point","coordinates":[-66.889,-24.081]},"properties":{"mag":4.6,"lugar":"59 km WNW of San Antonio de los Cobres, Argentina","tiempo":1790182117858,"prof":193.2,"url":"https://earthquake.usgs.gov/earthquakes/eventpage/us6000tx4w"}},
{"type":"Feature","id":"us6000tx7j","geometry":{"type":"Point","coordinates":[-70.299,-24.067]},"properties":{"mag":3.8,"lugar":"46 km SSE of Antofagasta, Chile","tiempo":1790211022231,"prof":37.3,"url":"https://earthquake.usgs.gov/earthquakes/eventpage/us6000tx7j"}},
{"type":"Feature","id":"us6000tx9m","geometry":{"type":"Point","coordinates":[-72.106,-33.829]},"properties":{"mag":4.3,"lugar":"53 km WSW of San Antonio, Chile","tiempo":1790233625252,"prof":31.4,"url":"https://earthquake.usgs.gov/earthquakes/eventpage/us6000tx9m"}},
{"type":"Feature","id":"us6000txhl","geometry":{"type":"Point","coordinates":[-71.293,-37.462]},"properties":{"mag":4.2,"lugar":"63 km WSW of Andacollo, Argentina","tiempo":1790291974354,"prof":174.3,"url":"https://earthquake.usgs.gov/earthquakes/eventpage/us6000txhl"}},
{"type":"Feature","id":"us6000txme","geometry":{"type":"Point","coordinates":[-72.108,-33.966]},"properties":{"mag":5.2,"lugar":"62 km SW of San Antonio, Chile","tiempo":1790350149560,"prof":29.1,"url":"https://earthquake.usgs.gov/earthquakes/eventpage/us6000txme"}},
{"type":"Feature","id":"us6000txut","geometry":{"type":"Point","coordinates":[-68.868,-21.352]},"properties":{"mag":4.4,"lugar":"65 km WSW of Ollagüe, Chile","tiempo":1790452091508,"prof":118.9,"url":"https://earthquake.usgs.gov/earthquakes/eventpage/us6000txut"}},
{"type":"Feature","id":"us6000txwk","geometry":{"type":"Point","coordinates":[-75.19,-37.136]},"properties":{"mag":4.5,"lugar":"145 km WNW of Lebu, Chile","tiempo":1790482484454,"prof":10,"url":"https://earthquake.usgs.gov/earthquakes/eventpage/us6000txwk"}},
{"type":"Feature","id":"us6000ty01","geometry":{"type":"Point","coordinates":[-72.623,-43.086]},"properties":{"mag":4.4,"lugar":"20 km SSE of Chaitén, Chile","tiempo":1790535343715,"prof":10,"url":"https://earthquake.usgs.gov/earthquakes/eventpage/us6000ty01"}}
]}
